id,created_at,updated_at,canceled_at,in_open_list,completion_date_time,reparation_start_date_time,reparation_end_date_time,vehicle_id,contact_id,license_plate,vehicle_identification_number,manufacturer,model,model_type,first_registration,mileage,company,salutation_id,first_name,last_name,street,zip_code,city,email,phone,customer_number,state_id,state_name,state_category,state_ids,order_count,order_numbers,insurer_id,is_huk_relevant,workshop_task_count,work_load_total,gt_case_type,gt_case_kind,gt_zones,gt_severity,gt_insurance_type,gt_lifecycle_stage,freitext
852719,2026-03-21 14:24:01,2026-04-01 07:35:37,,true,2026-03-31 17:35:37,2026-03-27 12:18:44,2026-03-31 15:18:44,118381,148527,QQL-EG 396,ZZH05BYC0RH274567,VW,Tiguan,5N,2014-05-01,229651,,2,Tobias,Vogt,Kiefernweg 118,99084,Erfurt,tobias.vogt32@example.net,+49 (0)175 7380338,387413,12,👍 Fertig zur Abholung,Vorgangsstatus,12|926|612,3,169348|234173|074513,,false,4,137,service,Inspektion,,,,fertig,"VW Tiguan, QQL-EG 396, km 229651
Inspektion: Große Inspektion inkl. Innenraumfilter.
Scheibenwischer schmieren, bitte erneuern.
Rückruf erwünscht bevor zusätzliche Arbeiten.
Termin steht, Dauer ca. 2 Tage."
897113,2026-02-08 17:26:59,2026-03-05 22:43:03,,false,2026-03-05 12:43:03,2026-03-03 16:58:09,2026-03-03 21:58:09,129798,159821,XQM-S 510,ZZBJ4PV24X0314218,VW,Golf,5H,2012-05-17,287999,,,Klaus,Graf,An der Bleiche 6,53111,Bonn,,+49 151 8775617,977523,9,🏁 Abgeholt,Vorgangsstatus,9|238|613,0,,,false,2,90,service,Räder und Reifen,,,,abgeschlossen,"VW Golf, XQM-S 510
Räder und Reifen: Neue Reifen hinten, Kostenangebot Reifen erwünscht.
Batterie schwach, Startprobleme morgens.
Kunde wartet, bitte zügig. Fzg. bleibt über Nacht da.
~~~~~~~~~~~~~
15.02.26 21:26 SB: Rechnung geschrieben"
847039,2026-02-03 07:50:38,2026-02-05 21:27:19,,true,,2026-02-05 15:27:19,,113510,155711,QQA-CW 5800,ZZC766YD8SZ385627,Ford,Fiesta,JHH,2015-04-25,269227,,1,Markus,Kliemann,Lerchenstrasse 43,06108,Halle (Saale),markus.kliemann@example.de,0174 2927420,203189,18,☢️ Auftrag steht ☢️,Vorgangsstatus,18|184|1249,1,007593,,false,1,11,service,HU/AU,,,,laufend,"Ford Fiesta, QQA-CW 5800, km 269227
Kunde meldet: TÜV/HU mit Abgasuntersuchung.
Batterie schwach, Startprobleme morgens.
Bitte anrufen wenn mehr anfällt als besprochen.
Termin nach Teileeingang.
~~~~~~~~~~~~~
08.02.26 12:50 Lack: Kalkulation fertig, an Prüfer
13.02.26 17:50 Teiledienst: Fzg. gewaschen, abholbereit"
842879,2026-02-09 11:26:59,2026-02-17 12:58:57,,true,2026-02-16 14:58:57,2026-02-11 11:36:02,2026-02-13 16:36:02,126851,158658,QQZ-LD 1,ZZCNDUXH9X7882534,Ford,Focus Turnier,DEH,2024-11-15,12686,,1,Marco,Beck,Rosmarinweg 74,06108,Halle (Saale),,+49 178 1639644,054093,1153,👆🚚 Bringservice mit Folgetermin,Vorgangsstatus,1153|398|101|996,2,294866|556378,,false,4,251,service,HU/AU,,,,fertig,"Fzg. vorgefahren, HU/AU fällig, bitte mit Vorabcheck.
Bitte anrufen wenn mehr anfällt als besprochen.
Kunde ist informiert, meldet sich.
~~~~~~~~~~~~~
10.02.26 14:26 TS: Leihwagen reserviert"
860796,2026-03-05 10:44:02,2026-03-06 03:44:02,,true,,,,127386,158884,QQD-TL 7555,ZZG0UFGF3V2702042,Audi,A4 Avant,8W,2019-06-04,149906,,1,Maria,Stein,Am Muehlbach 138,95444,Bayreuth,maria.stein76@example.de,0155 0234368,106389,28,❓Termin unsicher,Vorgangsstatus,28|396|2|998,1,968834,,false,1,77,service,HU/AU,,,,neu,"Lt. Kunde: TÜV/HU mit Abgasuntersuchung.
Kunde holt am Abend ab. Abholung durch Kunde am Nachmittag."
862377,2026-08-10 16:18:33,2026-09-07 16:01:19,,false,2026-09-07 13:01:19,2026-09-02 07:53:46,2026-09-05 14:53:46,100110,138733,ZQB-G 7,ZZBTY5VE1VE930339,BMW,X1,U11,2018-07-25,90927,,,Florian,Krause,Espenstrasse 124,86150,Augsburg,,+49 152 4619737,486964,36,🏁🔜Abgeholt/Ausgeliefert - Folgetermin offen,Vorgangsstatus,36|392,2,240006|258467,,false,3,172,service,Räder und Reifen,,,,abgeschlossen,"Kunde kommt ohne Termin, Räderwechsel mit Wuchten, Reifendruck prüfen.
Kunde ist informiert, meldet sich."
885968,2026-06-24 15:24:31,2026-07-10 05:51:46,,true,,2026-07-09 09:51:46,,128467,152966,XQE-AV 89,ZZB731F52X5592055,Audi,Q2,GA,2022-09-24,26841,,2,Elke,Wendt,Akazienweg 46,34117,Kassel,,+49 173 7935959,396994,157,🛒MECHANIK Teile vorab bestellen!,Vorgangsstatus,157|1308,1,628960,,false,0,0,service,HU/AU,,,,laufend,"Kunde meldet: TÜV/HU mit Abgasuntersuchung.
Servicerückstellung nicht erfolgt, bitte mitmachen.
Leihwagen ja.
Ersatzteil im Rückstand, Kunde informiert.
~~~~~~~~~~~~~
29.06.26 19:24 A. Kaiser: Leihwagen reserviert"
865479,2026-06-18 08:33:53,2026-06-18 22:33:53,,true,,,,115098,134014,QQC-UA 37,ZZJHSDDD6RM356086,Audi,A1 Sportback,GB,2017-06-12,203153,,,Yvonne,Wendt,Veilchenweg 91,60313,Frankfurt am Main,yvonne.wendt@example.org,+49 (0)155 3905123,493799,1559,"🔧📞 Mechanik Termin bitte vereinbaren /Teile, Freigabe eingetroffen",Vorgangsstatus,1559|236|406|499,1,879727,,false,0,0,service,Räder und Reifen,,,,neu,"Räder und Reifen: Räderwechsel mit Wuchten, Reifendruck prüfen.
Bitte Softwarestand prüfen, Rückruf offen.
Kunde wünscht Kostenrahmen vorab.
Fotos liegen im Vorgang."
849692,2026-01-18 13:57:00,2026-01-19 22:57:00,,true,,,,120932,145629,XQ-P 8707,ZZHY49LD9VF566321,Mercedes,GLC,X254,2022-06-21,99756,,,Sven,Kaiser,Lerchenstrasse 101,79098,Freiburg,sven_kaiser@example.com,0162 8565390,748702,1480,Hagel Termin vereinbaren !,Vorgangsstatus,1480|236|110,1,127624,,false,2,135,service,Bremsen,,,,neu,"Mercedes GLC, XQ-P 8707, km 99756
Bei der Annahme festgestellt: Bremsbeläge vorne unter Mindeststärke.
Batterie schwach, Startprobleme morgens.
Rückruf erwünscht bevor zusätzliche Arbeiten. Abholung durch Kunde am Nachmittag.
Bitte Wiedervorlage in einer Woche.
~~~~~~~~~~~~~
20.01.26 14:57 TS: Leihwagen reserviert
22.01.26 17:57 S. Lang: KD informiert, Termin steht"
834726,2026-05-05 16:28:47,2026-05-06 13:28:47,,true,,,,123228,142914,QQN-JC 1499,ZZBUFFVB2SA630267,Ford,Kuga,CX482,2014-07-13,86994,,,Hannah,Hartmann,Am Alten Sportplatz 103,33098,Paderborn,hhartmann@example.com,+49 176 6326418,241218,88,🙂Vorgang angelegt,Vorgangsstatus,88|949|1080|501,1,159078,104,false,4,109,damage,Vandalismus,Kotflügel hinten rechts|Fahrertür|Kotflügel vorne rechts,leicht,vollkasko,neu,"Kunde meldet: Vandalismus, Schaden am 04.05. entdeckt. Kotflügel hinten rechts: Kratzer im Klarlack, ca. 5 cm.
Fahrertür ebenfalls: feine Kratzspuren.
Auch Kotflügel vorne rechts beschädigt (Kratzer im Klarlack).
Kunde möchte Fzg. bis Monatsende zurück. Kunde wartet vor Ort.
Vollkasko, SB 500 EUR, Schadenmeldung raus.
Nach Zerlegung nachkalkulieren.
~~~~~~~~~~~~~
11.05.26 16:28 Servicebüro: Kalkulation fertig, an Prüfer
18.05.26 19:28 A. Thiel: Freigabe Versicherung eingetroffen
19.05.26 22:28 A. Thiel: KD informiert, Termin steht"
854904,2026-02-03 17:14:38,2026-02-11 07:54:55,,true,2026-02-10 07:54:55,2026-02-04 17:53:23,2026-02-10 00:53:23,122474,137063,QX-Y 27,ZZE9595G9X9062746,VW,Touran,5T,2021-03-20,101016,Kieswerk Bau GmbH & Co. KG,3,,,Espenstrasse 113,12587,Berlin,kontakt_hartmann@example.com,+49 151 8838512,182359,12,👍 Fertig zur Abholung,Vorgangsstatus,12|1010|1085|1605|612|1173,0,,,false,1,63,damage,Parkschaden,Heckklappe,mittel,haftpflicht_gegner,fertig,"VW Touran, QX-Y 27, km 101016
Kunde berichtet: Parkschaden, Schaden am 26.01. entdeckt. Schaden an Heckklappe, Kunststoff eingedrückt, handtellergroß.
Kunde bittet um Rückruf bis Freitag. Kunde wartet vor Ort.
Gegnerische Haftpflicht reguliert, Haftung anerkannt.
Bitte Lackabgleich, Farbton prüfen.
~~~~~~~~~~~~~
04.02.26 18:14 K. Brandt: Rechnung geschrieben"
844782,2026-06-26 15:20:11,2026-06-28 03:20:11,2026-06-26 08:33:30,false,,,,106438,134942,XQM-P 4774,ZZD08XL9XR9610754,Ford,Transit Custom,V362,2012-05-17,293483,,3,Sven,Krause,Zedernweg 101,55116,Mainz,skrause@example.net,0177 2936198,348038,35,☹️Absage Termin,Vorgangsstatus,35|484|611,2,509987|367370,,false,2,82,service,Räder und Reifen,,,,storniert,"Kunde bringt Fzg., Räderwechsel Sommer auf Winter, Einlagerung vorhanden.
Kunde holt am Abend ab.
~~~~~~~~~~~~~
02.07.26 16:20 Servicebüro: Freigabe Versicherung eingetroffen"
849332,2026-06-28 12:50:22,2026-06-30 02:50:22,2026-06-28 14:12:53,false,,,,120339,150176,QQE-A 420,ZZCSZYWX4WJ837345,Ford,Focus Turnier,DEH,2023-07-26,73068,,2,Andreas,Ziegler,Nelkenstrasse 81,20359,Hamburg,andreas.ziegler@example.org,0162/9349930,788652,40,❌ Auftrag storniert,Vorgangsstatus,40|394|438|1172,1,757096,,false,0,0,service,Inspektion,,,,storniert,"Anruf Kunde: Inspektion nach Herstellervorgabe.
Batterie schwach, Startprobleme morgens.
Kunde wartet, bitte zügig. Abholung durch Kunde am Nachmittag.
Ersatzteil im Rückstand, Kunde informiert.
~~~~~~~~~~~~~
05.07.26 13:50 Lack: Fzg. gewaschen, abholbereit"
868499,2026-03-07 12:33:32,2026-03-17 16:17:02,,true,,2026-03-16 15:17:02,,116609,150300,XQM-VW 5250,ZZHL0BZ17T6801824,Seat,Leon,KL1,2013-03-02,262561,,,Elke,Krause,Birkenweg 36,40213,Duesseldorf,,+49 160 5686643,222515,18,☢️ Auftrag steht ☢️,Vorgangsstatus,18|394|486|50,1,278201,,false,1,32,service,HU/AU,,,,laufend,"Kunde meldet: TÜV Termin, Fzg. vorher durchsehen.
Rückruf erwünscht bevor zusätzliche Arbeiten. Leihwagen ja, Hol- und Bringservice ja.
Termin nach Teileeingang.
~~~~~~~~~~~~~
09.03.26 17:33 Dispo: Endkontrolle offen
11.03.26 17:33 Lack: Leihwagen reserviert"
823107,2026-03-27 16:13:43,2026-03-28 20:13:43,,true,,,,107493,140217,XQE-ST 64,ZZGTLNLH9YT526579,Ford,Focus Turnier,DEH,2025-08-07,14442,,2,Florian,Frank,Am Muehlbach 57,34117,Kassel,florian.frank17@example.org,0175 0671551,300731,436,👋 Termin bitte vereinbaren /Teile/Freigabe/etc. eingetroffen,Vorgangsstatus,436|937|1084|1598,1,352969,128,false,1,59,damage,Auffahrunfall,Kotflügel vorne links,mittel,haftpflicht_gegner,neu,"KD meldet telefonisch: Auffahrunfall, Unfall am 22.03. Kotflügel vorne links: Riss im Lack, ca. 3 cm Durchmesser.
Bitte KVA vor Reparatur abstimmen.
Gegnerische Haftpflicht reguliert, Haftung anerkannt.
Teile bestellt, Liefertermin offen.
~~~~~~~~~~~~~
03.04.26 18:13 Lack: Rückruf nicht erreicht, Mailbox"
843691,2026-01-05 08:13:05,2026-01-20 18:34:08,,false,2026-01-19 17:34:08,2026-01-15 09:50:18,2026-01-18 12:50:18,118392,145598,QX-R 808,ZZC4P1JT9RB265102,Ford,Focus Turnier,DEH,2014-06-25,139539,,,Dirk,Scholz,Zedernweg 11,34117,Kassel,dscholz@example.de,0177 4003778,254994,121,abgerechnet ! Auftrag erledigt abgeschlossen,Vorgangsstatus,121|395|45,1,400146,,false,2,83,service,Räder und Reifen,,,,abgeschlossen,"Räder und Reifen: Räderwechsel Sommer auf Winter, Einlagerung vorhanden.
Kontrollleuchte Reifendruck ist an.
Rückruf erwünscht bevor zusätzliche Arbeiten.
~~~~~~~~~~~~~
09.01.26 11:13 Teiledienst: Fzg. in Halle, Zerlegung begonnen
11.01.26 16:13 N. Herrmann: Teile bestellt, Nachricht an Dispo
18.01.26 18:13 Lack: Fzg. gewaschen, abholbereit"
854758,2026-04-21 12:29:00,2026-05-13 07:49:19,,true,,2026-05-12 17:49:19,,105783,152175,ZQL-W 41,ZZHZN5994VF650687,BMW,5er Limousine,G30,2026-06-20,9216,,2,Michael,Lang,Quittenweg 81,79098,Freiburg,michael.lang@example.org,+49 (0)175 3053968,792650,11,👽💣Rückstand ohne Termin! Teilerückstand Fzg. bei uns,Vorgangsstatus,11|236|648|1449,1,233913,,false,2,132,service,Bremsen,,,,laufend,"Bremsen: Bremsscheiben hinten riefig, Kunde meldet Rubbeln.
Kunde meldet Vibration ab 120 km/h.
Bitte anrufen wenn mehr anfällt als besprochen.
~~~~~~~~~~~~~
24.04.26 14:29 SB: Rechnung geschrieben"
828503,2026-03-27 16:42:44,2026-04-19 01:24:30,,false,2026-04-18 14:24:30,2026-04-16 08:36:31,2026-04-16 14:36:31,125830,152883,QY-T 5916,ZZAX03HH6X7116671,Ford,Fiesta,JHH,2020-06-25,102857,Nordlicht Bau GmbH & Co. KG,3,Elena,Berger,Veilchenweg 78,10247,Berlin,elena.berger@example.org,0174 0735730,473377,36,🏁🔜Abgeholt/Ausgeliefert - Folgetermin offen,Vorgangsstatus,36|1563|1585|1605,2,914517|068621,134,true,1,36,damage,Parkschaden,Kotflügel hinten rechts,mittel,gesteuert,abgeschlossen,"Kunde kommt ohne Termin, Parkschaden, Verursacher unbekannt. Kotflügel hinten rechts: Halterung gebrochen, ca. 25 cm.
Kunde möchte wissen ob Instandsetzung reicht. Leihwagen ja.
Gesteuerter Auftrag, RKÜ liegt noch nicht vor.
Beilackierung notwendig.
Steuerung: ungesteuert.
~~~~~~~~~~~~~
29.03.26 16:42 Karosserie: Ersatzteil eingetroffen, Termin vereinbaren
02.04.26 16:42 R. Hahn: KV an Kunde verschickt
05.04.26 17:42 R. Hahn: Rechnung geschrieben"
898942,2026-04-08 11:05:00,2026-04-30 18:36:01,,true,,2026-04-30 14:36:01,,118514,148093,QQA-S 338,ZZHU2YLT3VD615630,Skoda,Fabia,PJ,2024-03-10,30211,Nordlicht Handel OHG,,,,Zedernweg 47,63065,Offenbach am Main,,0152/9774379,286757,17,♻️In Bearbeitung,Vorgangsstatus,17|946|997|50,1,570395,121,true,3,140,damage,Vandalismus,Fahrertür|Stoßstange hinten,mittel,teilkasko,laufend,"Kunde bringt Fzg., Vandalismus, Kunde hat Anzeige aufgenommen. Fahrertür Beule, punktuell, mehrere Stellen.
Weiterer Schaden Stoßstange hinten, Delle mit Lackschaden.
Kunde fragt nach Reparaturdauer.
Teilkasko läuft, SB laut Police 300 EUR.
Fzg. steht auf dem Hof.
Versicherung: Blauberg Allgemeine, Schadennr. 08802557."
873135,2026-06-16 14:43:49,2026-07-01 01:48:21,,false,2026-06-30 13:48:21,2026-06-24 08:46:49,2026-06-28 14:46:49,108805,146210,QQN-YA 75,ZZDD7L3C3RK518645,Skoda,Karoq,NU7,2020-12-23,77546,,,Elena,Lorenz,Erlenkamp 88,20359,Hamburg,elena.lorenz@example.net,+49 172 5289853,393734,36,🏁🔜Abgeholt/Ausgeliefert - Folgetermin offen,Vorgangsstatus,36|180,1,582228,,false,2,56,service,HU/AU,,,,abgeschlossen,"Skoda Karoq, QQN-YA 75, km 77546
HU/AU: TÜV/HU mit Abgasuntersuchung.
Bitte Softwarestand prüfen, Rückruf offen.
Kunde holt am Abend ab.
Fotos liegen im Vorgang."
847310,2026-04-12 10:06:09,2026-04-16 18:19:42,,true,,2026-04-15 07:19:42,,116782,133494,XQR-GW 2,ZZAFWSZ63XY342422,Seat,Arona,KJ7,2014-02-23,154922,,3,Helmut,Martens,Malvenweg 54,93047,Regensburg,,+49 (0)173 2181785,563164,106,😊📲Kunde erreicht DSA/Bilder angefordert,Vorgangsstatus,106|484,1,686473,,false,0,0,service,Räder und Reifen,,,,laufend,"KD meldet telefonisch: Räderwechsel Sommer auf Winter, Einlagerung vorhanden.
Klimaanlage kühlt schlecht, bitte prüfen.
Bitte anrufen wenn mehr anfällt als besprochen. Ersatzwagen geklärt, Klasse klein.
Teile bestellt, Liefertermin offen.
~~~~~~~~~~~~~
18.04.26 14:06 TS: Rechnung geschrieben
19.04.26 18:06 Servicebüro: Nachtrag: Kunde bittet um Verschiebung
21.04.26 19:06 SB: Kunde meldet sich wegen Termin"
830928,2026-06-22 09:05:04,2026-07-16 03:50:03,,true,,2026-07-15 14:50:03,,104350,139372,QX-N 83,ZZE8G8R02XG007063,Seat,Leon,KL1,2017-07-03,130371,Lindenhof Malerbetrieb OHG,,,,Tannenweg 52,10247,Berlin,,0159 5366256,307292,11,👽💣Rückstand ohne Termin! Teilerückstand Fzg. bei uns,Vorgangsstatus,11|954|1585|1596|597|1266|497,2,633793|594548,109,true,1,65,damage,Auffahrunfall,Stoßstange hinten rechts,mittel,gesteuert,laufend,"Fzg. angeliefert, Auffahrunfall, Hergang lt. Kunde unklar. Stoßstange hinten rechts Halterung gebrochen, ca. 25 cm.
Bitte KVA vor Reparatur abstimmen. Kunde wartet vor Ort.
Steuerung über Flottenpartner, Freigabe schriftlich nötig.
Kunde ist informiert, meldet sich.
Steuerung: Flottenpartner Nord.
~~~~~~~~~~~~~
30.06.26 11:05 U. Berger: Rechnung geschrieben"
855940,2026-06-21 14:58:10,2026-07-01 17:23:16,,false,2026-07-01 12:24:13,2026-06-28 07:23:16,2026-07-01 15:23:16,101928,159606,QQV-ME 100,ZZJ10EJG6XR934621,BMW,5er Limousine,G30,2012-08-11,253841,,1,Susanne,Lehmann,Kastanienallee 76,30655,Hannover,susanne.lehmann37@example.de,+49 (0)152 0993029,717385,41,🛑 Wartet auf Abholung durch Verwerter/Leasing/sonstige,Vorgangsstatus,41|392|406|999,1,529808,,false,1,38,service,HU/AU,,,,abgeschlossen,"Kunde kommt ohne Termin, HU/AU fällig, bitte mit Vorabcheck.
Klimaanlage kühlt schlecht, bitte prüfen.
Kunde bittet um Kostenvoranschlag.
~~~~~~~~~~~~~
24.06.26 19:58 Annahme: Freigabe Versicherung eingetroffen
30.06.26 21:58 M. Haas: KD informiert, Termin steht
08.07.26 01:58 M. Haas: Ersatzteil eingetroffen, Termin vereinbaren"
857332,2026-06-25 14:45:45,2026-07-22 19:11:33,,true,2026-07-21 17:11:33,2026-07-16 09:25:11,2026-07-21 10:25:11,106373,145814,ZQD-EZ 8,ZZDJ4ZHJ5WD306030,VW,Tiguan,5N,2014-10-13,173442,,3,Uwe,Lehmann,Wacholderweg 76,80331,Muenchen,uwe.lehmann@example.org,+49 (0)151 6803298,281857,38,👍 🔜Fertig zur Abholung mit Folgetermin,Vorgangsstatus,38|956|598|499,2,301172|037404,113,true,1,42,damage,Parkschaden,Motorhaube,mittel,haftpflicht_gegner,fertig,"Kunde kommt ohne Termin, Parkschaden, Kunde hat Fotos gemacht. Kunststoff eingedrückt an Motorhaube, punktuell, mehrere Stellen.
Kunde bittet um Rückruf bis Freitag. Leihwagen ja, Hol- und Bringservice ja.
Haftpflicht Gegner, Schadennummer liegt vor.
Fotos liegen im Vorgang.
~~~~~~~~~~~~~
03.07.26 18:45 Annahme: Fzg. in Halle, Zerlegung begonnen
09.07.26 21:45 S. Martens: Rückruf nicht erreicht, Mailbox
12.07.26 22:45 Servicebüro: Kalkulation fertig, an Prüfer"
850023,2026-04-23 15:36:17,2026-05-13 22:04:58,,true,,2026-05-13 07:04:58,,118449,155948,QQN-X 741,ZZEBC41B5VM225665,Mercedes,Sprinter,W907,2014-02-19,167246,,,Nadine,Heinrich,Zedernweg 23,52062,Aachen,nheinrich@example.com,0162 0855558,510074,435,🕋🤔Antwort Versicherer/GA/Leasing/Kunde fehlt,Vorgangsstatus,435|958|1585|480|99,2,526883|237194,117,false,1,12,damage,Hagelschaden,Dach|Motorhaube|Heckklappe,mittel,teilkasko,laufend,"Anruf Kunde: Hagelschaden, Schaden erst später bemerkt. Dach mit mehreren Dellen aus Hagelschlag.
Hagel: Motorhaube betroffen, Lack laut Sichtprüfung intakt.
Hagel: Heckklappe betroffen, Lack laut Sichtprüfung intakt.
Kunde bittet um Rückruf bis Freitag.
Teilkasko läuft, SB laut Police 300 EUR.
Termin steht, Dauer ca. 2 Tage.
~~~~~~~~~~~~~
29.04.26 19:36 SB: Fzg. gewaschen, abholbereit
08.05.26 00:36 Servicebüro: Teile bestellt, Nachricht an Dispo"
843725,2026-06-28 13:15:24,2026-07-13 03:10:19,,false,2026-07-12 14:10:19,2026-07-08 15:42:45,2026-07-10 18:42:45,123990,147942,XQM-G 835,ZZAKCTF46XN975336,Skoda,Fabia,PJ,2022-01-12,53886,,3,Elke,Moser,Kastanienallee 17,06108,Halle (Saale),elke_moser@example.com,0151/7053882,499108,721,🌝 Fzg angekauft,Vorgangsstatus,721|1139,0,,,false,1,42,damage,Parkschaden,Motorhaube,mittel,haftpflicht_gegner,abgeschlossen,"Fzg. angeliefert, Parkschaden, kein Zettel hinterlassen. Kunststoff eingedrückt an Motorhaube, ca. 3 cm Durchmesser.
Kunde fragt nach Smart Repair. Kunde wartet vor Ort.
Haftpflicht Gegner, Gutachter beauftragt.
Bitte Lackabgleich, Farbton prüfen.
~~~~~~~~~~~~~
01.07.26 14:15 P. Frank: Fzg. gewaschen, abholbereit"
866844,2026-07-22 13:16:56,2026-08-12 08:56:44,,false,2026-08-11 10:35:58,2026-08-06 15:56:44,2026-08-11 21:56:44,100518,130179,ZQL-RV 247,ZZGPEDCE8X0732262,Mercedes,Vito,W447,2017-10-20,82660,,1,Katrin,Nolte,Ahornweg 15,99084,Erfurt,katrin.nolte86@example.com,0176 8313612,328314,14,🚛✅ Ausgeliefert,Vorgangsstatus,14|948,1,219091,121,false,1,85,damage,Auffahrunfall,Kotflügel hinten rechts|Stoßstange hinten links|Stoßstange vorne links,mittel,haftpflicht_gegner,abgeschlossen,"Fzg. angeliefert, Auffahrunfall im Stau auf der Autobahn. Schaden an Kotflügel hinten rechts, Kratzer bis auf Grundierung, ca. 25 cm.
Auch Stoßstange hinten links beschädigt (Beule).
Stoßstange vorne links ebenfalls: Riss im Lack.
Kunde fragt nach Reparaturdauer. Abholung durch Kunde am Nachmittag.
Gegnerische Haftpflicht reguliert, Haftung anerkannt.
Termin steht, Dauer ca. 2 Tage.
Versicherung: Blauberg Allgemeine, Schadennr. 04942088.
~~~~~~~~~~~~~
30.07.26 14:16 TS: KD informiert, Termin steht
07.08.26 18:16 E. Kaiser: Kalkulation fertig, an Prüfer
12.08.26 21:16 E. Kaiser: Nachtrag: Kunde bittet um Verschiebung"
826552,2026-08-09 07:23:46,2026-08-10 02:23:46,,true,,,,103017,152967,QQK-FL 430,ZZAXVATD8XN336402,Mercedes,GLC,X254,2012-08-18,87673,,2,Patrick,Thiel,Am Muehlbach 58,65183,Wiesbaden,,0178/8538525,111702,28,❓Termin unsicher,Vorgangsstatus,28|949|1586,0,,,false,4,115,damage,Rangierschaden,Stoßstange hinten links|Kotflügel hinten rechts,mittel,selbstzahler,neu,"Mercedes GLC, QQK-FL 430, km 87673
Kunde berichtet: Rangierschaden, Poller übersehen. An Stoßstange hinten links Kunststoff eingedrückt (ca. 3 cm Durchmesser).
Auch Kotflügel hinten rechts beschädigt (Riss im Lack).
KVA erwünscht, bitte per Mail. Leihwagen ja.
Selbstzahler, keine Vers. im Spiel.
Teile bestellt, Liefertermin offen.
~~~~~~~~~~~~~
12.08.26 11:23 SB: Teile bestellt, Nachricht an Dispo"
841467,2026-05-25 11:10:16,2026-05-26 20:10:16,,true,,,,117208,149321,ZQS-CN 590,ZZHPMKWR8YD885218,Ford,Kuga,CX482,2016-04-23,193634,,,Maria,Maurer,Nelkenstrasse 44,85049,Ingolstadt,maria_maurer@example.net,0177/3877421,579674,27,✔️Termin bestätigt,Vorgangsstatus,27|182|1449,3,518673|222440|319462,,false,1,48,service,Inspektion,,,,neu,"Ford Kuga, ZQS-CN 590, km 193634
Lt. Kunde: Inspektion mit Pollenfilter und Bremsflüssigkeit.
Scheibenwischer schmieren, bitte erneuern.
Kunde holt am Abend ab. Kunde wartet vor Ort.
Ersatzteil im Rückstand, Kunde informiert.
~~~~~~~~~~~~~
29.05.26 13:10 Lack: Leihwagen reserviert
31.05.26 15:10 D. Keller: Fzg. in Halle, Zerlegung begonnen"
888989,2026-06-20 16:47:16,2026-07-06 18:28:15,,false,2026-07-06 15:28:15,2026-06-30 08:33:56,2026-07-03 11:33:56,123409,136127,XQM-AM 13,ZZFJYM2C2YM468922,Opel,Mokka,U,2025-09-02,19061,Weidenhof Gartenbau GmbH,3,Martin,Engel,Eichenweg 50,52062,Aachen,martin.engel@example.net,+49 170 8038552,082852,121,abgerechnet ! Auftrag erledigt abgeschlossen,Vorgangsstatus,121|954|1151|1597|434,1,304276,104,false,1,5,damage,Hagelschaden,Dach|Heckklappe,leicht,gesteuert,abgeschlossen,"Kunde bringt Fzg., Hagelschaden, mehrere Fzg. aus dem Ort betroffen. Dach mit mehreren Dellen aus Hagelschlag.
Heckklappe mit mehreren Dellen aus Hagelschlag.
Kunde möchte wissen ob Instandsetzung reicht. Leihwagen nein, Kunde wartet.
Steuerung über Flottenpartner, Freigabe schriftlich nötig.
Kunde ist informiert, meldet sich."
891561,2026-01-26 10:34:41,2026-02-27 08:26:17,,true,2026-02-26 17:26:17,2026-02-20 08:28:11,2026-02-23 11:28:11,120309,159395,QQ-A 4694,ZZG85D0B1WU930347,Opel,Astra Sports Tourer,L,2021-10-12,93340,,1,Yvonne,Martens,Am Alten Sportplatz 107,76133,Karlsruhe,ymartens@example.net,+49 (0)174 8033059,824671,1153,👆🚚 Bringservice mit Folgetermin,Vorgangsstatus,1153|946|45,1,479879,,false,1,19,damage,Rangierschaden,Stoßstange hinten links|Stoßstange vorne,leicht,selbstzahler,fertig,"Kunde bringt Fzg., Rangierschaden an der Laderampe. Schaden an Stoßstange hinten links, Lackabrieb, ca. 3 cm Durchmesser.
Zusätzlich Stoßstange vorne betroffen, kleine Delle.
Hol- und Bringservice gewünscht.
Kunde zahlt selbst, KVA vorab.
Ersatzteil nur komplett lieferbar, Austausch statt Instandsetzung."
847918,2026-02-21 14:08:59,2026-02-26 20:37:50,,false,2026-02-26 08:37:50,2026-02-23 10:30:04,2026-02-25 16:30:04,126527,130855,QQM-N 39,ZZC15G177YW865798,Audi,A6 Avant,4K,2013-06-01,107403,,2,Nadine,Winkler,Nelkenstrasse 106,65183,Wiesbaden,,+49 174 3628644,156781,9,🏁 Abgeholt,Vorgangsstatus,9|952|1088|1594,1,761633,109,false,1,62,damage,Auffahrunfall,Kotflügel hinten links|Kotflügel hinten rechts|Stoßstange vorne,leicht,haftpflicht_gegner,abgeschlossen,"Kunde meldet: Auffahrunfall, Kunde war selbst aufgefahren. Kotflügel hinten links: Schrammen, ca. 3 cm Durchmesser.
Zusätzlich Kotflügel hinten rechts betroffen, kleine Delle.
Stoßstange vorne ebenfalls: Druckstelle.
Bitte KVA vor Reparatur abstimmen.
Haftpflicht Gegner, Gutachter beauftragt.
Ersatzteil im Rückstand, Kunde informiert.
Versicherung: Kiesbach Assekuranz, Schadennr. 06394271.
~~~~~~~~~~~~~
27.02.26 19:08 N. Ludwig: Fzg. in Halle, Zerlegung begonnen
03.03.26 22:08 Servicebüro: KD informiert, Termin steht"
844514,2026-03-02 09:24:10,2026-03-03 04:24:10,,true,,,,109844,143111,QQE-N 860,ZZE1KKKH5T2478838,Ford,Transit Custom,V362,2013-02-22,120585,,,Ralf,Fiedler,Eichenweg 71,48143,Muenster,,0175 3525512,223298,534,📲🔰DSA/Bilder/GA/Infos erhalten bitte Kalkulieren,Vorgangsstatus,534|182,0,,,false,1,52,service,Inspektion,,,,neu,"Inspektion: Große Inspektion inkl. Innenraumfilter.
~~~~~~~~~~~~~
08.03.26 10:24 H. Peters: Rückruf nicht erreicht, Mailbox
12.03.26 10:24 H. Peters: KV an Kunde verschickt"
887130,2026-03-23 10:09:30,2026-04-16 02:58:06,,true,2026-04-15 09:58:06,2026-04-11 10:35:38,2026-04-13 15:35:38,105572,151885,XQD-R 668,ZZGAKLJE8XV355642,Opel,Vivaro,K0,2013-10-23,206343,,2,Lars,Busch,Am Alten Sportplatz 128,41061,Moenchengladbach,,0163/6286763,802665,1153,👆🚚 Bringservice mit Folgetermin,Vorgangsstatus,1153|956|1149|1620|611,0,,,false,2,38,damage,Auffahrunfall,Stoßstange hinten links|Stoßstange vorne rechts,leicht,gesteuert,fertig,"Bei der Annahme festgestellt: Auffahrunfall, Unfall am 15.03. Stoßstange hinten links ca. 25 cm Kratzer, Lack nicht durch.
Zusätzlich Stoßstange vorne rechts betroffen, Druckstelle.
Kunde bittt um KVA. Leihwagen ja, Hol- und Bringservice ja.
Gesteuerter Auftrag, RKÜ liegt noch nicht vor.
Teile bestellt, Liefertermin offen.
Steuerung: Kiesbach Schadenservice.
~~~~~~~~~~~~~
24.03.26 11:09 B. Ritter: Leihwagen reserviert"
846386,2026-05-17 16:37:59,2026-06-03 14:39:14,,true,,2026-06-03 12:39:14,,120098,159933,ZQ-MT 47,ZZBM0NYJ3Y1926177,Skoda,Fabia,PJ,2012-01-01,310250,,,Elke,Baumann,Nelkenstrasse 76,22299,Hamburg,ebaumann@example.net,+49 162 0465284,505797,1164,FZG in Fremdwerkstatt,Vorgangsstatus,1164|240|101|1270,3,992130|643349|357257,,false,2,111,service,Inspektion,,,,laufend,"Skoda Fabia, ZQ-MT 47, km 310250
Lt. Kunde: Inspektion nach Herstellervorgabe.
Zusätzlich Klappern vorne rechts bei Bodenwellen.
Bitte anrufen wenn mehr anfällt als besprochen.
~~~~~~~~~~~~~
19.05.26 18:37 Dispo: KD informiert, Termin steht"
894927,2026-05-25 07:02:27,2026-05-26 09:02:27,,true,,,,117147,141403,ZQA-FN 927,ZZCPHD4T2R8851628,Ford,Kuga,CX482,2024-10-14,18685,Steinfurt Vertrieb GmbH,,,,Birkenweg 113,71032,Boeblingen,kontakt_haas@example.com,0173 3060194,580780,530,🚀Auftrag erteilt/Teile vorbestellt/Termin wenn Teile da,Vorgangsstatus,530|993|100,1,598219,109,false,1,41,damage,Wildunfall,Motorhaube,leicht,teilkasko,neu,"Ford Kuga, ZQA-FN 927, km 18685
Kunde meldet: Wildunfall am 17.05. früh morgens. Druckstelle an Motorhaube, handtellergroß.
Kunde bittet um Terminvorschlag. Ersatzwagen geklärt, Klasse klein.
Teilkasko läuft, SB laut Police 300 EUR.
Bitte Wiedervorlage in einer Woche.
~~~~~~~~~~~~~
01.06.26 12:02 Servicebüro: Ersatzteil eingetroffen, Termin vereinbaren
05.06.26 16:02 SB: Nachtrag: Kunde bittet um Verschiebung"
821084,2026-04-16 13:05:47,2026-04-22 11:13:35,,true,,2026-04-21 17:13:35,,108156,137638,QQK-ZX 4713,ZZGAL1361VW000987,BMW,X1,U11,2012-09-17,98546,,2,Laura,Jung,Sonnenblumenweg 124,68159,Mannheim,laura_jung@example.org,0163 4746926,612233,17,♻️In Bearbeitung,Vorgangsstatus,17|953|1593|487|1014,1,822154,121,false,1,5,damage,Auffahrunfall,Stoßstange hinten links|Stoßstange hinten|Stoßstange vorne rechts,mittel,gesteuert,laufend,"BMW X1, QQK-ZX 4713, km 98546
Anruf Kunde: Auffahrunfall, Hergang lt. Kunde unklar. Kratzer bis auf Grundierung an Stoßstange hinten links, ca. 40 cm.
Auch Stoßstange hinten beschädigt (Kunststoff eingedrückt).
Stoßstange vorne rechts ebenfalls: Riss im Lack.
Kunde fragt nach Reparaturdauer.
Steuerung über Flottenpartner, Freigabe schriftlich nötig.
Teile bestellt, Liefertermin offen.
~~~~~~~~~~~~~
17.04.26 16:05 Dispo: Kunde meldet sich wegen Termin"
890615,2026-08-07 10:24:21,2026-08-24 07:09:37,,true,,2026-08-22 17:09:37,,128425,134560,QQT-Y 37,ZZHEVCSW2X4671877,Skoda,Karoq,NU7,2015-10-17,137662,,,Julia,Kliemann,Nelkenstrasse 127,63065,Offenbach am Main,julia.kliemann19@example.org,0157 9618492,813028,91,🦊☎Haftung unklar Wiedervorlage,Vorgangsstatus,91|956|1150,1,155296,121,false,0,0,damage,Wildunfall,Motorhaube|Kotflügel vorne links,mittel,teilkasko,laufend,"Fzg. vorgefahren, Wildunfall, Tier ist weggelaufen. An Motorhaube Lack abgeplatzt (auf ganzer Länge).
Weiterer Schaden Kotflügel vorne links, Kunststoff eingedrückt.
Kunde möchte wissen ob Instandsetzung reicht.
TK deckt Glasschaden, SB 150 EUR.
Beilackierung notwendig."
863452,2026-04-11 12:03:47,2026-04-12 05:03:47,2026-04-15 08:26:53,false,,,,103590,155912,QQK-U 71,ZZHS0RUX0T1094904,Audi,A1 Sportback,GB,2020-10-23,93109,Blauberg Bau GmbH & Co. KG,3,Jonas,Kuhn,Salbeiweg 44,45127,Essen,jonas.kuhn@example.net,+49 (0)178 2777092,147573,13,😢 Kunde nicht erschienen,Vorgangsstatus,13|1139|1080|488|499,1,327161,121,false,3,125,damage,Hagelschaden,Dach|Heckklappe|Motorhaube,mittel,teilkasko,storniert,"Audi A1 Sportback, QQK-U 71
Fzg. angeliefert, Hagelschaden vom Unwetter am 10.04. Hagelschlag flächig, Dach mit zahlreichen Dellen.
Heckklappe mit mehreren Dellen aus Hagelschlag.
Hagelschlag flächig, Motorhaube mit zahlreichen Dellen.
Kunde fragt nach Smart Repair. Kunde wartet vor Ort.
Teilkasko läuft, SB laut Police 300 EUR.
Versicherung: Blauberg Allgemeine, Schadennr. 34353732.
~~~~~~~~~~~~~
13.04.26 13:03 O. Martens: Ersatzteil eingetroffen, Termin vereinbaren"
820709,2026-01-09 11:25:23,2026-01-26 21:52:53,,true,2026-01-25 15:52:53,2026-01-22 16:58:27,2026-01-23 19:58:27,121318,150083,ZQR-XV 506,ZZAEJCE11TV303012,Ford,Focus Turnier,DEH,2020-11-18,138856,,1,Markus,Busch,Distelweg 128,38100,Braunschweig,,+49 151 6451571,254549,38,👍 🔜Fertig zur Abholung mit Folgetermin,Vorgangsstatus,38|953|1100|399|994,1,212001,,false,1,58,damage,Rangierschaden,Stoßstange hinten,schwer,selbstzahler,fertig,"Kunde kommt ohne Termin, Rangierschaden, Poller übersehen. Träger verformt an Stoßstange hinten, über zwei Bauteile.
Leihwagen ja, Hol- und Bringservice ja.
Kunde zahlt selbst, KVA vorab.
~~~~~~~~~~~~~
11.01.26 12:25 S. Baumann: Teile bestellt, Nachricht an Dispo"
845766,2026-04-30 14:03:17,2026-05-27 17:41:19,,false,2026-05-27 09:41:19,2026-05-21 09:57:32,2026-05-24 15:57:32,121625,133656,QX-F 9940,ZZBVJP3R5R4501974,VW,Polo,AW,2012-06-06,276487,,2,Ulrike,Sauer,Wacholderweg 40,55116,Mainz,,0151 6911669,223587,36,🏁🔜Abgeholt/Ausgeliefert - Folgetermin offen,Vorgangsstatus,36|993|1099|487,1,387431,,false,1,61,damage,Hagelschaden,Dach|Motorhaube|Heckklappe,schwer,selbstzahler,abgeschlossen,"Kunde berichtet: Hagelschaden, Schaden erst später bemerkt. Hagelschlag flächig, Dach mit zahlreichen Dellen.
Hagelschlag flächig, Motorhaube mit zahlreichen Dellen.
Hagel: Heckklappe betroffen, Lack laut Sichtprüfung intakt.
Selbstzahler, Rechnung an Kunde.
Fzg. steht auf dem Hof.
~~~~~~~~~~~~~
05.05.26 14:03 SB: Nachtrag: Kunde bittet um Verschiebung"
871979,2026-01-19 14:31:08,2026-02-11 11:42:53,,true,,2026-02-10 07:42:53,,101592,154195,QQK-JH 6672,ZZH3N93H7R2431636,Mercedes,B-Klasse,W247,2017-09-24,115508,,3,Patrick,Lang,Pappelallee 57,10247,Berlin,patrick.lang@example.com,0160 7863250,077699,1164,FZG in Fremdwerkstatt,Vorgangsstatus,1164|397|1566|1200,1,927104,,false,2,106,service,Räder und Reifen,,,,laufend,"Mercedes B-Klasse, QQK-JH 6672, km 115508
Räder und Reifen: Räderwechsel Sommer auf Winter, Einlagerung vorhanden.
Batterie schwach, Startprobleme morgens.
Teile bestellt, Liefertermin offen.
~~~~~~~~~~~~~
21.01.26 17:31 S. Thiel: Kalkulation fertig, an Prüfer"
872984,2026-02-17 14:49:08,2026-03-14 06:02:54,,true,,2026-03-13 10:02:54,,113187,135292,XQ-AY 50,ZZAV0EUG9RT014145,BMW,3er Touring,G21,2014-01-03,229872,Steinfurt Pflegedienst AG,2,,,Akazienweg 81,45127,Essen,,0174 2991005,413939,89,😪☎Kunde nicht erreicht,Vorgangsstatus,89|956|1573|480|1006|469,3,013953|743680|588432,121,false,2,116,damage,Rangierschaden,Tür hinten rechts|Kotflügel hinten links,mittel,haftpflicht_gegner,laufend,"KD meldet telefonisch: Rangierschaden, Kdune schildert Hergang selbst. Tür hinten rechts Halterung gebrochen, auf ganzer Länge.
Weiterer Schaden Kotflügel hinten links, Kratzer bis auf Grundierung.
Kunde bittet um Rückruf bis Freitag. Leihwagen ja, Hol- und Bringservice ja.
Haftpflicht Gegner, Schadennummer liegt vor.
Termin steht, Dauer ca. 2 Tage.
Versicherung: Blauberg Allgemeine, Schadennr. 22194864."
892809,2026-07-21 09:35:57,2026-07-21 23:35:57,,true,,,,106781,149854,XQE-T 33,ZZBTBYH59TA517443,Audi,A3 Sportback,8Y,2019-01-08,151923,,2,Stefan,Moser,An der Bleiche 58,90402,Nuernberg,stefan.moser@example.net,+49 163 4726026,258838,1480,Hagel Termin vereinbaren !,Vorgangsstatus,1480|395|1566,1,116376,,false,2,90,service,Räder und Reifen,,,,neu,"Kunde kommt ohne Termin, Räderwechsel Sommer auf Winter, Einlagerung vorhanden.
Kunde meldet Vibration ab 120 km/h.
Bitte Rechnung an die Firma.
Termin steht, Dauer ca. 2 Tage."
860983,2026-01-13 11:30:20,2026-02-01 02:59:11,,true,2026-01-30 17:59:11,2026-01-26 12:17:58,2026-01-28 20:17:58,108686,155656,QQL-U 532,ZZGKS9RU0T7994955,VW,Touran,5T,2024-10-18,18909,,2,Jens,Scholz,Nelkenstrasse 125,38100,Braunschweig,,+49 (0)175 4813502,954105,38,👍 🔜Fertig zur Abholung mit Folgetermin,Vorgangsstatus,38|238|406,3,226069|436867|655389,,false,1,3,service,Bremsen,,,,fertig,"Bremsen: Bremsbeläge vorne unter Mindeststärke.
Leihwagen ja.
~~~~~~~~~~~~~
19.01.26 11:30 G. Kramer: Ersatzteil eingetroffen, Termin vereinbaren
25.01.26 15:30 Teiledienst: Leihwagen reserviert"
825174,2026-07-21 12:39:02,2026-08-01 06:55:00,,false,2026-07-31 17:55:00,2026-07-29 07:58:28,2026-07-29 14:58:28,124821,142615,ZQR-PX 89,ZZB44WC37SR174382,Ford,Transit Custom,V362,2020-05-09,87934,,2,Nicole,Schaefer,Akazienweg 99,30655,Hannover,nicole.schaefer@example.de,+49 162 4317857,638152,41,🛑 Wartet auf Abholung durch Verwerter/Leasing/sonstige,Vorgangsstatus,41|393|861|99,1,890686,,false,4,240,service,Räder und Reifen,,,,abgeschlossen,"Räder und Reifen: Reifen vorne abgefahren, Angebot erstellen.
Zusätzlich Klappern vorne rechts bei Bodenwellen.
Kunde wünscht Kostenrahmen vorab. Leihwagen ja.
Fzg. steht auf dem Hof."
865356,2026-07-17 12:26:48,2026-08-06 06:59:54,,true,,2026-08-05 12:59:54,,115258,150078,ZQS-ZZ 33,ZZFJJ6KJ6XD256960,Mercedes,A-Klasse,W177,2017-09-25,151072,,1,Elena,Moser,Zedernweg 33,30655,Hannover,elena_moser@example.net,+49 (0)163 5352705,882148,1164,FZG in Fremdwerkstatt,Vorgangsstatus,1164|947|1100,0,,,false,1,5,damage,Parkschaden,Kotflügel vorne links,mittel,selbstzahler,laufend,"Mercedes A-Klasse, ZQS-ZZ 33, km 151072
Anruf Kunde: Parkschaden, kein Zettel hinterlassen. Schaden an Kotflügel vorne links, Riss im Lack, über zwei Bauteile.
Kunde bittet um Rückruf bis Freitag. Fzg. bleibt über Nacht da.
Kunde zahlt selbst, KVA vorab.
Kunde ist informiert, meldet sich.
~~~~~~~~~~~~~
20.07.26 13:26 TS: Fzg. in Halle, Zerlegung begonnen
23.07.26 16:26 SB: Teile bestellt, Nachricht an Dispo
25.07.26 18:26 F. Krause: Ersatzteil eingetroffen, Termin vereinbaren"
822745,2026-02-10 13:57:09,2026-03-14 08:26:15,,false,2026-03-13 14:26:15,2026-03-06 07:27:57,2026-03-11 11:27:57,107050,148456,ZQL-D 98,ZZDPYG1D6XZ823283,Audi,A3 Sportback,8Y,2019-09-20,90597,,,Lukas,Riedel,Ulmenstrasse 104,93047,Regensburg,lukas.riedel@example.com,+49 174 0991230,832806,9,🏁 Abgeholt,Vorgangsstatus,9|796,0,,,false,3,201,service,HU/AU,,,,abgeschlossen,"HU/AU: TÜV Termin, Fzg. vorher durchsehen.
Zusätzlich Klappern vorne rechts bei Bodenwellen.
Kunde wünscht Kostenrahmen vorab. Ersatzwagen geklärt, Klasse klein.
Termin steht, Dauer ca. 2 Tage."
858388,2026-01-07 10:03:30,2026-01-21 04:12:20,,true,,2026-01-20 08:12:20,,107779,130668,XQA-R 854,ZZG7FHFU6XW542075,BMW,X3,G01,2012-11-16,294084,,2,Uwe,Franke,Rosmarinweg 117,52062,Aachen,uwe_franke@example.net,0178 1148720,605847,495,👽⚡🛒Teil im Rückstand Fzg. teilrepariert beim Kunden,Vorgangsstatus,495|947|1084|101|499,3,118540|933754|323285,121,false,2,71,damage,Steinschlag,Windschutzscheibe,schwer,teilkasko,laufend,"Kunde berichtet: Steinschlag, Riss wird laut Kunde größer. Windschutzscheibe Steinschlag am Rand, Reparatur laut Prüfung möglich.
Kunde will erst nach Preis entscheiden. Abholung durch Kunde am Nachmittag.
TK deckt Glasschaden, SB 150 EUR.
Beilackierung notwendig.
~~~~~~~~~~~~~
15.01.26 11:03 Karosserie: Endkontrolle offen
17.01.26 11:03 H. Martens: KV an Kunde verschickt
21.01.26 13:03 Annahme: Rückruf nicht erreicht, Mailbox"
868913,2026-03-28 16:21:31,2026-04-14 19:04:55,,true,2026-04-14 08:04:55,2026-04-13 07:35:55,2026-04-13 09:35:55,104897,153447,XQL-S 917,ZZJTXKZE3WD792780,Audi,A3 Sportback,8Y,2021-10-08,52203,,,Elena,Maurer,Rosmarinweg 14,95444,Bayreuth,elena.maurer@example.org,0163/8812684,153072,12,👍 Fertig zur Abholung,Vorgangsstatus,12|1308|1172|469,1,071935,,false,1,12,service,Bremsen,,,,fertig,"Anruf Kunde: Bremsflüssigkeit fällig, Beläge messen.
Kunde meldet Geräusch beim Lenken.
Kunde fragt nach Ersatzwagen."
872191,2026-04-08 17:34:03,2026-04-23 15:44:17,,false,2026-04-23 07:05:14,2026-04-20 10:44:17,2026-04-23 11:44:17,129346,152707,QQE-RC 27,ZZB93BBZ6YH831372,Ford,Focus Turnier,DEH,2025-11-27,5796,,3,Fabian,Kaiser,Wacholderweg 58,97070,Wuerzburg,fabian.kaiser94@example.de,0163/0079460,967059,721,🌝 Fzg angekauft,Vorgangsstatus,721|796|399|470,0,,,false,4,228,service,Inspektion,,,,abgeschlossen,"Bei der Annahme festgestellt: Inspektion mit Pollenfilter und Bremsflüssigkeit.
Servicerückstellung nicht erfolgt, bitte mitmachen.
Kunde fragt nach Ersatzwagen.
Termin steht, Dauer ca. 2 Tage."
888092,2026-03-25 10:32:46,2026-03-26 07:32:46,,true,,,,122708,151876,XQS-S 889,ZZJ444XDXYG263119,BMW,X1,U11,2013-10-10,261801,,3,Yvonne,Hartmann,Amselweg 3,90402,Nuernberg,yvonne_hartmann@example.net,+49 152 0503438,130744,530,🚀Auftrag erteilt/Teile vorbestellt/Termin wenn Teile da,Vorgangsstatus,530|956,2,120437|884841,,false,3,83,damage,Auffahrunfall,Heckklappe|Stoßstange vorne|Stoßstange hinten rechts,schwer,selbstzahler,neu,"BMW X1, XQS-S 889
Lt. Kunde: Auffahrunfall an der Kreuzung, Schadenmeldung liegt vor. An Heckklappe Aufnahme abgerissen (ca. 25 cm).
Stoßstange vorne ebenfalls: Bauteil durchgebrochen.
Weiterer Schaden Stoßstange hinten rechts, Blech verzogen.
Kunde fragt nach Reparaturdauer. Kunde wartet vor Ort.
Selbstzahler, keine Vers. im Spiel.
Nach Zerlegung nachkalkulieren.
~~~~~~~~~~~~~
27.03.26 13:32 Karosserie: Kalkulation fertig, an Prüfer"
835905,2026-04-08 16:27:17,2026-04-12 16:43:16,,true,,2026-04-11 11:43:16,,103482,150952,ZQC-ZB 15,ZZEUT04J5YC531005,Mercedes,Sprinter,W907,2013-01-20,297619,,,Elena,Otto,Distelweg 1,60313,Frankfurt am Main,elena_otto@example.org,0162/4720304,709291,17,♻️In Bearbeitung,Vorgangsstatus,17|949|1087|1006,1,088087,121,false,1,67,damage,Parkschaden,Kotflügel vorne rechts,mittel,vollkasko,laufend,"Anruf Kunde: Parkschaden auf dem Parkplatz. Beule an Kotflügel vorne rechts, ca. 15 cm.
Bitte KVA vor Reparatur abstimmen. Leihwagen ja.
Vollkasko, Rückstufung mit Kunde besprochen.
Bitte Wiedervorlage in einer Woche.
~~~~~~~~~~~~~
13.04.26 20:27 Servicebüro: Freigabe Versicherung eingetroffen"
845286,2026-04-20 17:35:59,2026-05-01 15:14:32,,true,,2026-05-01 13:14:32,,117319,131000,XQC-CL 23,ZZDXX6W03V2679233,Seat,Leon,KL1,2026-06-01,9347,Talblick Bau GmbH,,,,Akazienweg 103,85049,Ingolstadt,,0151/9368271,015994,17,♻️In Bearbeitung,Vorgangsstatus,17|950|1151|51,2,079680|152716,134,false,3,125,damage,Parkschaden,Tür hinten links,mittel,vollkasko,laufend,"Kunde berichtet: Parkschaden, kein Zettel hinterlassen. Tür hinten links: Delle mit Lackschaden, ca. 3 cm Durchmesser.
KVA erwünscht, bitte per Mail. Leihwagen nein, Kunde wartet.
Vollkasko, SB 500 EUR, Schadenmeldung raus.
Termin steht, Dauer ca. 2 Tage.
Versicherung: Lindenhof Assekuranz, Schadennr. 25856121."
831699,2026-01-17 11:54:43,2026-02-04 19:41:40,,true,,2026-02-04 12:41:40,,108198,132216,QQL-T 140,ZZFE9RSGXXN568242,Mercedes,E-Klasse,W213,2019-07-08,85758,Sonnenhang Pflegedienst AG,2,Daniel,Kuhn,Zypressenweg 86,38100,Braunschweig,,0175 4401463,129657,91,🦊☎Haftung unklar Wiedervorlage,Vorgangsstatus,91|946|1586|498,1,156151,,false,0,0,damage,Parkschaden,Stoßstange vorne rechts|Außenspiegel rechts,schwer,selbstzahler,laufend,"Fzg. angeliefert, Parkschaden auf dem Parkplatz. Stoßstange vorne rechts Träger verformt, ca. 3 cm Durchmesser.
Weiterer Schaden Außenspiegel rechts, Blech verzogen.
Kunde bittet um Rückruf bis Freitag. Leihwagen ja, Hol- und Bringservice ja.
Selbstzahler, Rechnung an Kunde.
Teile bestellt, Liefertermin offen.
~~~~~~~~~~~~~
18.01.26 11:54 SB: KV an Kunde verschickt"
832679,2026-08-01 13:44:49,2026-08-24 11:23:35,,true,,2026-08-23 16:23:35,,100525,139419,QQS-N 46,ZZAN5U3G0YJ412464,Mercedes,Vito,W447,2026-02-15,10642,,,Ralf,Lehmann,Erlenkamp 25,33098,Paderborn,,0174/1968240,519586,16,⚠️Warte auf Freigabe,Vorgangsstatus,16|398|998,1,388229,,false,0,0,service,Räder und Reifen,,,,laufend,"Räder und Reifen: Räderwechsel Sommer auf Winter, Einlagerung vorhanden.
Kunde fragt nach Ersatzwagen. Abholung durch Kunde am Nachmittag.
Teile bestellt, Liefertermin offen."
840658,2026-04-17 10:20:20,2026-05-05 00:37:03,,false,2026-05-03 09:37:03,2026-04-27 11:01:11,2026-05-02 18:01:11,125816,137196,QQK-TV 6738,ZZF9Z5U44RR790946,Mercedes,GLC,X254,2015-10-17,70528,,,Petra,Brandt,Wacholderweg 52,65183,Wiesbaden,,0179 2085221,081880,9,🏁 Abgeholt,Vorgangsstatus,9|484|598|1002,2,032063|114075,,false,0,0,service,Räder und Reifen,,,,abgeschlossen,"KD meldet telefonisch: Räderwechsel Sommer auf Winter, Einlagerung vorhanden.
Scheibenwischer schmieren, bitte erneuern.
Kunde wartet, bitte zügig. Hol- und Bringservice gewünscht.
Fotos liegen im Vorgang.
~~~~~~~~~~~~~
21.04.26 14:20 Karosserie: KD informiert, Termin steht
24.04.26 16:20 Teiledienst: Rechnung geschrieben
01.05.26 19:20 M. Kuhn: KV an Kunde verschickt"
865838,2026-07-14 17:06:40,2026-07-29 15:30:04,,true,,2026-07-29 15:30:04,,102633,136324,ZQB-KP 6667,ZZB14H5E1R8705752,Audi,A4 Avant,8W,2023-03-16,25400,,1,Julia,Herrmann,Fliederweg 124,06108,Halle (Saale),jherrmann@example.com,0157/5175649,539631,37,🔜Neuer Folgetermin,Vorgangsstatus,37|947|1085|610,1,375288,104,false,2,29,damage,Parkschaden,Schweller rechts|Kotflügel vorne links,leicht,haftpflicht_gegner,laufend,"Kunde meldet: Parkschaden, Verursacher unbekannt. Schweller rechts: feine Kratzspuren, ca. 5 cm.
Auch Kotflügel vorne links beschädigt (Druckstelle).
Bitte KVA vor Reparatur abstimmen. Hol- und Bringservice gewünscht.
Gegnerische Haftpflicht reguliert, Haftung anerkannt.
Teile bestellt, Liefertermin offen.
Versicherung: Talblick Versicherung, Schadennr. 39114099.
~~~~~~~~~~~~~
22.07.26 21:06 SB: Rückruf nicht erreicht, Mailbox"
848413,2026-02-20 14:47:58,2026-02-23 02:59:17,,true,,2026-02-21 14:59:17,,101320,143413,QQ-M 597,ZZEL0T337TB555801,Mercedes,Sprinter,W907,2016-10-07,203877,,,Ulrike,Graf,Birkenweg 129,20359,Hamburg,ulrike.graf30@example.net,+49 (0)162 8026279,559634,157,🛒MECHANIK Teile vorab bestellen!,Vorgangsstatus,157|952|602|50,1,464087,134,false,2,84,damage,Auffahrunfall,Stoßstange hinten,mittel,haftpflicht_gegner,laufend,"Kunde bringt Fzg., Auffahrunfall, Unfallgegner hat Schuld anerkannt. Stoßstange hinten Kunststoff eingedrückt, handtellergroß.
Bitte KVA vor Reparatur abstimmen. Abholung durch Kunde am Nachmittag.
Gegnerische Haftpflicht reguliert, Haftung anerkannt.
~~~~~~~~~~~~~
25.02.26 19:47 M. Gross: Nachtrag: Kunde bittet um Verschiebung
04.03.26 22:47 Dispo: Ersatzteil eingetroffen, Termin vereinbaren"
888321,2026-07-19 07:08:58,2026-08-02 16:59:05,,false,2026-08-01 11:58:37,2026-07-30 16:59:05,2026-08-01 21:59:05,105906,137514,XQB-H 33,ZZCFH96K0YT595059,Audi,Q5,FY,2023-12-07,40403,,,Patrick,Jung,Rosmarinweg 82,97070,Wuerzburg,patrick.jung@example.com,+49 (0)172 8450340,196136,1422,Fahrzeug abgeholt (/kommt nochmal),Vorgangsstatus,1422|240|648|1173,1,189906,,false,3,169,service,Inspektion,,,,abgeschlossen,"Kunde kommt ohne Termin, Inspektion mit Pollenfilter und Bremsflüssigkeit.
Rückruf erwünscht bevor zusätzliche Arbeiten.
Fzg. steht auf dem Hof.
~~~~~~~~~~~~~
27.07.26 09:08 Servicebüro: Rechnung geschrieben
04.08.26 14:08 Annahme: Endkontrolle offen"
831149,2026-01-13 15:53:35,2026-01-23 06:37:34,,false,2026-01-22 09:37:34,2026-01-18 13:08:41,2026-01-20 15:08:41,107290,133150,QQF-ZF 333,ZZHR9M7G5WK872986,Audi,A6 Avant,4K,2024-02-04,40940,,,Michael,Baumann,Bruehlstrasse 26,99084,Erfurt,mbaumann@example.com,0160 3608231,815926,36,🏁🔜Abgeholt/Ausgeliefert - Folgetermin offen,Vorgangsstatus,36|953|1083|1624|1014,1,636989,128,false,4,243,damage,Rangierschaden,Außenspiegel links|Schweller links,schwer,gesteuert,abgeschlossen,"Anruf Kunde: Rangierschaden, Fahrer meldet Kontakt mit Mauer. Außenspiegel links Bauteil durchgebrochen, ca. 5 cm.
Schweller links ebenfalls: Träger verformt.
Kunde will erst nach Preis entscheiden. Abholung durch Kunde am Nachmittag.
Auftrag über Schadensteuerer, techn. Freigabe offen.
Bitte Wiedervorlage in einer Woche.
~~~~~~~~~~~~~
17.01.26 16:53 Lack: Ersatzteil eingetroffen, Termin vereinbaren
25.01.26 16:53 A. Nolte: Kunde meldet sich wegen Termin"
852844,2026-03-10 08:02:53,2026-03-30 18:35:50,,false,2026-03-29 07:35:50,2026-03-25 10:24:36,2026-03-26 12:24:36,128588,148111,XQE-PJ 1584,ZZJA6JJP6RN615592,BMW,1er,F40,2021-07-28,112963,,,Nicole,Busch,Eichenweg 134,30655,Hannover,nbusch@example.de,+49 (0)173 9714755,652330,41,🛑 Wartet auf Abholung durch Verwerter/Leasing/sonstige,Vorgangsstatus,41|954|1572|1174|99,2,838009|431196,134,false,1,74,damage,Hagelschaden,Heckklappe|Motorhaube,leicht,teilkasko,abgeschlossen,"BMW 1er, XQE-PJ 1584, km 112963
Lt. Kunde: Hagelschaden vom Unwetter am 09.03. Heckklappe übersät mit Dellen, Zählung Dellenkarte offen.
Motorhaube übersät mit Dellen, Zählung Dellenkarte offen.
Bitte KVA vor Reparatur abstimmen. Kunde wartet vor Ort.
Teilkasko, SB 150 EUR, KVA an Vers.
Versicherung: Lindenhof Assekuranz, Schadennr. 76749121.
~~~~~~~~~~~~~
16.03.26 08:02 Y. Horn: KV an Kunde verschickt
19.03.26 11:02 Servicebüro: Ersatzteil eingetroffen, Termin vereinbaren
25.03.26 12:02 Y. Horn: Rechnung geschrieben"
896932,2026-01-14 10:41:14,2026-01-17 01:58:27,,true,,2026-01-15 15:58:27,,114918,136423,QQB-XR 7757,ZZEAG5BAXWP934846,Opel,Astra Sports Tourer,L,2023-02-09,66437,Seeblick Logistik GmbH,1,Lars,Zimmer,Ahornweg 107,76133,Karlsruhe,,0173 3712345,201096,17,♻️In Bearbeitung,Vorgangsstatus,17|239|476,1,537646,,false,0,0,service,Bremsen,,,,laufend,"Bremsen: Bremsflüssigkeit fällig, Beläge messen.
Bitte Softwarestand pruefen, Rueckruf offen.
Kunde bittet um Kostenvoranschlag. Kunde wartet vor Ort."
878729,2026-07-12 07:34:31,2026-08-05 15:49:49,,true,,2026-08-04 08:49:49,,116467,154844,XQ-WA 1149,ZZESBMGB4T9396661,Mercedes,A-Klasse,W177,2012-08-07,174359,Steinfurt Sanitaer AG,2,,,Weissdornweg 114,33098,Paderborn,kontakt.hartmann@example.net,0174/7265956,570656,17,♻️In Bearbeitung,Vorgangsstatus,17|951|1151|860|998,1,522780,128,false,0,0,damage,Hagelschaden,Motorhaube|Heckklappe,leicht,teilkasko,laufend,"Bei der Annahme festgestellt: Hagelschaden, Fzg. stand im Freien. Hagel: Motorhaube betroffen, Lack laut Sichtprüfung intakt.
Hagelschlag flächig, Heckklappe mit zahlreichen Dellen.
Kunde will erst nach Preis entscheiden. Leihwagen nein, Kunde wartet.
TK vorhanden, SB 150 EUR.
Ersatzteil nur komplett lieferbar, Austausch statt Instandsetzung.
Versicherung: Altmuehl Versicherung, Schadennr. 10330617.
~~~~~~~~~~~~~
15.07.26 10:34 G. Horn: Nachtrag: Kunde bittet um Verschiebung"
877890,2026-01-15 07:47:56,2026-01-17 16:29:58,,true,,2026-01-17 07:29:58,,126011,133736,ZQL-BF 2756,ZZJPH5XL1Y2442757,Seat,Arona,KJ7,2021-05-09,117834,Blauberg Gartenbau e.K.,2,Heike,Ludwig,Ginsterweg 44,30655,Hannover,hludwig@example.net,+49 171 6332499,588107,435,🕋🤔Antwort Versicherer/GA/Leasing/Kunde fehlt,Vorgangsstatus,435|1139|1083|614|469,2,233559|597714,101,true,1,79,damage,Parkschaden,Außenspiegel rechts,mittel,gesteuert,laufend,"Seat Arona, ZQL-BF 2756, km 117834
Anruf Kunde: Parkschaden, Schaden am 11.01. entdeckt. Außenspiegel rechts: Beule, handtellergroß.
Kunde möchte wissen ob Instandsetzung reicht. Leihwagen ja, Hol- und Bringservice ja.
Gesteuerter Auftrag, RKÜ liegt noch nicht vor.
Beilackierung notwendig.
Versicherung: Nordstern Direkt, Schadennr. 23945940.
~~~~~~~~~~~~~
17.01.26 11:47 Karosserie: Leihwagen reserviert
22.01.26 16:47 Servicebüro: Teile bestellt, Nachricht an Dispo"
866536,2026-03-03 14:17:43,2026-03-16 19:01:21,,true,2026-03-16 11:01:21,2026-03-14 08:47:25,2026-03-14 13:47:25,106998,143639,QZ-L 3870,ZZFUSZ6Z6WY160264,Audi,Q5,FY,2021-07-21,108130,,,Thomas,Kuhn,Espenstrasse 71,93047,Regensburg,tkuhn@example.org,0152 0052335,838970,38,👍 🔜Fertig zur Abholung mit Folgetermin,Vorgangsstatus,38|926,1,399114,,false,1,75,service,Bremsen,,,,fertig,"Audi Q5, QZ-L 3870
Kunde kommt ohne Termin, Bremsen quietschen, bitte prüfen.
Klimaanlage kühlt schlecht, bitte prüfen.
Rückruf erwünscht bevor zusätzliche Arbeiten. Ersatzwagen geklärt, Klasse klein.
Fzg. steht auf dem Hof.
~~~~~~~~~~~~~
09.03.26 18:17 T. Ludwig: Rechnung geschrieben"
895937,2026-06-14 10:15:57,2026-07-01 04:17:27,,false,2026-06-30 16:17:27,2026-06-25 07:18:38,2026-06-30 08:18:38,100865,138212,ZQR-M 5203,ZZEBE4SS9TJ944652,BMW,X1,U11,2015-12-14,81903,,3,Annika,Haas,Weissdornweg 42,30169,Hannover,annika.haas@example.de,+49 173 0435619,152568,1422,Fahrzeug abgeholt (/kommt nochmal),Vorgangsstatus,1422|1139|1175,1,264596,104,false,4,276,damage,Wildunfall,Motorhaube|Stoßstange vorne rechts,mittel,teilkasko,abgeschlossen,"BMW X1, ZQR-M 5203, km 81903
Kunde berichtet: Wildunfall, Tier ist weggelaufen. An Motorhaube Kunststoff eingedrückt (ca. 5 cm).
Zusätzlich Stoßstange vorne rechts betroffen, Delle mit Lackschaden.
Kunde fragt nach Smart Repair. Ersatzwagen geklärt, Klasse klein.
Teilkasko, SB 150 EUR, KVA an Vers.
~~~~~~~~~~~~~
20.06.26 10:15 L. Sauer: Freigabe Versicherung eingetroffen"
857281,2026-08-03 17:51:28,2026-08-28 16:24:52,,true,2026-08-28 14:24:52,2026-08-23 16:19:46,2026-08-26 18:19:46,125533,133748,XQS-UY 423,ZZAGNNND0WA529010,VW,Passat Variant,3G5,2026-05-25,6000,,2,Martin,Vogt,Feldblumenweg 17,50667,Koeln,martin.vogt@example.com,0170/8687124,629737,38,👍 🔜Fertig zur Abholung mit Folgetermin,Vorgangsstatus,38|392|156,1,322925,,false,2,114,service,Inspektion,,,,fertig,"Fzg. angeliefert, Inspektion fällig, Kunde wünscht Kostenrahmen vorab.
Kunde meldet Geräusch beim Lenken.
Kunde holt am Abend ab. Ersatzwagen geklärt, Klasse klein."
862159,2026-05-27 14:59:19,2026-06-06 02:34:26,,false,2026-06-04 12:34:26,2026-05-31 08:57:21,2026-06-03 12:57:21,114349,142693,QQK-FP 536,ZZBTBMSBXW3444101,Skoda,Fabia,PJ,2025-02-13,26627,,2,Simone,Pohl,Bruehlstrasse 49,52062,Aachen,simone.pohl@example.org,+49 162 7354037,607305,121,abgerechnet ! Auftrag erledigt abgeschlossen,Vorgangsstatus,121|938|485,0,,,false,2,87,damage,Parkschaden,Kotflügel vorne links|Beifahrertür,schwer,vollkasko,abgeschlossen,"Fzg. vorgefahren, Parkschaden, kein Zettel hinterlassen. Kotflügel vorne links: Blech verzogen, ca. 5 cm.
Beifahrertür ebenfalls: Teil gerissen und lose.
Kunde bittet um KVA. Abholung durch Kunde am Nachmittag.
VK mit SB 500 EUR, Freigabe abwarten.
~~~~~~~~~~~~~
04.06.26 16:59 Dispo: Teile bestellt, Nachricht an Dispo
05.06.26 19:59 SB: Leihwagen reserviert"
871270,2026-07-07 08:33:18,2026-07-08 22:33:18,,true,,,,127990,152236,XQA-J 4,ZZJ4960VXR1453779,Audi,A6 Avant,4K,2017-06-26,166963,,1,Karin,Pohl,Am Muehlbach 102,60313,Frankfurt am Main,karin.pohl@example.net,0173/7210806,615184,27,✔️Termin bestätigt,Vorgangsstatus,27|1562|1100|999,3,905557|158662|064224,101,false,2,90,damage,Steinschlag,Windschutzscheibe,mittel,teilkasko,neu,"Audi A6 Avant, XQA-J 4, km 166963
KD meldet telefonisch: Steinschlag, Riss wird laut Kunde größer. Riss in Windschutzscheibe zieht sich über die halbe Breite.
Kunde fragt nach Smart Repair.
Teilkasko, SB 150 EUR, KVA an Vers.
Nach Zerlegung nachkalkulieren.
~~~~~~~~~~~~~
12.07.26 12:33 SB: Freigabe Versicherung eingetroffen
13.07.26 17:33 TS: Nachtrag: Kunde bittet um Verschiebung
16.07.26 18:33 Dispo: Fzg. gewaschen, abholbereit"
837418,2026-04-18 08:46:51,2026-04-18 11:46:51,,true,,,,102434,153532,QQZ-UL 6721,ZZEASYAH9VT536306,Skoda,Superb Combi,3V5,2016-12-03,217939,Steinfurt Service e.K.,,,,Salbeiweg 77,79098,Freiburg,,+49 171 9551205,984039,530,🚀Auftrag erteilt/Teile vorbestellt/Termin wenn Teile da,Vorgangsstatus,530|785|438|1172,1,439616,,false,2,157,service,Inspektion,,,,neu,"Bei der Annahme festgestellt: Große Inspektion inkl. Innenraumfilter.
Servicerückstellung nicht erfolgt, bitte mitmachen.
Rückruf erwünscht bevor zusätzliche Arbeiten. Leihwagen ja, Hol- und Bringservice ja.
Fzg. steht auf dem Hof.
~~~~~~~~~~~~~
22.04.26 13:46 H. Hartmann: Fzg. in Halle, Zerlegung begonnen
27.04.26 18:46 Karosserie: Fzg. gewaschen, abholbereit"
883252,2026-01-12 10:52:39,2026-01-17 21:27:12,,false,2026-01-16 10:48:52,2026-01-13 09:27:12,2026-01-16 16:27:12,111016,142648,XQE-YB 6634,ZZBCDEW42W6310693,Mercedes,Sprinter,W907,2024-11-09,42911,,,Ingrid,Beck,Sonnenblumenweg 93,44137,Dortmund,ingrid_beck@example.de,0155 6062859,218608,9,🏁 Abgeholt,Vorgangsstatus,9|936|612,1,386978,109,false,2,126,damage,Vandalismus,Tür hinten links|Kotflügel vorne rechts|Schweller rechts,mittel,teilkasko,abgeschlossen,"Kdune meldet: Vandalismus auf dem Betriebsgelände, Kameraaufnahme vorhanden. Riss im Lack an Tür hinten links, ca. 10 cm.
Auch Kotflügel vorne rechts beschädigt (Riss im Lack).
Weiterer Schaden Schweller rechts, Riss im Lack.
KVA erwünscht, bitte per Mail. Leihwagen nein, Kunde wartet.
Teilkasko läuft, SB laut Police 300 EUR.
Bitte Kalkulation erstellen.
Versicherung: Kiesbach Assekuranz, Schadennr. 16788855."
835566,2026-01-28 11:42:26,2026-02-19 23:11:48,,true,,2026-02-18 14:11:48,,119371,147625,QQS-MV 79,ZZE5RAKV5SU744617,Ford,Puma,J2K,2017-04-01,97659,,2,Markus,Riedel,Nelkenstrasse 7,12587,Berlin,mriedel@example.org,0160/6893127,659690,91,🦊☎Haftung unklar Wiedervorlage,Vorgangsstatus,91|950|1099|609|1172,2,254916|657702,,false,3,220,damage,Parkschaden,Tür hinten links,mittel,selbstzahler,laufend,"Anruf Kunde: Parkschaden vor dem Supermarkt, niemand gemeldet. Schaden an Tür hinten links, Lack abgeplatzt, ca. 10 cm.
KVA erwünscht, bitte per Mail.
Ohne Versicherung, Kunde entscheidet nach Preis."
843740,2026-04-20 17:53:10,2026-04-21 14:53:10,,true,,,,126165,149754,QY-X 672,ZZJ6D4TR0R0335613,Skoda,Kodiaq,NS7,2026-05-17,7696,,2,Lukas,Busch,Nelkenstrasse 106,79098,Freiburg,,+49 179 8363237,925634,534,📲🔰DSA/Bilder/GA/Infos erhalten bitte Kalkulieren,Vorgangsstatus,534|938|1088,1,869135,,false,3,160,damage,Steinschlag,Windschutzscheibe,leicht,selbstzahler,neu,"Bei der Annahme festgestellt: Steinschlag, Riss wird laut Kunde größer. Windschutzscheibe: Einschlag außerhalb Sichtfeld, Harzreparatur angeboten.
Kunde fragt nach Reparaturdauer.
Selbstzahler, Rechnung an Kunde.
Beilackierung notwendig.
~~~~~~~~~~~~~
22.04.26 20:53 L. Vogt: KV an Kunde verschickt"
826351,2026-03-01 10:13:36,2026-03-02 14:13:36,,true,,,,108199,152745,ZQC-H 962,ZZGM2SCMXWZ144932,BMW,5er Limousine,G30,2017-03-05,102542,,2,Stefan,Dietrich,Veilchenweg 57,47051,Duisburg,stefan_dietrich@example.de,+49 (0)152 3685236,963696,1559,"🔧📞 Mechanik Termin bitte vereinbaren /Teile, Freigabe eingetroffen",Vorgangsstatus,1559|958|1086,0,,,false,2,95,damage,Wildunfall,Stoßstange vorne links,mittel,teilkasko,neu,"Kunde berichtet: Wildunfall, Reh gegen Front, Wildbescheinigung liegt vor. Stoßstange vorne links Lack abgeplatzt, ca. 10 cm.
Kunde möchte wissen ob Instandsetzung reicht.
TK deckt Glasschaden, SB 150 EUR.
Versicherung: Nordstern Direkt, Schadennr. 72962731."
864893,2026-04-04 07:20:14,2026-04-25 02:48:37,,true,,2026-04-24 16:48:37,,121547,135084,ZQ-CP 429,ZZENBYLY0W6785110,Opel,Corsa,F,2022-09-19,80427,,,Jana,Sauer,Tannenweg 23,34117,Kassel,jsauer@example.org,+49 (0)174 7673906,240447,157,🛒MECHANIK Teile vorab bestellen!,Vorgangsstatus,157|484|598|1270,2,526651|389006,,false,2,95,service,Inspektion,,,,laufend,"Kunde berichtet: Inspektion fällig, Kunde wünscht Kostenrahmen vorab.
Kunde holt am Abend ab. Leihwagen ja, Hol- und Bringservice ja.
Bitte Wiedervorlage in einer Woche.
~~~~~~~~~~~~~
07.04.26 07:20 Servicebüro: Rückruf nicht erreicht, Mailbox
15.04.26 10:20 TS: Fzg. in Halle, Zerlegung begonnen"
892250,2026-05-13 12:34:08,2026-05-29 15:15:07,,true,,2026-05-29 09:15:07,,124674,158761,QQZ-H 6061,ZZFGXGLJ9W4172840,BMW,X3,G01,2025-01-15,15894,,1,Nicole,Krause,Lerchenstrasse 8,95444,Bayreuth,,0173 1485792,528262,435,🕋🤔Antwort Versicherer/GA/Leasing/Kunde fehlt,Vorgangsstatus,435|238|2|997|99,1,018921,,false,2,176,service,Inspektion,,,,laufend,"Fzg. vorgefahren, Inspektion mit Pollenfilter und Bremsflüssigkeit.
Kontrollleuchte Reifendruck ist an.
Kunde bittet um Kostenvoranschlag. Leihwagen ja.
Kunde bekommt Zwischeninfo."
873586,2026-07-04 09:52:30,2026-07-20 17:34:11,,true,,2026-07-20 09:34:11,,112316,133004,ZQD-V 36,ZZHKPKD40TC910345,BMW,X1,U11,2022-11-10,38216,,,Martin,Moser,Am Alten Sportplatz 108,79098,Freiburg,martin_moser@example.org,+49 (0)170 8442228,914928,16,⚠️Warte auf Freigabe,Vorgangsstatus,16|184|602|499,2,606897|506370,,false,3,112,service,Ölwechsel,,,,laufend,"Lt. Kunde: Ölwechsel, Longlife zurücksetzen.
Kunde bittet um Kostenvoranschlag. Kunde wartet vor Ort.
~~~~~~~~~~~~~
08.07.26 12:52 Karosserie: Kalkulation fertig, an Prüfer"
863915,2026-06-15 12:38:00,2026-06-29 21:06:09,,false,2026-06-28 12:06:09,2026-06-23 14:18:12,2026-06-27 20:18:12,126663,158776,QZ-W 435,ZZBHK4611X7580070,Ford,Puma,J2K,2024-01-05,26462,,3,Diana,Peters,Birkenweg 117,93047,Regensburg,diana.peters@example.de,0175/4093676,821303,14,🚛✅ Ausgeliefert,Vorgangsstatus,14|395|1220|501,2,138857|971741,,false,2,50,service,Ölwechsel,,,,abgeschlossen,"Ölwechsel: Ölservice laut Serviceintervall, Öl 5W30.
Klimaanlage kühlt schlecht, bitte prüfen.
Kunde fragt nach Ersatzwagen.
~~~~~~~~~~~~~
16.06.26 17:38 Teiledienst: Kalkulation fertig, an Prüfer"
872010,2026-08-07 07:43:13,2026-08-31 05:08:30,,true,,2026-08-30 16:08:30,,100378,155586,ZQR-FF 800,ZZANTN891TE045579,Audi,A4 Avant,8W,2015-11-15,125762,Nordlicht Logistik GmbH & Co. KG,2,Claudia,Ziegler,Sonnenblumenweg 102,70173,Stuttgart,,+49 (0)173 6925524,887898,37,🔜Neuer Folgetermin,Vorgangsstatus,37|396|101|470,0,,,false,2,32,service,Inspektion,,,,laufend,"KD meldet telefonisch: Große Inspektion inkl. Innenraumfilter.
Kunde meldet Vibration ab 120 km/h.
Kunde fragt nach Ersatzwagen.
~~~~~~~~~~~~~
15.08.26 11:43 Annahme: Fzg. gewaschen, abholbereit"
820498,2026-07-30 13:57:29,2026-07-31 02:57:29,,true,,,,124742,135080,ZQR-XL 2069,ZZAV3AC60TR279887,Seat,Ateca,KH7,2019-04-15,110794,,,Andreas,Beck,Lerchenstrasse 23,04109,Leipzig,andreas.beck26@example.org,0171/5618701,408491,1559,"🔧📞 Mechanik Termin bitte vereinbaren /Teile, Freigabe eingetroffen",Vorgangsstatus,1559|936|1147,0,,,false,2,21,damage,Steinschlag,Windschutzscheibe,schwer,teilkasko,neu,"Kunde kommt ohne Termin, Steinschlag auf der Autobahn. Windschutzscheibe: Einschlag außerhalb Sichtfeld, Harzreparatur angeboten.
Abholung durch Kunde am Nachmittag.
Teilkasko, SB 150 EUR, KVA an Vers.
Nach Zerlegung nachkalkulieren.
Versicherung: Talblick Versicherung, Schadennr. 38320459.
~~~~~~~~~~~~~
04.08.26 13:57 J. Wendt: Fzg. in Halle, Zerlegung begonnen"
863160,2026-07-29 11:13:01,2026-07-30 12:13:01,,true,,,,108498,146457,XQM-DW 16,ZZFKMDYT0VB467752,BMW,5er Limousine,G30,2015-01-20,231220,,,Melanie,Herrmann,Distelweg 80,40213,Duesseldorf,melanie.herrmann53@example.org,+49 (0)179 3340977,513329,27,✔️Termin bestätigt,Vorgangsstatus,27|240|406|99,1,235444,,false,1,60,service,Räder und Reifen,,,,neu,"Räder und Reifen: Räderwechsel Sommer auf Winter, Einlagerung vorhanden.
Bitte Softwarestand prüfen, Rückruf offen.
Kunde holt am Abend ab. Leihwagen nein, Kunde wartet.
~~~~~~~~~~~~~
01.08.26 12:13 SB: Nachtrag: Kunde bittet um Verschiebung
04.08.26 15:13 U. Martens: Teile bestellt, Nachricht an Dispo"
858274,2026-03-25 12:58:01,2026-03-28 15:53:27,,false,2026-03-27 15:53:27,2026-03-26 08:18:04,2026-03-27 09:18:04,104619,149172,QQF-RR 4870,ZZBEVEF54XL104289,VW,T-Roc,A11,2022-04-01,92218,Buchenkamp Sanitaer AG,,Sven,Heinrich,Am Alten Sportplatz 10,10247,Berlin,sheinrich@example.org,+49 174 1712676,774517,721,🌝 Fzg angekauft,Vorgangsstatus,721|240|434|998,2,492749|377264,,false,0,0,service,HU/AU,,,,abgeschlossen,"HU/AU: TÜV Termin, Fzg. vorher durchsehen.
Servicerückstellung nicht erfolgt, bitte mitmachen.
Kunde wartet vor Ort.
~~~~~~~~~~~~~
31.03.26 12:58 O. Horn: Kalkulation fertig, an Prüfer
06.04.26 12:58 SB: Leihwagen reserviert"
831881,2026-04-05 07:31:17,2026-05-01 10:56:42,,true,2026-05-01 10:56:42,2026-04-23 09:35:28,2026-04-28 12:35:28,126596,134561,QQR-SE 9604,ZZA503S74SA161627,VW,Tiguan,5N,2024-10-10,16771,,2,Petra,Peters,Quittenweg 100,50667,Koeln,petra.peters@example.org,+49 178 7481700,416050,12,👍 Fertig zur Abholung,Vorgangsstatus,12|953|489,0,,,false,2,85,damage,Rangierschaden,Kotflügel vorne rechts|Tür hinten links,leicht,haftpflicht_gegner,fertig,"VW Tiguan, QQR-SE 9604, km 16771
Anruf Kunde: Rangierschaden, Fahrer meldet Kontakt mit Mauer. Kotflügel vorne rechts: Kratzer im Klarlack, auf ganzer Länge.
Auch Tür hinten links beschädigt (Kratzer im Klarlack).
KVA erwünscht, bitte per Mail. Kunde wartet vor Ort.
Haftpflicht Gegner, Gutachter beauftragt.
Termin steht, Dauer ca. 2 Tage.
~~~~~~~~~~~~~
11.04.26 10:31 SB: Kalkulation fertig, an Prüfer
17.04.26 14:31 Annahme: Kunde meldet sich wegen Termin"
849859,2026-05-13 09:37:56,2026-06-04 11:05:45,,false,2026-06-03 09:05:45,2026-05-26 09:48:45,2026-05-31 12:48:45,118589,144983,QQS-DY 65,ZZD2MJVV2WT567148,Skoda,Scala,NW1,2017-09-21,205191,Talblick Logistik e.K.,1,Ralf,Zimmer,Drosselgasse 64,97070,Wuerzburg,,0160 0000939,900788,721,🌝 Fzg angekauft,Vorgangsstatus,721|937|499,2,572223|531034,,false,3,164,damage,Parkschaden,Stoßstange hinten links|Tür hinten rechts,leicht,selbstzahler,abgeschlossen,"KD meldet telefonisch: Parkschaden in der Tiefgarage, Verursacher unbekannt. Schaden an Stoßstange hinten links, Druckstelle, ca. 3 cm Durchmesser.
Zusätzlich Tür hinten rechts betroffen, Druckstelle.
Kunde fragt nach Reparaturdauer.
Kunde zahlt selbst, KVA vorab.
~~~~~~~~~~~~~
20.05.26 13:37 S. Kaiser: KV an Kunde verschickt"
834495,2026-02-20 12:26:05,2026-03-06 05:28:36,,false,2026-03-04 16:28:36,2026-03-02 17:08:17,2026-03-02 20:08:17,123356,142473,QQR-LJ 516,ZZALAUYJ6V4428668,Mercedes,GLC,X254,2026-03-27,4215,,,Heike,Franke,Erlenkamp 80,13407,Berlin,heike.franke56@example.de,0176/4924825,684294,41,🛑 Wartet auf Abholung durch Verwerter/Leasing/sonstige,Vorgangsstatus,41|398|399|99,1,487221,,false,2,138,service,Inspektion,,,,abgeschlossen,"Mercedes GLC, QQR-LJ 516, km 4215
Kunde bringt Fzg., Große Inspektion inkl. Innenraumfilter.
Klimaanlage kühlt schlecht, bitte prüfen.
Kunde holt am Abend ab.
~~~~~~~~~~~~~
25.02.26 14:26 Servicebüro: Kunde meldet sich wegen Termin
03.03.26 19:26 U. Jung: KD informiert, Termin steht"
859122,2026-07-25 11:16:41,2026-07-31 05:22:57,,true,,2026-07-30 17:22:57,,126091,145454,ZQC-GZ 146,ZZDKP0Z37XE317095,Mercedes,Sprinter,W907,2022-02-10,67038,,3,Elena,Zimmer,Buchenallee 50,97070,Wuerzburg,,+49 179 7623134,800467,92,😀↪🕧Kunde erreicht Meldet sich,Vorgangsstatus,92|240|1174,2,422867|714163,,false,0,0,service,Bremsen,,,,laufend,"Kunde bringt Fzg., Bremsen quietschen, bitte prüfen.
Leihwagen nein, Kunde wartet.
Termin nach Teileeingang.
~~~~~~~~~~~~~
26.07.26 13:16 Karosserie: Endkontrolle offen"
852068,2026-03-04 07:07:20,2026-03-28 16:56:04,,false,2026-03-27 09:56:04,2026-03-21 14:16:30,2026-03-26 17:16:30,119370,130253,QQR-K 2,ZZJ0YA128VP775241,VW,Golf,5H,2021-12-18,32893,,3,Markus,Vogt,Distelweg 37,55116,Mainz,markus.vogt@example.net,+49 (0)178 4797956,881634,36,🏁🔜Abgeholt/Ausgeliefert - Folgetermin offen,Vorgangsstatus,36|957|1586|489,2,971693|453280,101,true,1,83,damage,Hagelschaden,Dach|Heckklappe|Motorhaube,schwer,teilkasko,abgeschlossen,"Kunde kommt ohne Termin, Hagelschaden, Kunde meldet Unwetterschaden. Dach übersät mit Dellen, Zählung Dellenkarte offen.
Hagel: Heckklappe betroffen, Lack laut Sichtprüfung intakt.
Motorhaube mit mehreren Dellen aus Hagelschlag.
Kunde bittet um KVA.
Teilkasko läuft, SB laut Police 300 EUR.
Fotos liegen im Vorgang.
~~~~~~~~~~~~~
07.03.26 10:07 T. Brandt: Rückruf nicht erreicht, Mailbox"
875222,2026-03-06 14:23:02,2026-03-07 19:23:02,,true,,,,103861,156368,ZQR-UB 2529,ZZCSV3J17TV668704,Seat,Leon,KL1,2021-02-23,67221,,,Fabian,Otto,Haselnussweg 139,86150,Augsburg,fabian.otto10@example.com,0152 9486291,835577,530,🚀Auftrag erteilt/Teile vorbestellt/Termin wenn Teile da,Vorgangsstatus,530|938|1087|1609|1002,1,018253,109,true,3,124,damage,Auffahrunfall,Stoßstange vorne rechts|Stoßstange hinten rechts,schwer,haftpflicht_gegner,neu,"Fzg. angeliefert, Auffahrunfall an der Ampel, Gegner aufgefahren. Stoßstange vorne rechts: großflächig deformiert, punktuell, mehrere Stellen.
Auch Stoßstange hinten rechts beschädigt (Träger verformt).
Abholung durch Kunde am Nachmittag.
Haftpflicht Gegner, Gutachter beauftragt.
Bitte Lackabgleich, Farbton prüfen.
Versicherung: Kiesbach Assekuranz, Schadennr. 64350396.
~~~~~~~~~~~~~
09.03.26 18:23 F. Baumann: Kalkulation fertig, an Prüfer"
862379,2026-01-24 10:57:08,2026-02-14 09:11:59,,false,2026-02-13 17:11:59,2026-02-08 16:58:53,2026-02-11 17:58:53,128977,146629,QX-RS 60,ZZALG7XCXWD931852,Opel,Astra Sports Tourer,L,2013-05-16,268168,,,Silke,Dietrich,Zypressenweg 94,65183,Wiesbaden,sdietrich@example.org,+49 (0)170 3922640,853004,9,🏁 Abgeholt,Vorgangsstatus,9|956|1573|399,0,,,false,4,167,damage,Steinschlag,Windschutzscheibe,schwer,teilkasko,abgeschlossen,"Opel Astra Sports Tourer, QX-RS 60
Bei der Annahme festgestellt: Steinschlag vom Lkw vor dem Fzg. Windschutzscheibe Steinschlag am Rand, Reparatur laut Prüfung möglich.
Kunde wartet vor Ort.
TK vorhanden, SB 150 EUR.
Termin nach Teileeingang.
~~~~~~~~~~~~~
30.01.26 14:57 Dispo: Fzg. in Halle, Zerlegung begonnen"
885549,2026-04-07 14:05:20,2026-04-26 00:46:14,,true,2026-04-25 10:46:14,2026-04-24 07:07:15,2026-04-25 08:07:15,116226,156569,ZQ-AK 880,ZZF9D7HW4T4219368,Mercedes,Vito,W447,2013-06-27,119431,,2,Jan,Kliemann,Am Muehlbach 123,86150,Augsburg,,+49 (0)176 9667728,239164,38,👍 🔜Fertig zur Abholung mit Folgetermin,Vorgangsstatus,38|958|1086|1006,1,764044,117,false,2,26,damage,Steinschlag,Windschutzscheibe,schwer,teilkasko,fertig,"Kunde berichtet: Steinschlag, Schaden am 30.03. bemerkt. Windschutzscheibe mit Einschlag ca. 2 cm, Fahrerseite unten.
Kunde möchte wissen ob Instandsetzung reicht. Leihwagen nein, Kunde wartet.
Teilkasko läuft, SB laut Police 300 EUR.
Bitte Lackabgleich, Farbton prüfen.
~~~~~~~~~~~~~
15.04.26 17:05 M. Franke: Freigabe Versicherung eingetroffen"
835203,2026-02-18 15:58:52,2026-03-10 07:49:20,,false,2026-03-09 17:49:20,2026-03-09 08:22:59,2026-03-09 12:22:59,106726,138063,QZ-C 654,ZZGNCCGN9RK470843,Skoda,Scala,NW1,2024-04-13,58709,,1,Diana,Gross,Nelkenstrasse 72,44137,Dortmund,diana.gross77@example.net,+49 (0)179 2797593,209966,41,🛑 Wartet auf Abholung durch Verwerter/Leasing/sonstige,Vorgangsstatus,41|785|1174|1449,2,019288|378227,,false,0,0,service,Ölwechsel,,,,abgeschlossen,"Skoda Scala, QZ-C 654, km 58709
Kunde bringt Fzg., Ölwechsel inkl. Filter nach Serviceplan.
Kunde wünscht Kostenrahmen vorab.
Kunde bekommt Zwischeninfo."
823239,2026-03-09 08:03:55,2026-03-29 14:51:08,,true,,2026-03-29 11:51:08,,101193,156725,ZQR-HX 4522,ZZFM78CU6SU820552,BMW,1er,F40,2023-01-12,56899,,,Florian,Jung,Ulmenstrasse 123,93047,Regensburg,florian_jung@example.org,+49 162 2837256,553797,18,☢️ Auftrag steht ☢️,Vorgangsstatus,18|398|602,3,463533|748505|498260,,false,1,27,service,HU/AU,,,,laufend,"Lt. Kunde: HU überfällig seit letztem Monat.
Batterie schwach, Startprobleme morgens.
Rückruf erwünscht bevor zusätzliche Arbeiten."
895621,2026-01-16 10:18:04,2026-02-11 00:45:00,,false,2026-02-10 11:45:00,2026-02-04 17:00:17,2026-02-07 21:00:17,106984,153302,ZQC-RC 772,ZZD381M51RM488725,Audi,A1 Sportback,GB,2014-01-17,142328,,,Silke,Ritter,Buchenallee 35,01067,Dresden,silke_ritter@example.com,+49 (0)155 2592513,064562,1422,Fahrzeug abgeholt (/kommt nochmal),Vorgangsstatus,1422|239|865|1014,1,398251,,false,1,33,service,Ölwechsel,,,,abgeschlossen,"Fzg. vorgefahren, Ölservice fällig, Anzeige im Display.
Klimaanlage kühlt schlecht, bitte prüfen.
Kunde bittet um Kostenvoranschlag. Fzg. bleibt über Nacht da.
~~~~~~~~~~~~~
17.01.26 11:18 Karosserie: Kunde meldet sich wegen Termin
22.01.26 15:18 Karosserie: KD informiert, Termin steht
26.01.26 16:18 Servicebüro: Leihwagen reserviert"
846074,2026-02-26 15:25:46,2026-02-27 20:25:46,,true,,,,106584,131108,ZQB-W 63,ZZHX2B2R3YP149376,BMW,X1,U11,2024-08-12,46037,,1,Karin,Beck,Birkenweg 100,40213,Duesseldorf,kbeck@example.net,+49 (0)162 1140326,386808,88,🙂Vorgang angelegt,Vorgangsstatus,88|954|101|1131,3,377449|665129|942726,113,false,1,42,damage,Steinschlag,Windschutzscheibe,leicht,teilkasko,neu,"Kunde bringt Fzg., Steinschlag bei der Baustellenfahrt. Riss in Windschutzscheibe zieht sich über die halbe Breite.
KVA erwünscht, bitte per Mail.
Teilkasko läuft, SB laut Police 300 EUR.
Ersatzteil nur komplett lieferbar, Austausch statt Instandsetzung.
~~~~~~~~~~~~~
28.02.26 19:25 Servicebüro: Fzg. in Halle, Zerlegung begonnen
05.03.26 20:25 Annahme: KD informiert, Termin steht
12.03.26 23:25 SB: Fzg. gewaschen, abholbereit"
857653,2026-02-14 16:31:16,2026-02-28 00:47:57,,true,,2026-02-27 17:47:57,,107502,149382,XQE-KF 80,ZZAG7WNM0V2117386,BMW,X1,U11,2021-09-14,90393,Rheinpfad Handel GmbH & Co. KG,,,,Buchenallee 116,12587,Berlin,kontakt.graf@example.com,0171 3762652,002577,91,🦊☎Haftung unklar Wiedervorlage,Vorgangsstatus,91|958|1042,0,,,false,0,0,damage,Vandalismus,Fahrertür,mittel,teilkasko,laufend,"Kunde meldet: Vandalismus, Anzeige bei der Polizei erstattet. Fahrertür Lack abgeplatzt, handtellergroß.
KVA erwünscht, bitte per Mail.
Teilkasko, SB 150 EUR, KVA an Vers.
Fotos liegen im Vorgang.
Versicherung: Talblick Versicherung, Schadennr. 82854246."
857915,2026-06-14 12:01:04,2026-06-27 14:51:00,,true,,2026-06-26 16:51:00,,129355,132378,QQD-T 55,ZZCUAANV1WH961720,Opel,Vivaro,K0,2014-04-05,279864,,,Jens,Baumann,Lerchenstrasse 3,50667,Koeln,jbaumann@example.de,0160/6949384,742286,11,👽💣Rückstand ohne Termin! Teilerückstand Fzg. bei uns,Vorgangsstatus,11|948|101|501,0,,,false,2,28,damage,Auffahrunfall,Kotflügel vorne links|Heckklappe|Kotflügel hinten rechts,mittel,vollkasko,laufend,"Kunde kommt ohne Termin, Auffahrunfall an der Ampel, Gegner aufgefahren. Kotflügel vorne links: Halterung gebrochen, ca. 3 cm Durchmesser.
Auch Heckklappe beschädigt (Riss im Lack).
Weiterer Schaden Kotflügel hinten rechts, Beule.
Kunde fragt nach Reparaturdauer. Ersatzwagen geklärt, Klasse klein.
Vollkasko, Rückstufung mit Kunde besprochen.
Nach Zerlegung nachkalkulieren.
Versicherung: Talblick Versicherung, Schadennr. 43385420."
883763,2026-05-19 10:33:57,2026-06-09 07:56:40,,true,2026-06-07 17:29:02,2026-06-02 14:56:40,2026-06-07 21:56:40,105874,158682,QQB-T 88,ZZCBP1664YL833680,Ford,Focus Turnier,DEH,2026-01-25,7315,,,Birgit,Scholz,Quittenweg 59,86150,Augsburg,birgit.scholz@example.com,0152/3578608,464256,39,📞🔜✔️Abholbereit Folgetermin vereinbaren,Vorgangsstatus,39|395|532|108,1,814396,,false,2,68,service,Ölwechsel,,,,fertig,"Ford Focus Turnier, QQB-T 88
Kunde meldet: Ölwechsel, Longlife zurücksetzen.
Rückruf erwünscht bevor zusätzliche Arbeiten. Hol- und Bringservice gewünscht.
~~~~~~~~~~~~~
24.05.26 13:33 Dispo: Endkontrolle offen"
896311,2026-07-28 14:50:34,2026-08-08 00:28:27,,false,2026-08-07 15:28:27,2026-08-03 14:46:23,2026-08-05 15:46:23,114930,137502,QQH-A 54,ZZAGGJGN6RU480973,Opel,Vivaro,K0,2015-10-17,75092,Lindenhof Bau GmbH,3,,,Lindenweg 14,50667,Koeln,kotto@example.de,0151/4669083,517054,41,🛑 Wartet auf Abholung durch Verwerter/Leasing/sonstige,Vorgangsstatus,41|938|1099,1,755797,121,false,2,49,damage,Vandalismus,Schweller links,leicht,vollkasko,abgeschlossen,"Opel Vivaro, QQH-A 54, km 75092
Kunde berichtet: Vandalismus, Kunde hat Anzeige aufgenommen. Kratzer, Lack nicht durch an Schweller links, ca. 3 cm Durchmesser.
Kunde möchte wissen ob Instandsetzung reicht. Fzg. bleibt über Nacht da.
Vollkasko, Rückstufung mit Kunde besprochen.
Termin nach Teileeingang.
Versicherung: Blauberg Allgemeine, Schadennr. 10476346.
~~~~~~~~~~~~~
01.08.26 19:50 U. Herrmann: Kunde meldet sich wegen Termin
02.08.26 23:50 U. Herrmann: Fzg. gewaschen, abholbereit"
832361,2026-05-25 17:44:04,2026-06-20 19:16:59,,false,2026-06-20 07:16:59,2026-06-17 14:24:58,2026-06-17 18:24:58,100380,148454,ZQB-D 19,ZZHK68GM4YT243627,BMW,1er,F40,2016-10-15,112098,,,Dirk,Stein,Zedernweg 130,99084,Erfurt,,+49 179 7256640,978388,14,🚛✅ Ausgeliefert,Vorgangsstatus,14|938|1566|996,1,403835,117,false,1,89,damage,Parkschaden,Stoßstange hinten links,schwer,vollkasko,abgeschlossen,"Fzg. vorgefahren, Parkschaden, Verursacher unbekannt. Stoßstange hinten links: Blech verzogen, handtellergroß.
Kunde fragt nach Smart Repair.
Vollkasko, SB 500 EUR, Schadenmeldung raus."
892447,2026-07-01 09:41:36,2026-07-11 11:35:49,,false,2026-07-11 08:35:49,2026-07-03 10:39:58,2026-07-08 11:39:58,123653,135582,QQB-HB 29,ZZBE01SR2X5183630,VW,Passat Variant,3G5,2026-03-19,9385,,,Sebastian,Lehmann,Amselweg 44,86150,Augsburg,,0179/7628275,684392,721,🌝 Fzg angekauft,Vorgangsstatus,721|952|1149,1,068852,,false,2,94,damage,Rangierschaden,Stoßstange hinten,schwer,selbstzahler,abgeschlossen,"VW Passat Variant, QQB-HB 29
Kunde bringt Fzg., Rangierschaden beim Ausparken. Blech verzogen an Stoßstange hinten, handtellergroß.
Kunde möchte wissen ob Instandsetzung reicht. Kunde wartet vor Ort.
Selbstzahler, Rechnung an Kunde.
Kunde ist informiert, meldet sich.
~~~~~~~~~~~~~
08.07.26 14:41 N. Winkler: Ersatzteil eingetroffen, Termin vereinbaren
14.07.26 15:41 N. Winkler: Freigabe Versicherung eingetroffen"
895608,2026-01-22 08:17:58,2026-02-06 12:28:11,,false,2026-02-06 08:28:11,2026-01-31 10:54:47,2026-02-05 16:54:47,127556,139268,ZQM-RF 94,ZZGA54HH5RC845810,Seat,Leon,KL1,2022-05-28,30349,Talblick Sanitaer OHG,,Lukas,Haas,Quittenweg 13,38100,Braunschweig,lhaas@example.de,0152 4151119,914801,14,🚛✅ Ausgeliefert,Vorgangsstatus,14|956|614,2,468385|222887,,false,0,0,damage,Rangierschaden,Außenspiegel links,leicht,selbstzahler,abgeschlossen,"Lt. Kunde: Rangierschaden beim Rangieren am Hof. Schaden an Außenspiegel links, Kratzer, Lack nicht durch, punktuell, mehrere Stellen.
Kunde möchte Fzg. bis Monatsende zurück.
Selbstzahler, Rechnung an Kunde.
Nach Zerlegung nachkalkulieren.
~~~~~~~~~~~~~
27.01.26 08:17 Annahme: Freigabe Versicherung eingetroffen
28.01.26 09:17 Lack: Kunde meldet sich wegen Termin
05.02.26 10:17 SB: KD informiert, Termin steht"
845852,2026-02-02 17:21:12,2026-02-18 20:55:34,,true,,2026-02-17 17:55:34,,108817,132009,ZQM-TF 690,ZZFYW9LW7YU180047,BMW,5er Limousine,G30,2019-09-26,106552,,3,Laura,Kaiser,Birkenweg 89,04109,Leipzig,laura_kaiser@example.net,+49 (0)176 1208965,460842,33,⚠️Schadensfeststellung,Vorgangsstatus,33|936,1,892528,101,false,4,147,damage,Steinschlag,Windschutzscheibe,mittel,teilkasko,laufend,"Bei der Annahme festgestellt: Steinschlag vom Lkw vor dem Fzg. Windschutzscheibe Steinschlag am Rand, Reparatur laut Prüfung möglich.
Kunde fragt nach Reparaturdauer. Fzg. bleibt über Nacht da.
TK deckt Glasschaden, SB 150 EUR.
Bitte Wiedervorlage in einer Woche.
~~~~~~~~~~~~~
08.02.26 20:21 K. Kuhn: Kalkulation fertig, an Prüfer
16.02.26 21:21 Teiledienst: Leihwagen reserviert
17.02.26 21:21 K. Kuhn: Endkontrolle offen"
864854,2026-01-15 14:32:04,2026-01-21 13:04:56,,true,,2026-01-21 10:04:56,,105299,158988,XQC-A 7298,ZZBSB739XVM911972,Mercedes,A-Klasse,W177,2012-01-22,227062,,,Claudia,Seidel,An der Bleiche 22,22299,Hamburg,claudia_seidel@example.com,0179 3894832,253112,1164,FZG in Fremdwerkstatt,Vorgangsstatus,1164|1139|1087|861,3,544452|985024|635856,109,false,2,65,damage,Rangierschaden,Motorhaube,leicht,vollkasko,laufend,"Kunde kommt ohne Termin, Rangierschaden, Kunde schildert Hergang selbst. Schaden an Motorhaube, Druckstelle, auf ganzer Länge.
Kunde will erst nach Preis entscheiden. Leihwagen ja.
VK, SB 300 EUR, Vers. informiert.
Nach Zerlegung nachkalkulieren.
~~~~~~~~~~~~~
18.01.26 16:32 Teiledienst: Freigabe Versicherung eingetroffen
22.01.26 21:32 Dispo: Leihwagen reserviert"
822452,2026-07-16 12:01:12,2026-07-17 00:01:12,,true,,,,119343,156921,QZ-GB 227,ZZCDTYPP0YK086833,BMW,1er,F40,2016-06-11,121959,,3,Susanne,Scholz,Amselweg 92,04109,Leipzig,susanne.scholz25@example.org,0162/7521514,066368,530,🚀Auftrag erteilt/Teile vorbestellt/Termin wenn Teile da,Vorgangsstatus,530|235|996|51,1,647337,,false,2,136,service,Bremsen,,,,neu,"Bremsen: Bremsflüssigkeit fällig, Beläge messen.
~~~~~~~~~~~~~
21.07.26 14:01 SB: KD informiert, Termin steht
25.07.26 14:01 J. Krause: Rückruf nicht erreicht, Mailbox"
840363,2026-04-15 09:06:03,2026-05-03 18:56:35,,false,2026-05-02 17:00:05,2026-04-27 10:56:35,2026-05-02 17:56:35,108299,152754,QQT-T 2137,ZZDNBKVW4WN213332,Audi,A6 Avant,4K,2015-08-22,104597,Steinfurt Gartenbau GmbH & Co. KG,1,Markus,Vogt,Kastanienallee 130,95444,Bayreuth,markus.vogt@example.org,0157/8587718,259222,1422,Fahrzeug abgeholt (/kommt nochmal),Vorgangsstatus,1422|1139|1087,1,192692,109,false,2,144,damage,Vandalismus,Stoßstange hinten links|Außenspiegel links|Beifahrertür,mittel,teilkasko,abgeschlossen,"Kunde meldet: Vandalismus, Schaden am 14.04. entdeckt. Schaden an Stoßstange hinten links, Halterung gebrochen, punktuell, mehrere Stellen.
Weiterer Schaden Außenspiegel links, Kunststoff eingedrückt.
Weiterer Schaden Beifahrertür, Riss im Lack.
Kunde möchte wissen ob Instandsetzung reicht. Fzg. bleibt über Nacht da.
Teilkasko, SB 150 EUR, KVA an Vers.
Bitte Lackabgleich, Farbton prüfen.
Versicherung: Kiesbach Assekuranz, Schadennr. 89804778."
821583,2026-07-02 10:59:16,2026-07-03 03:59:16,,true,,,,111860,153688,QQZ-E 701,ZZC8MD472WG399118,Seat,Ateca,KH7,2019-04-09,112697,Altmuehl Handel AG,2,,,Sonnenblumenweg 15,48143,Muenster,kontakt.frank@example.de,0152 5562995,035018,27,✔️Termin bestätigt,Vorgangsstatus,27|1308,1,475047,,false,2,103,service,HU/AU,,,,neu,"Seat Ateca, QQZ-E 701
HU/AU: TÜV/HU mit Abgasuntersuchung.
Kontrollleuchte Reifendruck ist an.
Rückruf erwünscht bevor zusätzliche Arbeiten. Hol- und Bringservice gewünscht.
Teile bestellt, Liefertermin offen.
~~~~~~~~~~~~~
06.07.26 10:59 L. Riedel: Ersatzteil eingetroffen, Termin vereinbaren
07.07.26 12:59 SB: Leihwagen reserviert
10.07.26 17:59 Servicebüro: Kalkulation fertig, an Prüfer"
877468,2026-06-04 13:08:05,2026-06-28 13:58:35,,false,2026-06-28 09:58:35,2026-06-27 08:13:05,2026-06-27 16:13:05,102975,144252,ZQB-D 76,ZZDVH6TH5SE951600,Ford,Focus Turnier,DEH,2023-07-23,73197,Seeblick Service GmbH,,Klaus,Horn,Salbeiweg 111,38100,Braunschweig,,+49 155 3769630,179695,36,🏁🔜Abgeholt/Ausgeliefert - Folgetermin offen,Vorgangsstatus,36|239|437|1249,1,332356,,false,2,81,service,Ölwechsel,,,,abgeschlossen,"Kunde bringt Fzg., Ölservice fällig, Anzeige im Display.
Kunde holt am Abend ab. Abholung durch Kunde am Nachmittag.
~~~~~~~~~~~~~
12.06.26 14:08 Karosserie: Freigabe Versicherung eingetroffen
15.06.26 19:08 D. Ludwig: Kunde meldet sich wegen Termin
20.06.26 22:08 Lack: KD informiert, Termin steht"
856238,2026-02-25 15:19:13,2026-03-21 08:57:19,,true,,2026-03-20 11:57:19,,123204,131804,QQT-F 499,ZZH04S6F4T0429966,BMW,5er Limousine,G30,2014-12-28,242957,,2,Lena,Busch,Quittenweg 5,65183,Wiesbaden,lena.busch@example.net,0159/1290050,046380,25,👇🚚 Holservice,Vorgangsstatus,25|1010|1086|101,1,107753,134,false,1,31,damage,Steinschlag,Windschutzscheibe,leicht,teilkasko,laufend,"Kunde bringt Fzg., Steinschlag, Riss wird laut Kunde größer. Windschutzscheibe: Einschlag außerhalb Sichtfeld, Harzreparatur angeboten.
KVA erwünscht, bitte per Mail.
Teilkasko, SB 150 EUR, KVA an Vers.
Fotos liegen im Vorgang.
~~~~~~~~~~~~~
04.03.26 18:19 Annahme: Ersatzteil eingetroffen, Termin vereinbaren"
886432,2026-04-12 12:32:52,2026-04-13 08:32:52,,true,,,,105951,133580,XQD-K 6927,ZZERS4562RR441707,BMW,5er Limousine,G30,2023-09-22,32960,,3,Laura,Schaefer,Kiefernweg 103,47051,Duisburg,laura.schaefer49@example.com,+49 171 0934574,608080,28,❓Termin unsicher,Vorgangsstatus,28|242|598|110,1,088871,,false,3,256,service,HU/AU,,,,neu,"Fzg. angeliefert, HU/AU fällig, bitte mit Vorabcheck.
Kontrollleuchte Reifendruck ist an.
Kunde holt am Abend ab. Abholung durch Kunde am Nachmittag.
~~~~~~~~~~~~~
20.04.26 16:32 Teiledienst: KV an Kunde verschickt"
833075,2026-05-30 14:50:54,2026-06-28 18:25:01,,true,2026-06-27 15:25:01,2026-06-21 17:59:02,2026-06-25 01:59:02,128216,153510,XQL-V 68,ZZB3FY3Y8XP476084,VW,Caddy,SB,2019-11-10,49370,,2,Ingrid,Krause,Rosmarinweg 90,95444,Bayreuth,ingrid.krause40@example.org,0176 1634105,891960,1153,👆🚚 Bringservice mit Folgetermin,Vorgangsstatus,1153|951|1621,1,540868,121,false,3,205,damage,Rangierschaden,Heckklappe|Stoßstange hinten rechts,mittel,gesteuert,fertig,"Kunde bringt Fzg., Rangierschaden, Fahrer meldet Kontakt mit Mauer. Heckklappe über zwei Bauteile Kunststoff eingedrückt.
Stoßstange hinten rechts ebenfalls: Kunststoff eingedrückt.
Kunde will erst nach Preis entscheiden. Hol- und Bringservice gewünscht.
Gesteuerter Auftrag, RKÜ liegt noch nicht vor.
Bitte Lackabgleich, Farbton prüfen.
Steuerung: Flottenpartner Nord.
~~~~~~~~~~~~~
01.06.26 16:50 P. Martens: Fzg. gewaschen, abholbereit"
839757,2026-01-10 13:19:21,2026-01-11 21:19:21,2026-01-13 07:58:43,false,,,,113568,134142,QY-ZW 65,ZZA16Z4T2VA364482,Audi,Q3,F3,2018-08-27,145370,,,Martin,Winkler,Pappelallee 91,55116,Mainz,mwinkler@example.com,0178 0096941,024676,35,☹️Absage Termin,Vorgangsstatus,35|952|648,1,714034,,false,2,100,damage,Rangierschaden,Kotflügel hinten links|Fahrertür,mittel,selbstzahler,storniert,"Lt. Kunde: Rangierschaden beim Rückwärtsfahren, Kamera verschmutzt. Kotflügel hinten links Halterung gebrochen, über zwei Bauteile.
Auch Fahrertür beschädigt (Riss im Lack).
Kunde fragt nach Smart Repair. Hol- und Bringservice gewünscht.
Selbstzahler, Rechnung an Kunde.
Nach Zerlegung nachkalkulieren.
~~~~~~~~~~~~~
18.01.26 14:19 C. Schaefer: Fzg. in Halle, Zerlegung begonnen
22.01.26 19:19 Servicebüro: KD informiert, Termin steht"
846585,2026-06-23 16:39:10,2026-07-11 11:29:03,,true,2026-07-11 07:29:03,2026-07-04 15:27:12,2026-07-09 21:27:12,106269,138871,ZQS-T 39,ZZBD6WDU1X1541851,Opel,Grandland,A18,2021-04-05,127907,Talblick Handel GmbH & Co. KG,2,Sven,Stein,Distelweg 36,97070,Wuerzburg,,+49 179 5324570,088668,1153,👆🚚 Bringservice mit Folgetermin,Vorgangsstatus,1153|237|865,1,293648,,false,0,0,service,Räder und Reifen,,,,fertig,"Lt. Kdune: Räderwechsel mit Wuchten, Reifendruck prüfen.
Batterie schwach, Startprobleme morgens.
Kunde holt am Abend ab. Leihwagen ja, Hol- und Bringservice ja.
Termin nach Teileeingang.
~~~~~~~~~~~~~
27.06.26 20:39 Dispo: Fzg. gewaschen, abholbereit"
822950,2026-08-08 13:19:44,2026-08-26 02:40:07,,false,2026-08-25 10:01:36,2026-08-23 16:40:07,2026-08-25 21:40:07,111104,134241,ZQR-J 552,ZZD7XMEN7S0400598,Audi,A4 Avant,8W,2016-06-19,126710,,,Birgit,Thiel,Zypressenweg 84,34117,Kassel,bthiel@example.de,+49 (0)160 5220221,738706,36,🏁🔜Abgeholt/Ausgeliefert - Folgetermin offen,Vorgangsstatus,36|949|1604|598|1002,1,364473,109,false,3,135,damage,Auffahrunfall,Stoßstange vorne,leicht,gesteuert,abgeschlossen,"Fzg. angeliefert, Auffahrunfall an der Ampel, Gegner aufgefahren. Stoßstange vorne über zwei Bauteile feine Kratzspuren.
Kunde fragt nach Reparaturdauer. Ersatzwagen geklärt, Klasse klein.
Auftrag über Schadensteuerer, techn. Freigabe offen.
Kunde bekommt Zwischeninfo.
~~~~~~~~~~~~~
11.08.26 15:19 Servicebüro: Kalkulation fertig, an Prüfer"
892053,2026-02-14 07:28:11,2026-02-27 19:01:12,,true,,2026-02-26 15:01:12,,110936,139425,QQN-HM 98,ZZJL27TW1S0188577,Seat,Arona,KJ7,2026-08-23,9231,,2,Uwe,Gross,Erlenkamp 9,50667,Koeln,uwe_gross@example.com,0172/1075477,792855,37,🔜Neuer Folgetermin,Vorgangsstatus,37|184|1172,1,041700,,false,0,0,service,Inspektion,,,,laufend,"Inspektion: Große Inspektion inkl. Innenraumfilter.
Zusätzlich Klappern vorne rechts bei Bodenwellen.
Bitte Rechnung an die Firma. Abholung durch Kunde am Nachmittag.
~~~~~~~~~~~~~
17.02.26 12:28 Karosserie: Leihwagen reserviert
24.02.26 16:28 Teiledienst: Kunde meldet sich wegen Termin
25.02.26 21:28 M. Albrecht: Endkontrolle offen"
856050,2026-03-22 11:58:55,2026-04-09 17:16:22,,false,2026-04-09 12:16:36,2026-04-09 12:16:22,2026-04-09 17:16:22,101789,141454,QQN-V 739,ZZD12YWS7WN995509,Skoda,Karoq,NU7,2020-08-25,40886,,3,Marco,Moser,Bruehlstrasse 120,04109,Leipzig,,0174/1163393,268033,36,🏁🔜Abgeholt/Ausgeliefert - Folgetermin offen,Vorgangsstatus,36|950|487,2,821016|369887,121,false,0,0,damage,Hagelschaden,Heckklappe|Dach|Motorhaube,leicht,teilkasko,abgeschlossen,"Skoda Karoq, QQN-V 739, km 40886
KD meldet telefonisch: Hagelschaden, mehrere Fzg. aus dem Ort betroffen. Heckklappe übersät mit Dellen, Zählung Dellenkarte offen.
Dach mit mehreren Dellen aus Hagelschlag.
Motorhaube mit mehreren Dellen aus Hagelschlag.
Kunde möchte wissen ob Instandsetzung reicht. Leihwagen ja, Hol- und Bringservice ja.
Teilkasko, SB 150 EUR, KVA an Vers."
888452,2026-04-26 12:52:22,2026-05-23 00:20:44,,true,2026-05-22 14:20:44,2026-05-16 12:22:39,2026-05-19 19:22:39,119239,156947,XQB-H 51,ZZBD7D515T7013338,Audi,Q3,F3,2018-10-11,97556,,,Petra,Sauer,Ahornweg 116,76133,Karlsruhe,psauer@example.com,+49 177 3057894,990291,39,📞🔜✔️Abholbereit Folgetermin vereinbaren,Vorgangsstatus,39|955|609|998,3,368614|246974|145722,,false,1,52,damage,Vandalismus,Tür hinten links|Kotflügel hinten rechts,schwer,selbstzahler,fertig,"Fzg. vorgefahren, Vandalismus über Nacht an der Straße. Schaden an Tür hinten links, stark eingedrückt, ca. 3 cm Durchmesser.
Auch Kotflügel hinten rechts beschädigt (Blech verzogen).
Kunde bittet um KVA.
Selbstzahler, keine Vers. im Spiel."
830651,2026-08-03 09:48:28,2026-08-04 19:48:28,2026-08-06 16:51:10,false,,,,115730,142594,XQC-KK 4408,ZZCVDHK30WH651436,Audi,Q2,GA,2016-05-05,182092,,,Lars,Keller,Ahornweg 21,04109,Leipzig,lars.keller@example.net,+49 (0)152 3679770,096676,35,☹️Absage Termin,Vorgangsstatus,35|392|486,2,293354|196206,,false,0,0,service,Inspektion,,,,storniert,"KD meldet telefonisch: Inspektion mit Pollenfilter und Bremsflüssigkeit.
Bitte Softwarestand prüfen, Rückruf offen.
Kunde bittet um Kostenvoranschlag. Leihwagen ja.
~~~~~~~~~~~~~
09.08.26 09:48 D. Hartmann: Freigabe Versicherung eingetroffen
17.08.26 13:48 TS: Nachtrag: Kunde bittet um Verschiebung"
868713,2026-02-28 12:28:07,2026-03-12 18:37:48,,true,,2026-03-12 10:37:48,,111634,133336,ZQM-X 151,ZZDJEVKA9S5066306,Ford,Puma,J2K,2022-11-16,37287,,,Martin,Graf,Ahornweg 12,65183,Wiesbaden,martin_graf@example.de,+49 (0)170 4683881,045208,495,👽⚡🛒Teil im Rückstand Fzg. teilrepariert beim Kunden,Vorgangsstatus,495|182,2,322666|897454,,false,3,107,service,Räder und Reifen,,,,laufend,"Räder und Reifen: Räderwechsel mit Wuchten, Reifendruck prüfen.
Scheibenwischer schmieren, bitte erneuern.
Rückruf erwünscht bevor zusätzliche Arbeiten.
Kunde bekommt Zwischeninfo."
896170,2026-01-20 16:52:04,2026-02-02 23:19:34,,false,2026-02-02 16:19:34,2026-01-29 12:12:10,2026-02-02 14:12:10,128427,152343,ZQD-SH 462,ZZBX7HLD8TD575057,Audi,Q3,F3,2016-08-05,118906,,3,Maria,Baumann,Schlehenweg 2,55116,Mainz,maria.baumann80@example.org,0173/5638532,226782,36,🏁🔜Abgeholt/Ausgeliefert - Folgetermin offen,Vorgangsstatus,36|396|486|1000|109,1,303639,,false,1,77,service,Inspektion,,,,abgeschlossen,"Anruf Kunde: Inspektion fällig, Kunde wünscht Kostenrahmen vorab.
Kunde wartet, bitte zügig.
Fzg. steht auf dem Hof."
899757,2026-04-17 07:47:13,2026-04-18 18:47:13,,true,,,,103662,139036,ZQD-ND 42,ZZA28PK80XL379717,Mercedes,C-Klasse T-Modell,S206,2022-10-19,74804,,3,Oliver,Moser,Ginsterweg 25,80331,Muenchen,oliver_moser@example.net,0173/6234854,609952,533,📲✅Vorkalkulation erledigt bitte Termin vereinbaren,Vorgangsstatus,533|952,1,184342,104,false,3,179,damage,Hagelschaden,Dach|Heckklappe|Motorhaube,leicht,teilkasko,neu,"Kunde meldet: Hagelschaden vom Unwetter am 14.04. Hagelschlag flächig, Dach mit zahlreichen Dellen.
Hagel: Heckklappe betroffen, Lack laut Sichtprüfung intakt.
Motorhaube übersät mit Dellen, Zählung Dellenkarte offen.
Kunde bittet um Terminvorschlag.
TK deckt Glasschaden, SB 150 EUR.
~~~~~~~~~~~~~
20.04.26 12:47 Teiledienst: Rueckruf nicht erreicht, Mailbox"
891054,2026-02-01 12:29:45,2026-02-03 02:29:45,,true,,,,109621,156984,XQR-J 23,ZZFRN8CT7Y8950683,Opel,Grandland,A18,2016-12-22,131006,,2,Nadine,Graf,An der Bleiche 28,63065,Offenbach am Main,nadine.graf97@example.net,0157/9605475,369993,533,📲✅Vorkalkulation erledigt bitte Termin vereinbaren,Vorgangsstatus,533|1563|1571,1,843957,104,false,0,0,damage,Steinschlag,Windschutzscheibe,leicht,teilkasko,neu,"Kunde bringt Fzg., Steinschlag auf der Autobahn. Riss in Windschutzscheibe zieht sich über die halbe Breite.
Kunde fragt nach Smart Repair. Ersatzwagen geklärt, Klasse klein.
TK deckt Glasschaden, SB 150 EUR.
Termin nach Teileeingang."
823609,2026-05-04 11:48:28,2026-05-21 09:27:11,,false,2026-05-20 09:27:11,2026-05-15 09:02:11,2026-05-19 14:02:11,124947,135447,XQM-SS 236,ZZAZ3K2H9XV643358,VW,Golf,5H,2026-03-07,4722,Talblick Vertrieb GmbH & Co. KG,1,Jonas,Pohl,Weissdornweg 100,30169,Hannover,jonas.pohl15@example.org,0157/4511702,342539,41,🛑 Wartet auf Abholung durch Verwerter/Leasing/sonstige,Vorgangsstatus,41|954|1586|1606|611,2,864258|112536,117,false,1,62,damage,Rangierschaden,Schweller links|Heckklappe,mittel,gesteuert,abgeschlossen,"Kunde berichtet: Rangierschaden an der Laderampe. Schaden an Schweller links, Halterung gebrochen, punktuell, mehrere Stellen.
Weiterer Schaden Heckklappe, Delle mit Lackschaden.
Kunde bittet um Terminvorschlag. Leihwagen ja, Hol- und Bringservice ja.
Schadensteuerer hat KVA in Prüfung.
Steuerung: Talblick Fleet.
~~~~~~~~~~~~~
05.05.26 11:48 Y. Baumann: Kunde meldet sich wegen Termin
09.05.26 11:48 Y. Baumann: Freigabe Versicherung eingetroffen"
836898,2026-04-30 12:39:20,2026-05-11 11:53:03,,false,2026-05-10 10:20:13,2026-05-06 13:53:03,2026-05-10 14:53:03,120644,136807,ZQS-TL 5306,ZZH6RDLY7T6925340,BMW,X1,U11,2012-01-21,137326,Talblick Elektrotechnik GmbH,3,Simone,Nolte,Wacholderweg 95,33098,Paderborn,simone.nolte@example.de,0152/6614034,376380,121,abgerechnet ! Auftrag erledigt abgeschlossen,Vorgangsstatus,121|953|1576|1449,1,236096,121,false,1,47,damage,Wildunfall,Stoßstange vorne links,mittel,teilkasko,abgeschlossen,"BMW X1, ZQS-TL 5306
Lt. Kunde: Wildunfall, Reh gegen Front, Wildbescheinigung liegt vor. Riss im Lack an Stoßstange vorne links, über zwei Bauteile.
Kunde will erst nach Preis entscheiden. Fzg. bleibt über Nacht da.
Teilkasko, SB 150 EUR, KVA an Vers.
Beilackierung notwendig.
~~~~~~~~~~~~~
06.05.26 17:39 Servicebüro: Teile besteltl, Nachricht an Dispo"
884239,2026-07-21 07:34:55,2026-07-27 00:42:48,,true,,2026-07-25 10:42:48,,129674,144373,QQF-ZY 6641,ZZDV0F1R9W5774123,Audi,A4 Avant,8W,2016-01-24,102845,,2,Simone,Kern,Lindenweg 74,93047,Regensburg,simone_kern@example.com,0155/3085782,384718,17,♻️In Bearbeitung,Vorgangsstatus,17|948|1270,1,341307,101,false,0,0,damage,Steinschlag,Windschutzscheibe,schwer,teilkasko,laufend,"Kunde berichtet: Steinschlag auf der Autobahn. Windschutzscheibe mit Einschlag ca. 2 cm, Fahrerseite unten.
Abholung durch Kunde am Nachmittag.
TK deckt Glasschaden, SB 150 EUR.
Fzg. steht auf dem Hof.
Versicherung: Nordstern Direkt, Schadennr. 72944294.
~~~~~~~~~~~~~
26.07.26 10:34 C. Stein: Nachtrag: Kunde bittet um Verschiebung
01.08.26 14:34 Teiledienst: Teile bestellt, Nachricht an Dispo
06.08.26 19:34 C. Stein: Rückruf nicht erreicht, Mailbox"
848603,2026-05-07 14:22:55,2026-05-08 09:22:55,2026-05-11 09:03:22,false,,,,113920,139031,XQE-DL 838,ZZFVJR6D0TW990774,Seat,Ateca,KH7,2017-05-09,81915,,3,Helmut,Hahn,Buchenallee 109,22299,Hamburg,hhahn@example.net,0176/7138463,202502,15,🚧Wurde Totalschaden,Vorgangsstatus,15|241|108,0,,,false,3,136,service,HU/AU,,,,storniert,"Kunde berichtet: TÜV Termin, Fzg. vorher durchsehen.
Zusätzlich Klappern vorne rechts bei Bodenwellen.
Hol- und Bringservice gewünscht.
Termin steht, Dauer ca. 2 Tage."
826392,2026-02-24 07:42:31,2026-02-25 15:42:31,,true,,,,122836,151333,QQM-ZP 56,ZZB390VR3TB519106,Mercedes,Vito,W447,2018-05-09,110258,,3,Gabriele,Frank,Lerchenstrasse 90,55116,Mainz,gabriele.frank@example.de,+49 (0)155 1213978,961248,28,❓Termin unsicher,Vorgangsstatus,28|397,1,100495,,false,0,0,service,Räder und Reifen,,,,neu,"Lt. Kunde: Räderwechsel mit Wuchten, Reifendruck prüfen.
Kunde holt am Abend ab. Leihwagen ja, Hol- und Bringservice ja."
878238,2026-02-13 11:13:17,2026-02-20 10:13:28,,true,2026-02-19 17:13:28,2026-02-17 12:28:19,2026-02-18 17:28:19,114950,153368,XQC-KN 3938,ZZAVFENA5YB084707,Mercedes,A-Klasse,W177,2025-11-05,21690,,1,Ingrid,Busch,Pappelallee 77,45127,Essen,ingrid.busch@example.org,+49 (0)159 2669698,998121,38,👍 🔜Fertig zur Abholung mit Folgetermin,Vorgangsstatus,38|1010|1082|476|996,3,814386|078572|257838,134,true,0,0,damage,Steinschlag,Windschutzscheibe,schwer,teilkasko,fertig,"Lt. Kunde: Steinschlag auf der Autobahn. Windschutzscheibe Steinschlag am Rand, Reparatur laut Prüfung möglich.
KVA erwünscht, bitte per Mail. Leihwagen ja, Hol- und Bringservice ja.
Teilkasko, SB 150 EUR, KVA an Vers.
Freigabe eingetroffen, Teile bestellt.
~~~~~~~~~~~~~
17.02.26 14:13 TS: KD informiert, Termin steht"
881791,2026-05-05 09:21:31,2026-05-22 20:50:03,,false,2026-05-22 12:51:10,2026-05-21 10:50:03,2026-05-22 16:50:03,102522,143476,XQB-F 39,ZZARBT8A2V5623775,Mercedes,GLC,X254,2026-02-15,6620,,1,Elena,Winkler,Nelkenstrasse 22,47051,Duisburg,,0163/0952123,809031,41,🛑 Wartet auf Abholung durch Verwerter/Leasing/sonstige,Vorgangsstatus,41|394|998,1,685217,,false,2,85,service,Räder und Reifen,,,,abgeschlossen,"Räder und Reifen: Räderwechsel mit Wuchten, Reifendruck prüfen.
Servicerückstellung nicht erfolgt, bitte mitmachen.
Kunde bittet um Kostenvoranschlag. Fzg. bleibt über Nacht da.
Ersatzteil im Rückstand, Kunde informiert."
856351,2026-02-14 12:24:30,2026-02-15 14:24:30,,true,,,,126367,151381,QQN-YE 63,ZZES45Z47W2415523,Audi,A4 Avant,8W,2015-02-26,259698,,,Birgit,Haas,Nelkenstrasse 5,93047,Regensburg,birgit.haas@example.de,+49 171 2348738,003117,27,✔️Termin bestätigt,Vorgangsstatus,27|949|865,1,602598,109,false,1,30,damage,Steinschlag,Windschutzscheibe,schwer,teilkasko,neu,"Lt. Kunde: Steinschlag auf der Autobahn. Windschutzscheibe Steinschlag am Rand, Reparatur laut Prüfung möglich.
Kunde fragt nach Reparaturdauer. Leihwagen ja, Hol- und Bringservice ja.
Teilkasko, SB 150 EUR, KVA an Vers.
Termin nach Teileeingang.
~~~~~~~~~~~~~
16.02.26 16:24 B. Hahn: Kalkulation fertig, an Prüfer"
844980,2026-06-30 09:48:53,2026-07-24 21:12:51,,false,2026-07-23 15:53:55,2026-07-20 16:12:51,2026-07-23 21:12:51,124079,150453,QY-XX 8,ZZE8HSCC5XN219593,VW,Caddy,SB,2018-06-05,65959,,,Yvonne,Zimmer,Lindenweg 54,60313,Frankfurt am Main,yvonne.zimmer65@example.net,0173/8047663,369011,14,🚛✅ Ausgeliefert,Vorgangsstatus,14|949,1,856488,101,false,2,47,damage,Wildunfall,Stoßstange vorne rechts|Stoßstange vorne|Kotflügel vorne links,schwer,teilkasko,abgeschlossen,"Fzg. angeliefert, Wildunfall, Reh gegen Front, Wildbescheinigung liegt vor. Stoßstange vorne rechts: Aufnahme abgerissen, ca. 10 cm.
Auch Stoßstange vorne beschädigt (großflächig deformiert).
Kotflügel vorne links ebenfalls: stark eingedrückt.
Kunde bittt um Rückruf bis Freitag. Leihwagen ja, Hol- und Bringservice ja.
Teilkasko, SB 150 EUR, KVA an Vers.
Bitte Lackabgleich, Farbton prüfen.
~~~~~~~~~~~~~
03.07.26 10:48 TS: KD informiert, Termiin steht"
829369,2026-06-29 16:31:49,2026-06-30 17:31:49,,true,,,,116288,138440,QQH-X 1595,ZZG4D2SA3XV727806,Skoda,Karoq,NU7,2014-03-09,172033,Rheinpfad Gartenbau e.K.,2,Maria,Winkler,Tannenweg 115,71032,Boeblingen,maria.winkler12@example.de,0176 0949790,341392,436,👋 Termin bitte vereinbaren /Teile/Freigabe/etc. eingetroffen,Vorgangsstatus,436|955|1595|45,1,564089,104,false,2,79,damage,Rangierschaden,Stoßstange hinten|Kotflügel vorne links,schwer,haftpflicht_gegner,neu,"Skoda Karoq, QQH-X 1595
Anruf Kunde: Rangierschaden an der Laderampe. An Stoßstange hinten Bauteil durchgebrochen (handtellergroß).
Weiterer Schaden Kotflügel vorne links, Aufnahme abgerissen.
Kunde bittet um Rückruf bis Freitag.
Haftpflicht Gegner, Gutachter beauftragt.
Fzg. steht auf dem Hof."
880510,2026-01-21 07:02:35,2026-02-13 05:13:04,,false,2026-02-11 16:13:04,2026-02-10 08:50:30,2026-02-11 13:50:30,115200,144718,QQB-ZH 5294,ZZD0M95J1YN251055,Ford,Focus Turnier,DEH,2026-05-11,9572,Buchenkamp Vertrieb AG,,Oliver,Gross,Espenstrasse 136,30655,Hannover,,+49 152 3735438,175192,121,abgerechnet ! Auftrag erledigt abgeschlossen,Vorgangsstatus,121|392|156,1,437401,,false,0,0,service,HU/AU,,,,abgeschlossen,"Ford Focus Turnier, QQB-ZH 5294
KD meldet telefonisch: HU/AU fällig, bitte mit Vorabcheck.
Kunde meldet Geräusch beim Lenken.
Kunde fragt nach Ersatzwagen.
Fzg. steht auf dem Hof.
~~~~~~~~~~~~~
22.01.26 09:02 SB: Ersatzteil eingetroffen, Termin vereinbaren
28.01.26 13:02 Karosserie: Rechnung geschrieben
31.01.26 14:02 Dispo: KD informiert, Termin steht"
840404,2026-01-16 07:34:14,2026-02-10 18:38:12,,true,,2026-02-09 11:38:12,,126605,140614,QQ-S 71,ZZJLTMF90X2440008,VW,Touran,5T,2013-10-06,133824,,2,Petra,Thiel,Erlenkamp 65,79098,Freiburg,petra.thiel64@example.org,0173/6956754,856922,621,🕐⚡🛒 Teil immer noch nicht geliefert Termin kann nicht gehalten werden,Vorgangsstatus,621|948|1606,2,672485|839392,101,false,3,207,damage,Parkschaden,Schweller links,mittel,haftpflicht_gegner,laufend,"Fzg. angeliefert, Parkschaden auf dem Parkplatz. Schweller links: Beule, ca. 25 cm.
Gegnerische Haftpflicht reguliert, Haftung anerkannt.
Beilackierung notwendig.
Versicherung: Nordstern Direkt, Schadennr. 31331887.
~~~~~~~~~~~~~
19.01.26 08:34 Servicebüro: Leihwagen reserviert
20.01.26 13:34 Servicebüro: KV an Kunde verschickt"
863853,2026-06-08 13:23:17,2026-06-22 12:33:41,,false,2026-06-21 14:33:41,2026-06-18 07:53:51,2026-06-18 12:53:51,102291,142275,XQC-L 258,ZZBWA5A56XH320168,Mercedes,Vito,W447,2020-08-08,89951,,,Laura,Horn,Kastanienallee 91,45127,Essen,laura.horn@example.de,+49 162 3893536,818036,1422,Fahrzeug abgeholt (/kommt nochmal),Vorgangsstatus,1422|1010|1571|1449,2,809287|496419,113,false,4,166,damage,Steinschlag,Windschutzscheibe,leicht,teilkasko,abgeschlossen,"Anruf Kunde: Steinschlag, Riss wird laut Kunde größer. Windschutzscheibe Steinschlag am Rand, Reparatur laut Prüfung möglich.
Kunde möchte wissen ob Instandsetzung reicht.
TK vorhanden, SB 150 EUR.
Bitte Wiedervorlage in einer Woche.
Versicherung: Seeblick Kasko, Schadennr. 53384551."
851522,2026-03-10 15:10:31,2026-03-12 05:10:31,2026-03-13 09:51:55,false,,,,104224,148896,XQS-YC 2211,ZZDYL3B55SL686206,Mercedes,E-Klasse,W213,2017-10-25,56025,,,Julia,Sommer,Buchenallee 80,20359,Hamburg,julia.sommer60@example.de,0170/5019887,314309,35,☹️Absage Termin,Vorgangsstatus,35|240|997|108,0,,,false,3,155,service,Inspektion,,,,storniert,"Kunde meldet: Inspektion mit Pollenfilter und Bremsflüssigkeit.
Zusätzlich Klappern vorne rechts bei Bodenwellen.
Kunde bittet um Kostenvoranschlag. Hol- und Bringservice gewünscht.
Termin nach Teileeingang."
858877,2026-03-08 15:21:52,2026-03-22 02:37:27,,true,2026-03-20 14:37:27,2026-03-15 14:25:21,2026-03-19 15:25:21,105537,131076,QX-SF 199,ZZJNJFEB9VF053431,Audi,Q2,GA,2013-10-02,124265,,1,Hannah,Graf,Kiefernweg 15,90402,Nuernberg,hannah_graf@example.net,0160 7650475,647033,38,👍 🔜Fertig zur Abholung mit Folgetermin,Vorgangsstatus,38|918,0,,,false,3,142,service,HU/AU,,,,fertig,"Audi Q2, QX-SF 199
Bei der Annahme festgestellt: TÜV Termin, Fzg. vorher durchsehen.
Kunde holt am Abend ab.
Bitte Wiedervorlage in einer Woche."
862370,2026-01-14 13:26:46,2026-01-25 07:43:53,,false,2026-01-24 07:43:53,2026-01-18 12:01:48,2026-01-21 16:01:48,107276,153041,QQC-HA 2019,ZZHD0PXP7TB069291,Mercedes,Vito,W447,2020-06-07,102461,Steinfurt Bau GmbH,2,,,Am Muehlbach 48,01067,Dresden,khaas@example.net,0176/8866647,175299,121,abgerechnet ! Auftrag erledigt abgeschlossen,Vorgangsstatus,121|241|598,2,643758|682486,,false,2,139,service,Bremsen,,,,abgeschlossen,"Mercedes Vito, QQC-HA 2019, km 102461
Fzg. angeliefert, Bremsflüssigkeit fällig, Beläge messen.
Kontrollleuchte Reifendruck ist an.
Leihwagen ja.
Termin steht, Dauer ca. 2 Tage."
854033,2026-05-17 07:31:12,2026-05-17 14:31:12,,true,,,,104812,158713,XQR-Z 419,ZZJCAXAB9Y1254153,VW,Caddy,SB,2018-10-26,93272,Buchenkamp Sanitaer e.K.,2,Dirk,Frank,Rosmarinweg 54,44137,Dortmund,dirk.frank@example.net,0155/1471429,431473,530,🚀Auftrag erteilt/Teile vorbestellt/Termin wenn Teile da,Vorgangsstatus,530|391|434,2,305569|563957,,false,0,0,service,Inspektion,,,,neu,"VW Caddy, XQR-Z 419, km 93272
Fzg. angeliefert, Inspektion nach Herstellervorgabe.
Klimaanlage kühlt schlecht, bitte prüfen.
Rückruf erwünscht bevor zusätzliche Arbeiten."
884745,2026-01-22 12:24:46,2026-02-16 22:05:34,,true,,2026-02-15 16:05:34,,106971,139459,XQE-KF 367,ZZCS2EJ2XX4359270,Ford,Fiesta,JHH,2014-06-19,171768,,,Nadine,Franke,Bruehlstrasse 30,12587,Berlin,,0179/0782025,223996,1291,Fahrzeug reinholen,Vorgangsstatus,1291|394,2,197262|630927,,false,2,97,service,Räder und Reifen,,,,laufend,"Ford Fiesta, XQE-KF 367
Kunde bringt Fzg., Reifen vorne abgefahren, Angebot erstellen.
Klimaanlage kühlt schlecht, bitte prüfen.
Kunde wünscht Kostenrahmen vorab.
~~~~~~~~~~~~~
29.01.26 17:24 SB: Ersatzteil eingetroffen, Termin vereinbaren
31.01.26 18:24 C. Gross: Kunde meldet sich wegen Termin
01.02.26 22:24 Servicebüro: Endkontrolle offen"
862790,2026-03-28 09:34:16,2026-04-15 08:46:55,,true,2026-04-13 17:46:55,2026-04-06 11:18:21,2026-04-11 15:18:21,114168,138436,QQR-EN 888,ZZJD8WT10X3154055,Skoda,Karoq,NU7,2018-12-17,52164,,3,Lars,Winkler,Akazienweg 20,41061,Moenchengladbach,,0170/3497849,136344,39,📞🔜✔️Abholbereit Folgetermin vereinbaren,Vorgangsstatus,39|937|1572|1607|1449,1,670913,121,false,1,81,damage,Parkschaden,Heckklappe,leicht,haftpflicht_gegner,fertig,"Bei der Annahme festgestellt: Parkschaden in der Tiefgarage, Verursacher unbekannt. Heckklappe auf ganzer Länge Druckstelle.
Kunde möchte wissen ob Instandsetzung reicht. Leihwagen ja, Hol- und Bringservice ja.
Gegnerische Haftpflicht reguliert, Haftung anerkannt."
859902,2026-07-28 09:08:53,2026-08-28 09:26:08,,true,2026-08-27 14:26:08,2026-08-20 13:09:40,2026-08-25 14:09:40,129685,158587,QQF-Z 5038,ZZJGMUB14TB431126,Ford,Puma,J2K,2013-10-07,102519,,1,Dirk,Franke,Veilchenweg 112,28203,Bremen,dirk.franke@example.de,0177 5088590,943925,1153,👆🚚 Bringservice mit Folgetermin,Vorgangsstatus,1153|186|861|1006,1,565584,,false,2,33,service,HU/AU,,,,fertig,"Anruf Kunde: TÜV/HU mit Abgasuntersuchung.
Kunde wartet, bitte zügig. Kunde wartet vor Ort.
Ersatzteil im Rückstand, Kunde informiert.
~~~~~~~~~~~~~
01.08.26 11:08 Servicebüro: Leihwagen reserviert"
862457,2026-01-26 09:07:42,2026-02-06 16:38:26,,true,,2026-02-06 14:38:26,,109070,141946,XQ-NR 37,ZZJZRAKC1SZ723168,Mercedes,A-Klasse,W177,2024-01-14,42162,,,Markus,Hartmann,Malvenweg 12,48143,Muenster,markus.hartmann@example.org,0151 2545598,404331,33,⚠️Schadensfeststellung,Vorgangsstatus,33|955,0,,,false,2,52,damage,Parkschaden,Stoßstange hinten|Tür hinten links,leicht,haftpflicht_gegner,laufend,"Kunde bringt Fzg., Parkschaden vom Wochenende. Schaden an Stoßstange hinten, feine Kratzspuren, ca. 5 cm.
Weiterer Schaden Tür hinten links, Schrammen.
Kunde bittet um KVA. Hol- und Bringservice gewünscht.
Haftpflicht Gegner, Gutachter beauftragt.
Teile bestellt, Liefertermin offen.
Versicherung: Talblick Versicherung, Schadennr. 63058890.
~~~~~~~~~~~~~
28.01.26 11:07 TS: KD informiert, Termin steht
04.02.26 12:07 Dispo: Freigabe Versicherung eingetroffen"
837265,2026-05-31 10:32:25,2026-06-12 13:03:27,,true,,2026-06-11 13:03:27,,100136,146144,ZQR-L 634,ZZCLRXGC9V2534838,Skoda,Karoq,NU7,2026-03-14,12339,,1,Simone,Berger,Veilchenweg 81,30655,Hannover,simone_berger@example.de,+49 (0)173 8379246,249267,34,🌗✔️Nachbestellung Termin bestätigt,Vorgangsstatus,34|954|1586|1249,1,794914,,false,0,0,damage,Vandalismus,Stoßstange hinten rechts|Tür hinten links|Kotflügel hinten rechts,mittel,selbstzahler,laufend,"Fzg. angeliefert, Vandalismus über Nacht an der Straße. Stoßstange hinten rechts Halterung gebrochen, ca. 40 cm.
Weiterer Schaden Tür hinten links, Lack abgeplatzt.
Kotflügel hinten rechts ebenfalls: Lack abgeplatzt.
Kunde bittet um KVA. Fzg. bleibt über Nacht da.
Ohne Versicherung, Kunde entscheidet nach Preis.
Freigabe eingetroffen, Teile bestellt.
~~~~~~~~~~~~~
03.06.26 11:32 TS: Endkontrolle offen
08.06.26 11:32 S. Moser: Leihwagen reserviert
13.06.26 12:32 Servicebüro: Rückruf nicht erreicht, Mailbox"
865767,2026-07-15 07:26:57,2026-07-25 02:48:21,,true,2026-07-24 17:48:21,2026-07-22 15:42:32,2026-07-22 19:42:32,115119,154847,QQK-T 50,ZZFTVH906RP883181,BMW,5er Limousine,G30,2019-08-20,93910,Kieswerk Vertrieb e.K.,1,,,Kastanienallee 26,44137,Dortmund,,+49 163 9600811,206692,12,👍 Fertig zur Abholung,Vorgangsstatus,12|796,1,444757,,false,2,59,service,HU/AU,,,,fertig,"Kunde bringt Fzg., HU/AU fällig, bitte mit Vorabcheck.
Rückruf erwünscht bevor zusätzliche Arbeiten.
Bitte Wiedervorlage in einer Woche.
~~~~~~~~~~~~~
23.07.26 11:26 SB: Teile bestellt, Nachricht an Dispo
31.07.26 11:26 O. Kaiser: Rückruf nicht erreicht, Mailbox
03.08.26 13:26 Lack: Ersatzteil eingetroffen, Termin vereinbaren"
841460,2026-05-06 14:58:56,2026-05-18 03:55:28,,true,2026-05-16 16:55:28,2026-05-11 09:19:54,2026-05-13 11:19:54,115926,152301,XQC-ZY 8164,ZZGU8MG66SG936278,Skoda,Kodiaq,NS7,2015-11-27,103890,,2,Frank,Graf,Kiefernweg 81,99084,Erfurt,frank_graf@example.de,0173 6333859,893106,39,📞🔜✔️Abholbereit Folgetermin vereinbaren,Vorgangsstatus,39|397,1,186653,,false,1,46,service,Inspektion,,,,fertig,"KD meldet telefonisch: Inspektion mit Pollenfilter und Bremsflüssigkeit.
Servicerückstellung nicht erfolgt, bitte mitmachen.
Abholung durch Kunde am Nachmittag.
~~~~~~~~~~~~~
11.05.26 16:58 SB: Rückruf nicht erreicht, Mailbox
14.05.26 21:58 Annahme: Teile bestellt, Nachricht an Dispo"
890230,2026-02-07 12:31:33,2026-03-04 11:56:50,,true,,2026-03-03 16:56:50,,129065,133787,QY-F 250,ZZAK8XCS1WB175183,BMW,3er Touring,G21,2018-07-09,169781,,,Helmut,Heinrich,Ginsterweg 30,50667,Koeln,hheinrich@example.com,0151 2673876,611025,34,🌗✔️Nachbestellung Termin bestätigt,Vorgangsstatus,34|394|1266,1,209274,,false,3,162,service,Ölwechsel,,,,laufend,"Kunde berichtet: Ölservice laut Serviceintervall, Öl 5W30.
Kontrollleuchte Reifendruck ist an.
~~~~~~~~~~~~~
14.02.26 13:31 Annahme: KD informiert, Termin steht"
867137,2026-02-13 15:17:55,2026-02-15 05:17:55,,true,,,,104110,151018,QQN-B 21,ZZHCEY7T5WK664869,BMW,2er Active Tourer,U06,2023-01-23,29298,Rheinpfad Vertrieb OHG,2,Bernd,Sauer,Bruehlstrasse 74,65183,Wiesbaden,,+49 (0)151 9448152,543449,534,📲🔰DSA/Bilder/GA/Infos erhalten bitte Kalkulieren,Vorgangsstatus,534|936,1,000263,,false,3,112,damage,Vandalismus,Stoßstange vorne links,mittel,selbstzahler,neu,"Lt. Kunde: Vandalismus, Schaden am 11.02. entdeckt. Kratzer bis auf Grundierung an Stoßstange vorne links, ca. 25 cm.
Kunde will erst nach Preis entscheiden. Leihwagen ja, Hol- und Bringservice ja.
Selbstzahler, keine Vers. im Spiel.
Freigabe eingetroffen, Teile bestellt.
~~~~~~~~~~~~~
18.02.26 20:17 P. Horn: Kunde meldet sich wegen Termin"
865981,2026-07-31 10:34:30,2026-08-24 22:14:14,,false,2026-08-23 07:14:14,2026-08-19 13:52:52,2026-08-21 17:52:52,118990,149615,ZQA-UX 39,ZZA6P6JJ0VN907339,Skoda,Octavia Combi,NX5,2012-06-16,294123,,2,Frank,Fiedler,An der Bleiche 96,41061,Moenchengladbach,frank_fiedler@example.net,+49 174 7949795,832350,721,🌝 Fzg angekauft,Vorgangsstatus,721|237|434|1013,1,386153,,false,3,159,service,Inspektion,,,,abgeschlossen,"Skoda Octavia Combi, ZQA-UX 39, km 294123
Inspektion: Große Inspektion inkl. Innenraumfilter.
Kunde wartet vor Ort.
~~~~~~~~~~~~~
05.08.26 15:34 D. Stein: Endkontrolle offen"
899492,2026-07-18 13:28:15,2026-08-12 16:29:55,,true,,2026-08-12 15:29:55,,129385,142379,QQA-CN 2866,ZZD2W8XR0SP115866,Mercedes,GLC,X254,2024-05-27,40348,,3,Patrick,Lorenz,Pappelallee 33,95444,Bayreuth,patrick_lorenz@example.de,0179 6837163,398110,25,👇🚚 Holservice,Vorgangsstatus,25|186,1,378110,,false,0,0,service,Bremsen,,,,laufend,"Mercedes GLC, QQA-CN 2866
Bremsen: Bremsflüssigkeit fällig, Beläge messen.
Servicerückstellung nicht erfolgt, bitte mitmachen.
Bitte anrufen wenn mehr anfällt als besprochen.
~~~~~~~~~~~~~
20.07.26 18:28 Annahme: Endkontrolle offen
25.07.26 18:28 S. Sommer: Rückruf nicht erreicht, Mailbox"
899831,2026-05-29 13:40:26,2026-06-16 23:48:20,,false,2026-06-15 09:07:19,2026-06-10 15:48:20,2026-06-15 20:48:20,115413,133716,QQF-JK 9502,ZZB77LB86RB111082,Mercedes,A-Klasse,W177,2023-02-03,85934,Kieswerk Bau e.K.,2,,,Kiefernweg 62,70173,Stuttgart,kontakt_jung@example.org,+49 (0)159 6754894,966850,36,🏁🔜Abgeholt/Ausgeliefert - Folgetermin offen,Vorgangsstatus,36|947|1151|51,1,169901,101,false,0,0,damage,Steinschlag,Windschutzscheibe,mittel,teilkasko,abgeschlossen,"Fzg. vorgefahren, Steinschlag auf der Autobahn. Windschutzscheibe: Einschlag außerhalb Sichtfeld, Harzreparatur angeboten.
Kunde fragt nach Reparaturdauer. Hol- und Bringservice gewünscht.
Teilkasko, SB 150 EUR, KVA an Vers.
Teile bestellt, Liefertermin offen.
~~~~~~~~~~~~~
30.05.26 16:40 Teiledienst: Teile bestellt, Nachricht an Dispo
04.06.26 20:40 Lack: Rückruf nicht erreicht, Mailbox"
891780,2026-03-26 16:34:54,2026-04-20 12:39:08,,true,,2026-04-19 13:39:08,,118788,138482,QQD-B 677,ZZDBV2KV7S8179143,Ford,Puma,J2K,2019-10-03,111005,Altmuehl Elektrotechnik e.K.,,Sven,Schaefer,Ahornweg 67,30655,Hannover,sven.schaefer@example.org,+49 (0)155 2189149,659275,157,🛒MECHANIK Teile vorab bestellen!,Vorgangsstatus,157|952|1083|399,1,368101,,false,0,0,damage,Steinschlag,Windschutzscheibe,mittel,selbstzahler,laufend,"Kunde meldet: Steinschlag vom Lkw vor dem Fzg. Riss in Windschutzscheibe zieht sich über die halbe Breite.
Kunde bittet um Rückruf bis Freitag. Leihwagen ja, Hol- und Bringservice ja.
Ohne Versicherung, Kunde entscheidet nach Preis.
Bitte Lackabgleich, Farbton prüfen.
~~~~~~~~~~~~~
28.03.26 21:34 TS: Leihwagen reserviert"
825030,2026-06-14 10:44:21,2026-06-14 17:44:21,,true,,,,129714,146688,QQD-KV 8647,ZZCAY4E6XXT069487,Skoda,Superb Combi,3V5,2014-02-26,109435,Nordlicht Logistik OHG,2,,,An der Bleiche 56,30169,Hannover,kontakt.heinrich@example.com,0171/2423003,726526,533,📲✅Vorkalkulation erledigt bitte Termin vereinbaren,Vorgangsstatus,533|785|101|1170,1,014471,,false,3,232,service,Ölwechsel,,,,neu,"Skoda Superb Combi, QQD-KV 8647, km 109435
Ölwechsel: Ölservice fällig, Anzeige im Display.
Innenraumfilter riecht, mit tauschen.
Bitte Rechnung an die Firma. Fzg. bleibt über Nacht da.
~~~~~~~~~~~~~
16.06.26 12:44 M. Fiedler: Ersatzteil eingetroffen, Termin vereinbaren"
879066,2026-04-10 09:20:09,2026-04-11 10:20:09,,true,,,,128265,145408,ZQ-LB 849,ZZE2A66Z2T3643000,Mercedes,A-Klasse,W177,2021-08-23,97685,,3,Annika,Schaefer,Bruehlstrasse 90,41061,Moenchengladbach,,0179 3129678,213448,533,📲✅Vorkalkulation erledigt bitte Termin vereinbaren,Vorgangsstatus,533|238|613|501,1,219625,,false,3,123,service,Inspektion,,,,neu,"Mercedes A-Klasse, ZQ-LB 849
KD meldet telefonisch: Inspektion fällig, Kunde wünscht Kostenrahmen vorab.
Klimaanlage kühlt schlecht, bitte prüfen.
Kunde bittet um Kostenvoranschlag.
Kunde ist informiert, meldet sich."
881795,2026-06-18 11:22:48,2026-07-10 00:00:08,,false,2026-07-09 09:55:18,2026-07-05 07:00:08,2026-07-09 11:00:08,100988,153095,QQF-EB 37,ZZE6BN934TU306967,BMW,1er,F40,2019-11-17,107343,,,Julia,Frank,Feldblumenweg 35,10247,Berlin,julia.frank16@example.org,0160/6059900,429688,36,🏁🔜Abgeholt/Ausgeliefert - Folgetermin offen,Vorgangsstatus,36|184|488|1014,2,032362|217039,,false,0,0,service,Inspektion,,,,abgeschlossen,"Fzg. vorgefahren, Inspektion nach Herstellervorgabe.
Kunde meldet Geräusch beim Lenken.
Ersatzwagen geklärt, Klasse klein.
Bitte Wiedervorlage in einer Woche."
875695,2026-05-13 14:02:52,2026-06-06 07:22:37,,true,2026-06-04 14:48:35,2026-06-01 11:22:37,2026-06-04 18:22:37,114735,155624,XQD-K 704,ZZJ6GUFE2WG229747,VW,Passat Variant,3G5,2016-06-26,75486,,3,Bernd,Engel,Veilchenweg 125,93047,Regensburg,bernd.engel@example.com,0177/6515254,535682,1153,👆🚚 Bringservice mit Folgetermin,Vorgangsstatus,1153|1563,3,820705|644684|383415,134,true,3,90,damage,Parkschaden,Kotflügel vorne links,schwer,gesteuert,fertig,"VW Passat Variant, XQD-K 704, km 75486
Fzg. angeliefert, Parkschaden vor dem Supermarkt, niemand gemeldet. Träger verformt an Kotflügel vorne links, handtellergroß.
Kunde möchte wissen ob Instandsetzung reicht. Fzg. bleibt über Nacht da.
Schadensteuerer hat KVA in Prüfung.
Nach Zerlegung nachkalkulieren.
Steuerung: Talblick Fleet."
866323,2026-04-17 14:40:04,2026-04-22 21:45:22,,true,,2026-04-22 09:45:22,,103163,139927,QX-FE 38,ZZA443081SZ829090,BMW,3er Touring,G21,2019-09-08,119950,Kieswerk Elektrotechnik AG,,,,Kastanienallee 30,44137,Dortmund,,+49 177 6695354,765448,92,😀↪🕧Kunde erreicht Meldet sich,Vorgangsstatus,92|397,1,593503,,false,1,51,service,HU/AU,,,,laufend,"BMW 3er Touring, QX-FE 38, km 119950
Kunde meldet: HU überfällig seit letztem Monat.
Kunde meldet Geräusch beim Lenken.
Kunde wartet, bitte zügig. Kunde wartet vor Ort.
~~~~~~~~~~~~~
23.04.26 18:40 SB: Fzg. in Halle, Zerlegung begonnen
30.04.26 23:40 Servicebüro: Kalkulation fertig, an Prüfer
05.05.26 03:40 Servicebüro: KD informiert, Termin steht"
859189,2026-03-28 12:12:42,2026-04-24 18:54:17,,true,2026-04-24 17:54:17,2026-04-22 09:34:46,2026-04-23 10:34:46,116950,147898,ZQA-Z 4,ZZB5K0C03W5005731,Mercedes,A-Klasse,W177,2026-01-28,5641,Blauberg Montage GmbH,3,Ralf,Ziegler,Lerchenstrasse 19,48143,Muenster,rziegler@example.net,0162/4008588,228890,38,👍 🔜Fertig zur Abholung mit Folgetermin,Vorgangsstatus,38|241|438,2,306414|797206,,false,1,25,service,Inspektion,,,,fertig,"Inspektion: Große Inspektion inkl. Innenraumfilter.
Kunde meldet Vibration ab 120 km/h.
Bitte Rechnung an die Firma. Leihwagen ja, Hol- und Bringservice ja."
862181,2026-05-20 14:25:37,2026-05-25 03:52:04,,true,,2026-05-24 14:52:04,,129626,143024,QX-B 86,ZZBAMMYCXTV711450,Mercedes,E-Klasse,W213,2025-03-22,33370,,1,Hannah,Kern,Lindenweg 75,63065,Offenbach am Main,hannah_kern@example.de,+49 (0)162 9306123,519989,17,♻️In Bearbeitung,Vorgangsstatus,17|397|610|994,0,,,false,3,189,service,Inspektion,,,,laufend,"Kunde kommt ohne Termin, Inspektion mit Pollenfilter und Bremsflüssigkeit.
Innenraumfilter riecht, mit tauschen.
Kunde holt am Abend ab.
Bitte Wiedervorlage in einer Woche.
~~~~~~~~~~~~~
22.05.26 16:25 Lack: KV an Kunde verschickt
28.05.26 21:25 M. Berger: Rückruf nicht erreicht, Mailbox
29.05.26 21:25 M. Berger: Fzg. gewaschen, abholbereit"
838641,2026-06-02 17:30:32,2026-06-14 18:24:32,,false,2026-06-14 15:24:32,2026-06-08 13:58:21,2026-06-13 16:58:21,102237,158419,XQE-T 975,ZZF4C4V26XU840968,BMW,5er Limousine,G30,2018-05-01,165216,,3,Melanie,Lorenz,Wacholderweg 87,93047,Regensburg,melanie_lorenz@example.de,+49 (0)172 3941782,061759,1422,Fahrzeug abgeholt (/kommt nochmal),Vorgangsstatus,1422|395|865|497,1,306820,,false,0,0,service,Inspektion,,,,abgeschlossen,"BMW 5er Limousine, XQE-T 975
Kunde kommt ohne Termin, Inspektion mit Pollenfilter und Bremsflüssigkeit.
Kunde meldet Geräusch beim Lenken.
Rückruf erwünscht bevor zusätzliche Arbeiten. Kunde wartet vor Ort.
Termin nach Teileeingang.
~~~~~~~~~~~~~
03.06.26 17:30 Annahme: Rechnung geschrieben"
856108,2026-01-26 09:17:06,2026-02-11 07:27:38,,false,2026-02-10 09:08:11,2026-02-08 14:27:38,2026-02-10 15:27:38,103433,131350,QY-K 890,ZZJS7Y8Z3YJ485813,Seat,Ibiza,KJ1,2023-04-17,54186,Sonnenhang Sanitaer e.K.,1,,,Drosselgasse 44,55116,Mainz,,+49 162 7554616,234273,121,abgerechnet ! Auftrag erledigt abgeschlossen,Vorgangsstatus,121|948|1151|1173,2,076242|066051,,false,0,0,damage,Vandalismus,Kotflügel vorne rechts|Schweller rechts|Motorhaube,leicht,selbstzahler,abgeschlossen,"Seat Ibiza, QY-K 890, km 54186
Bei der Annahme festgestellt: Vandalismus, Verursacher unbekannt. Kotflügel vorne rechts: Lackabrieb, ca. 25 cm.
Weiterer Schaden Schweller rechts, feine Kratzspuren.
Zusätzlich Motorhaube betroffen, Kratzer im Klarlack.
Kunde bittet um Terminvorschlag. Leihwagen nein, Kunde wartet.
Ohne Versicherung, Kunde entscheidet nach Preis.
Fotos liegen im Vorgang.
~~~~~~~~~~~~~
29.01.26 12:17 H. Reuter: Leihwagen reserviert
04.02.26 13:17 TS: KV an Kunde verschickt"
858786,2026-01-13 12:23:00,2026-02-11 03:54:08,,true,2026-02-10 09:54:08,2026-02-07 07:05:17,2026-02-07 11:05:17,122410,132056,XQM-TU 7929,ZZG8L2YU5S8353857,Ford,Puma,J2K,2022-07-18,33985,Buchenkamp Logistik OHG,2,Ingrid,Kliemann,Buchenallee 4,41061,Moenchengladbach,,+49 151 3724824,221589,38,👍 🔜Fertig zur Abholung mit Folgetermin,Vorgangsstatus,38|242|865,1,398236,,false,4,194,service,Räder und Reifen,,,,fertig,"Fzg. vorgefahren, Räderwechsel mit Wuchten, Reifendruck prüfen.
Innenraumfilter riecht, mit tauschen.
Kunde wartet, bitte zügig."
865248,2026-06-15 12:59:13,2026-06-30 01:03:30,,true,,2026-06-29 15:03:30,,119251,153236,XQD-Z 30,ZZDJA86HXVF711113,Audi,Q5,FY,2021-10-01,35097,,,Stefan,Lehmann,Ahornweg 104,10247,Berlin,,+49 (0)159 5705832,653172,17,♻️In Bearbeitung,Vorgangsstatus,17|785|1175,1,054315,,false,0,0,service,Bremsen,,,,laufend,"Bremsen: Bremsscheiben hinten riefig, Kunde meldet Rubbeln.
Kunde wünscht Kostenrahmen vorab. Fzg. bleibt über Nacht da.
Fotos liegen im Vorgang."
865155,2026-04-17 14:16:21,2026-05-15 21:02:16,,false,2026-05-15 10:02:16,2026-05-08 12:40:17,2026-05-13 13:40:17,104651,145787,XQR-LY 4089,ZZAV5P169X3686860,Audi,A1 Sportback,GB,2023-12-08,34728,,,Jonas,Scholz,Amselweg 123,76133,Karlsruhe,jonas.scholz52@example.org,+49 176 8115004,050812,14,🚛✅ Ausgeliefert,Vorgangsstatus,14|1308,1,267819,,false,0,0,service,Bremsen,,,,abgeschlossen,"Bremsen: Bremsflüssigkeit fällig, Beläge messen.
Kunde meldet Vibration ab 120 km/h.
Hol- und Bringservice gewünscht.
~~~~~~~~~~~~~
21.04.26 14:16 A. Wendt: Teile bestellt, Nachricht an Dispo"
850870,2026-01-10 12:08:06,2026-01-11 00:08:06,,true,,,,113083,154147,ZQM-U 5327,ZZFSR2309SK496259,Skoda,Octavia Combi,NX5,2026-04-18,5185,,2,Melanie,Baumann,Bruehlstrasse 35,30655,Hannover,mbaumann@example.com,+49 152 1383474,340116,1559,"🔧📞 Mechanik Termin bitte vereinbaren /Teile, Freigabe eingetroffen",Vorgangsstatus,1559|1010|1131,1,638039,117,false,0,0,damage,Parkschaden,Stoßstange hinten|Tür hinten links,mittel,vollkasko,neu,"Fzg. angeliefert, Parkschaden, Kunde hat Fotos gemacht. An Stoßstange hinten Kratzer bis auf Grundierung (ca. 40 cm).
Weiterer Schaden Tür hinten links, Riss im Lack.
Fzg. bleibt über Nacht da.
Vollkasko, SB 500 EUR, Schadenmeldung raus.
Ersatzteil nur komplett lieferbar, Austausch statt Instandsetzung.
~~~~~~~~~~~~~
12.01.26 12:08 Lack: Rechnung geschrieben
16.01.26 14:08 TS: Leihwagen reserviert"
859320,2026-02-18 15:38:27,2026-03-15 18:25:12,,false,2026-03-14 13:25:12,2026-03-09 15:33:45,2026-03-13 19:33:45,108257,144468,QQK-AS 248,ZZGRXG2P3SF974115,VW,T6.1 Transporter,SG,2017-10-27,75334,Kieswerk Elektrotechnik GmbH,1,,,An der Bleiche 47,90402,Nuernberg,kontakt.beck@example.com,+49 157 5576000,775675,721,🌝 Fzg angekauft,Vorgangsstatus,721|955|1080|1566,1,937078,117,false,1,85,damage,Wildunfall,Stoßstange vorne links,schwer,teilkasko,abgeschlossen,"Kunde meldet: Wildunfall am 11.02. früh morgens. Stoßstange vorne links ca. 3 cm Durchmesser Blech verzogen.
Bitte KVA vor Reparatur abstimmen. Hol- und Bringservice gewünscht.
Teilkasko läuft, SB laut Police 300 EUR.
Versicherung: Weidenhof Sach, Schadennr. 19345251.
~~~~~~~~~~~~~
26.02.26 18:38 C. Kramer: Endkontrolle offen
27.02.26 19:38 Teiledienst: Rechnung geschrieben
04.03.26 22:38 C. Kramer: Kalkulation fertig, an Prüfer"
865386,2026-07-07 11:53:23,2026-07-08 02:53:23,2026-07-09 15:38:21,false,,,,125869,138259,QQB-M 7,ZZG28LMR9XG323000,Seat,Ibiza,KJ1,2022-11-11,71450,,,Laura,Ritter,Feldblumenweg 11,97070,Wuerzburg,laura.ritter@example.com,0179/3689786,702359,13,😢 Kunde nicht erschienen,Vorgangsstatus,13|952|1083,1,949608,,false,0,0,damage,Rangierschaden,Kotflügel vorne rechts,schwer,selbstzahler,storniert,"Fzg. angeliefert, Rangierschaden beim Ausparken. Kotflügel vorne rechts über zwei Bauteile Aufnahme abgerissen.
KVA erwünscht, bitte per Mail.
Selbstzahler, Rechnung an Kunde.
Nach Zerlegung nachkalkulieren.
~~~~~~~~~~~~~
13.07.26 15:53 Annahme: Kalkulation fertig, an Prüfer
17.07.26 15:53 Lack: KD informiert, Termin steht
25.07.26 16:53 Annahme: Rückruf nicht erreicht, Mailbox"
873679,2026-05-01 11:12:10,2026-05-12 20:24:25,,true,,2026-05-11 13:24:25,,112139,142106,QQV-MV 460,ZZFAT0NK3Y1319155,Opel,Astra Sports Tourer,L,2017-01-26,190067,,,Uwe,Jung,Espenstrasse 77,33098,Paderborn,uwe.jung@example.de,0152/3267136,255920,621,🕐⚡🛒 Teil immer noch nicht geliefert Termin kann nicht gehalten werden,Vorgangsstatus,621|182|602|996,1,416097,,false,1,2,service,Ölwechsel,,,,laufend,"Kunde berichtet: Ölwechsel, Longlife zurücksetzen.
Bitte Softwarestand prüfen, Rückruf offen.
Rückruf erwünscht bevor zusätzliche Arbeiten. Kunde wartet vor Ort."
879984,2026-03-22 12:04:17,2026-03-27 17:25:02,,false,2026-03-26 09:25:02,2026-03-25 16:58:03,2026-03-25 19:58:03,103241,147751,QQK-NW 296,ZZDW17AL0XU611502,Ford,Fiesta,JHH,2015-12-24,136861,,,Manuela,Ritter,Lindenweg 79,45127,Essen,manuela_ritter@example.com,0151/3853773,911878,121,abgerechnet ! Auftrag erledigt abgeschlossen,Vorgangsstatus,121|1010|1085|1608|860|996,1,588490,113,false,1,21,damage,Auffahrunfall,Kotflügel vorne rechts|Kotflügel vorne links|Kotflügel hinten rechts,mittel,haftpflicht_gegner,abgeschlossen,"Ford Fiesta, QQK-NW 296, km 136861
KD meldet telefonisch: Auffahrunfall, Hergang lt. Kunde unklar. Kotflügel vorne rechts Delle mit Lackschaden, ca. 40 cm.
Zusätzlich Kotflügel vorne links betroffen, Halterung gebrochen.
Weiterer Schaden Kotflügel hinten rechts, Delle mit Lackschaden.
Kunde will erst nach Preis entscheiden. Ersatzwagen geklärt, Klasse klein.
Unfallgegner bekannt, Haftung dem Grunde nach unstrittig.
Versicherung: Seeblick Kasko, Schadennr. 71106231.
~~~~~~~~~~~~~
26.03.26 13:04 T. Stein: KV an Kunde verschickt
02.04.26 14:04 TS: Rückruf nicht erreicht, Mailbox"
823954,2026-01-09 12:27:37,2026-01-09 18:27:37,2026-01-12 16:48:06,false,,,,124593,147737,XQA-E 9477,ZZH4DCMH3RR973939,Audi,A4 Avant,8W,2019-03-19,115373,Seeblick Montage e.K.,3,,,Buchenallee 100,65183,Wiesbaden,,0170/5606438,915494,35,☹️Absage Termin,Vorgangsstatus,35|1139|1086|1594|399,1,538423,109,true,1,88,damage,Parkschaden,Kotflügel vorne links|Schweller rechts,mittel,gesteuert,storniert,"Kunde meldet: Parkschaden, Kunde hat Fotos gemacht. Kotflügel vorne links: Kunststoff eingedrückt, ca. 10 cm.
Weiterer Schaden Schweller rechts, Kratzer bis auf Grundierung.
Kunde möchte wissen ob Instandsetzung reicht.
Gesteuerter Auftrag, RKÜ liegt noch nicht vor.
Kunde bekommt Zwischeninfo.
Steuerung: Talblick Fleet.
~~~~~~~~~~~~~
16.01.26 15:27 SB: Teile bestellt, Nachricht an Dispo"
829887,2026-04-30 10:27:48,2026-05-01 06:27:48,2026-05-05 17:57:49,false,,,,106754,155700,QQD-NW 56,ZZB9JS3P6V2047193,Opel,Grandland,A18,2013-05-26,229086,,,Nicole,Nolte,Pappelallee 113,71032,Boeblingen,nnolte@example.org,0174 8371263,266490,40,❌ Auftrag storniert,Vorgangsstatus,40|957|1000,0,,,false,0,0,damage,Steinschlag,Windschutzscheibe,schwer,teilkasko,storniert,"Kunde berichtet: Steinschlag bei der Baustellenfahrt. Riss in Windschutzscheibe zieht sich über die halbe Breite.
Kunde fragt nach Reparaturdauer. Fzg. bleibt über Nacht da.
Teilkasko, SB 150 EUR, KVA an Vers.
Ersatzteil nur komplett lieferbar, Austausch statt Instandsetzung."
890375,2026-02-12 17:10:16,2026-02-21 02:02:02,,true,,2026-02-20 09:02:02,,123246,152460,XQB-GR 62,ZZH1GCH93TS998224,Audi,A1 Sportback,GB,2021-09-12,105439,,,Diana,Albrecht,Ulmenstrasse 102,01067,Dresden,diana.albrecht@example.com,+49 (0)173 4092119,421427,33,⚠️Schadensfeststellung,Vorgangsstatus,33|242|610|1131,1,571026,,false,2,100,service,Ölwechsel,,,,laufend,"Bei der Annahme festgestellt: Ölservice fällig, Anzeige im Display.
Scheibenwischer schmieren, bitte erneuern.
Kunde bittet um Kostenvoranschlag.
~~~~~~~~~~~~~
16.02.26 17:10 Dispo: Rückruf nicht erreicht, Mailbox"
830679,2026-08-09 15:16:31,2026-08-28 08:50:02,,true,,2026-08-26 17:50:02,,108822,137539,QQS-U 50,ZZAS2BLB7Y6623216,Mercedes,A-Klasse,W177,2016-02-07,153845,,,Susanne,Riedel,Buchenallee 47,40213,Duesseldorf,sriedel@example.de,+49 163 9818601,414278,89,😪☎Kunde nicht erreicht,Vorgangsstatus,89|796|1175,1,561516,,false,2,94,service,Inspektion,,,,laufend,"Anruf Kunde: Große Inspektion inkl. Innenraumfilter.
Kunde wartet, bitte zügig. Abholung durch Kunde am Nachmittag."
831294,2026-03-05 08:49:45,2026-03-29 17:26:45,,true,2026-03-29 16:26:45,2026-03-28 16:15:49,2026-03-28 21:15:49,129329,155602,QQW-B 9205,ZZC3D7G26X4212168,Audi,Q5,FY,2012-11-14,138745,,3,Sandra,Lorenz,Quittenweg 19,52062,Aachen,sandra.lorenz@example.com,0171 3460618,286090,12,👍 Fertig zur Abholung,Vorgangsstatus,12|954,1,273197,,false,2,114,damage,Rangierschaden,Kotflügel vorne links,leicht,selbstzahler,fertig,"Kunde kommt ohne Termin, Rangierschaden, Kunde schildert Hergang selbst. An Kotflügel vorne links kleine Delle (auf ganzer Länge).
Kunde möchte wissen ob Instandsetzung reicht.
Ohne Versicherung, Kunde entscheidet nach Preis.
~~~~~~~~~~~~~
07.03.26 10:49 TS: KD informiert, Termin steht
10.03.26 10:49 G. Horn: Fzg. in Halle, Zerlegung begonnen"
871432,2026-08-01 07:24:50,2026-08-10 20:37:04,,true,,2026-08-09 14:37:04,,113073,130382,QQV-PJ 520,ZZCTN57W8Y0294756,Mercedes,GLC,X254,2022-10-05,42041,Weidenhof Sanitaer GmbH,1,,,An der Bleiche 6,01067,Dresden,kberger@example.org,+49 160 1626423,323248,37,🔜Neuer Folgetermin,Vorgangsstatus,37|393,1,510069,,false,1,41,service,Inspektion,,,,laufend,"Inspektion: Große Inspektion inkl. Innenraumfilter.
Scheibenwischer schmieren, bitte erneuern.
Kunde bittet um Kostenvoranschlag. Leihwagen nein, Kunde wartet.
Ersatzteil im Rückstand, Kunde informiert.
~~~~~~~~~~~~~
05.08.26 12:24 Karosserie: Ersatzteil eingetroffen, Termin vereinbaren
12.08.26 16:24 D. Scholz: Rueckruf nicht erreicht, Mailbox
18.08.26 16:24 D. Scholz: Endkontrolle offen"
860080,2026-02-09 15:09:57,2026-02-10 16:09:57,2026-02-13 14:31:24,false,,,,114255,144535,XQL-UC 76,ZZB05WGK4Y4448964,Seat,Arona,KJ7,2020-11-28,90755,,,Susanne,Reuter,Ginsterweg 84,10247,Berlin,susanne.reuter19@example.net,+49 179 6081919,397291,13,😢 Kunde nicht erschienen,Vorgangsstatus,13|946|1081,1,984102,101,true,0,0,damage,Vandalismus,Kotflügel vorne rechts|Kotflügel hinten rechts|Kotflügel vorne links,leicht,vollkasko,storniert,"Kunde kommt ohne Termin, Vandalismus, Anzeige bei der Polizei erstattet. Kotflügel vorne rechts ca. 3 cm Durchmesser Kratzer, Lack nicht durch.
Zusätzlich Kotflügel hinten rechts betroffen, Lackabrieb.
Zusätzlich Kotflügel vorne links betroffen, feine Kratzspuren.
Kunde bittet um Rückruf bis Freitag.
Vollkasko, Rückstufung mit Kunde besprochen.
Versicherung: Nordstern Direkt, Schadennr. 23021554."
895796,2026-06-09 09:49:54,2026-07-05 22:57:35,,true,,2026-07-04 07:57:35,,122970,144849,ZQR-NW 14,ZZF5ZJRG4SY887604,Seat,Ateca,KH7,2017-02-11,83201,,,Martin,Dietrich,Kastanienallee 138,20359,Hamburg,martin.dietrich91@example.de,+49 163 5867692,550458,91,🦊☎Haftung unklar Wiedervorlage,Vorgangsstatus,91|951|1147|110,1,644353,,false,1,67,damage,Vandalismus,Tür hinten links,mittel,selbstzahler,laufend,"Kunde berichtet: Vandalismus, Kunde hat Anzeige aufgenommen. Tür hinten links Lack abgeplatzt, ca. 3 cm Durchmesser.
Bitte KVA vor Reparatur abstimmen. Leihwagen nein, Kunde wartet.
Selbstzahler, keine Vers. im Spiel.
Termin nach Teileeingang.
~~~~~~~~~~~~~
16.06.26 10:49 K. Lorenz: Kalkulation fertig, an Prüfer"
851110,2026-03-31 16:54:03,2026-04-26 07:51:04,,false,2026-04-24 11:40:20,2026-04-19 12:51:04,2026-04-24 20:51:04,108850,143427,QQN-LT 82,ZZCNDBF18S9430158,Audi,A4 Avant,8W,2017-09-15,122777,,1,Maria,Lehmann,Salbeiweg 35,06108,Halle (Saale),maria.lehmann65@example.de,+49 173 5032919,472838,9,🏁 Abgeholt,Vorgangsstatus,9|238|614,1,174669,,false,0,0,service,Inspektion,,,,abgeschlossen,"Audi A4 Avant, QQN-LT 82, km 122777
Kunde meldet: Inspektion fällig, Kunde wünscht Kostenrahmen vorab.
Kunde bittet um Kostenvoranschlag. Kunde wartet vor Ort.
~~~~~~~~~~~~~
08.04.26 20:54 Karosserie: Ersatzteil eingetroffen, Termin vereinbaren"
846550,2026-03-13 07:18:28,2026-04-05 02:57:48,,false,2026-04-04 16:57:48,2026-04-03 10:18:18,2026-04-04 11:18:18,102027,151755,QZ-D 45,ZZFSUT8UXTC435241,VW,Passat Variant,3G5,2019-09-12,51678,,,Anja,Ziegler,Zedernweg 135,55116,Mainz,aziegler@example.com,+49 (0)171 8106971,015210,1422,Fahrzeug abgeholt (/kommt nochmal),Vorgangsstatus,1422|958|1608,1,872418,104,false,1,57,damage,Auffahrunfall,Stoßstange vorne rechts,schwer,gesteuert,abgeschlossen,"KD meldet telefonisch: Auffahrunfall, Kunde war selbst aufgefahren. Stoßstange vorne rechts großflächig deformiert, ca. 15 cm.
Kunde bittet um Terminvorschlag.
Steuerung über Flottenpartner, Freigabe schriftlich nötig.
Bitte Lackabgleich, Farbton prüfen.
Steuerung: Flottenpartner Nord.
~~~~~~~~~~~~~
15.03.26 07:18 S. Keller: Endkontrolle offen"
835597,2026-02-26 15:32:29,2026-03-17 21:14:11,,true,,2026-03-16 15:14:11,,114592,144950,ZQB-S 54,ZZC40SKM6WX181593,Skoda,Fabia,PJ,2015-09-20,258285,,,Ralf,Kaiser,Kastanienallee 135,28203,Bremen,rkaiser@example.net,0159 3083148,152448,621,🕐⚡🛒 Teil immer noch nicht geliefert Termin kann nicht gehalten werden,Vorgangsstatus,621|953,1,545637,109,false,0,0,damage,Wildunfall,Kotflügel vorne rechts|Stoßstange vorne rechts|Motorhaube,leicht,teilkasko,laufend,"Skoda Fabia, ZQB-S 54, km 258285
Kunde kommt ohne Termin, Wildunfall in der Dämmerung, Polizei aufgenommen. Lackabrieb an Kotflügel vorne rechts, auf ganzer Länge.
Weiterer Schaden Stoßstange vorne rechts, Lackabrieb.
Weiterer Schaden Motorhaube, kleine Delle.
Bitte KVA vor Reparatur abstimmen.
Teilkasko, SB 150 EUR, KVA an Vers.
Kunde bekommt Zwischeninfo.
Versicherung: Kiesbach Assekuranz, Schadennr. 38124186."
839335,2026-06-28 13:23:45,2026-06-28 16:23:45,,true,,,,112606,145789,QQM-RX 422,ZZHA6VES5W3078289,Ford,Focus Turnier,DEH,2017-07-08,152885,,2,Bernd,Nolte,Buchenallee 20,12587,Berlin,bnolte@example.com,0174/9310524,408814,1559,"🔧📞 Mechanik Termin bitte vereinbaren /Teile, Freigabe eingetroffen",Vorgangsstatus,1559|1308|406,1,675758,,false,2,97,service,Bremsen,,,,neu,"Ford Focus Turnier, QQM-RX 422
Bei der Annahme festgestellt: Bremsscheiben hinten riefig, Kunde meldet Rubbeln.
Kunde holt am Abend ab. Leihwagen ja, Hol- und Bringservice ja.
Teile bestellt, Liefertermin offen.
~~~~~~~~~~~~~
05.07.26 18:23 Teiledienst: Fzg. in Halle, Zerlegung begonnen
12.07.26 19:23 Annahme: KV an Kunde verschickt"
829992,2026-04-08 14:30:27,2026-04-24 18:44:17,,false,2026-04-23 09:31:45,2026-04-20 08:44:17,2026-04-23 09:44:17,117131,152179,QQA-T 931,ZZE1V8X91RJ994267,Opel,Mokka,U,2020-01-11,65831,,,Kerstin,Haas,Drosselgasse 14,04109,Leipzig,khaas@example.com,+49 175 4843397,567808,41,🛑 Wartet auf Abholung durch Verwerter/Leasing/sonstige,Vorgangsstatus,41|397|609,2,721907|824041,,false,2,93,service,Räder und Reifen,,,,abgeschlossen,"Räder und Reifen: Räderwechsel Sommer auf Winter, Einlagerung vorhanden.
Kunde meldet Geräusch beim Lenken.
Kunde holt am Abend ab.
~~~~~~~~~~~~~
15.04.26 14:30 J. Herrmann: Leihwagen reserviert"
857329,2026-06-10 16:11:20,2026-06-30 15:47:06,,false,2026-06-29 08:47:06,2026-06-26 15:08:46,2026-06-27 21:08:46,112322,130252,QQE-X 28,ZZFPV2EF1WC586931,Seat,Ibiza,KJ1,2018-03-28,171773,,3,Sabine,Gross,Weissdornweg 31,93047,Regensburg,sabine_gross@example.org,+49 (0)177 7322184,996076,9,🏁 Abgeholt,Vorgangsstatus,9|395|1449|51,2,711408|166832,,false,0,0,service,Inspektion,,,,abgeschlossen,"Seat Ibiza, QQE-X 28, km 171773
Fzg. vorgefahren, Inspektion mit Pollenfilter und Bremsflüssigkeit.
Servicerückstellung nicht erfolgt, bitte mitmachen."
846640,2026-06-06 12:26:58,2026-06-06 12:26:58,,true,,,,118333,146777,QQ-P 57,ZZJSV4DG6V1140421,Opel,Mokka,U,2026-01-08,14617,Sonnenhang Handel AG,1,Christian,Hartmann,Espenstrasse 34,01067,Dresden,christian.hartmann89@example.org,0155 7666534,385515,530,🚀Auftrag erteilt/Teile vorbestellt/Termin wenn Teile da,Vorgangsstatus,530|239|1172,0,,,false,1,89,service,Ölwechsel,,,,neu,"Opel Mokka, QQ-P 57
Ölwechsel: Ölservice fällig, Anzeige im Display.
Zusätzlich Klappern vorne rechts bei Bodenwellen.
Kunde fragt nach Ersatzwagen. Leihwagen ja, Hol- und Bringservice ja.
Kunde bekommt Zwischeninfo."
857227,2026-04-16 13:45:20,2026-05-08 00:01:07,,false,2026-05-07 08:01:07,2026-05-01 16:21:07,2026-05-05 17:21:07,108373,150632,QQV-PL 62,ZZGNKJUZ7V7883775,Opel,Corsa,F,2021-01-23,51436,,1,Oliver,Sauer,Zedernweg 63,71032,Boeblingen,oliver.sauer12@example.net,0170 8261120,184644,121,abgerechnet ! Auftrag erledigt abgeschlossen,Vorgangsstatus,121|1139|1586,1,658768,104,false,2,102,damage,Vandalismus,Schweller links|Tür hinten rechts,mittel,teilkasko,abgeschlossen,"Kunde berichtet: Vandalismus, Schaden am 13.04. entdeckt. Schweller links: Halterung gebrochen, ca. 25 cm.
Weiterer Schaden Tür hinten rechts, Beule.
Kunde will erst nach Preis entscheiden. Hol- und Bringservice gewünscht.
Teilkasko läuft, SB laut Police 300 EUR.
Bitte Wiedervorlage in einer Woche."
888443,2026-07-01 10:42:36,2026-07-07 21:21:13,,true,,2026-07-07 14:21:13,,111008,140983,XQE-LW 818,ZZJ5PUR6XR7131344,Mercedes,Sprinter,W907,2019-08-14,143555,Kieswerk Service OHG,1,,,Wacholderweg 55,85049,Ingolstadt,,+49 (0)173 9817140,217853,91,🦊☎Haftung unklar Wiedervorlage,Vorgangsstatus,91|242|1172|50,1,113407,,false,2,106,service,Ölwechsel,,,,laufend,"Ölwechsel: Ölservice laut Serviceintervall, Öl 5W30.
Scheibenwischer schmieren, bitte erneuern.
Kunde bittet um Kostenvoranschlag. Leihwagen ja, Hol- und Bringservice ja.
Fotos liegen im Vorgang.
~~~~~~~~~~~~~
03.07.26 13:42 M. Ritter: Ersatzteil eingetroffen, Termin vereinbaren"
840295,2026-03-21 11:46:18,2026-03-25 14:46:31,,true,,2026-03-25 08:46:31,,129017,133754,QQT-K 295,ZZAMZKLV5V1449640,VW,Touran,5T,2020-02-18,150341,,3,Sven,Busch,Ahornweg 51,99084,Erfurt,,+49 178 1435169,361193,157,🛒MECHANIK Teile vorab bestellen!,Vorgangsstatus,157|391,1,042840,,false,3,226,service,Inspektion,,,,laufend,"VW Touran, QQT-K 295, km 150341
Fzg. vorgefahren, Große Inspektion inkl. Innenraumfilter.
Scheibenwischer schmieren, bitte erneuern.
Termin nach Teileeingang.
~~~~~~~~~~~~~
29.03.26 15:46 Dispo: Rückruf nicht erreicht, Mailbox
05.04.26 18:46 K. Lang: Rechnung geschrieben
11.04.26 22:46 Teiledienst: Freigabe Versicherung eingetroffen"
888785,2026-02-08 10:02:13,2026-02-27 20:06:45,,true,,2026-02-27 16:06:45,,113840,152735,QQZ-V 1640,ZZGK4HZW4YF664934,VW,Touran,5T,2014-02-20,280392,,1,Ingrid,Engel,Rosmarinweg 91,80331,Muenchen,ingrid.engel@example.net,+49 (0)162 3324089,016186,89,😪☎Kunde nicht erreicht,Vorgangsstatus,89|957|1585|485|1270|497,1,775985,117,false,1,72,damage,Hagelschaden,Dach|Heckklappe|Motorhaube,mittel,teilkasko,laufend,"Kunde berichtet: Hagelschaden, Fzg. stand im Freien. Hagel: Dach betroffen, Lack laut Sichtprüfung intakt.
Hagel: Heckklappe betroffen, Lack laut Sichtprüfung intakt.
Hagelschlag flächig, Motorhaube mit zahlreichen Dellen.
Kunde will erst nach Preis entscheiden. Kunde wartet vor Ort.
Teilkasko läuft, SB laut Police 300 EUR.
Beilackierung notwendig.
~~~~~~~~~~~~~
15.02.26 10:02 Dispo: Fzg. in Halle, Zerlegung begonnen
20.02.26 11:02 Teiledienst: Freigabe Versicherung eingetroffen
24.02.26 12:02 Karosserie: Kunde meldet sich wegen Termin"
893019,2026-02-20 12:20:41,2026-02-21 17:20:41,,true,,,,127569,134474,QQS-C 3,ZZC4HYXK8VN971894,Mercedes,C-Klasse T-Modell,S206,2020-08-14,116061,,2,Simone,Kaiser,Fliederweg 115,85049,Ingolstadt,simone_kaiser@example.org,0178 7781132,107967,88,🙂Vorgang angelegt,Vorgangsstatus,88|1308,0,,,false,2,22,service,HU/AU,,,,neu,"Mercedes C-Klasse T-Modell, QQS-C 3, km 116061
Kunde berichtet: HU überfällig seit letztem Monat.
Bitte anrufen wenn mehr anfällt als besprochen. Hol- und Bringservice gewünscht.
Fzg. steht auf dem Hof.
~~~~~~~~~~~~~
22.02.26 15:20 Annahme: Kalkulation fertig, an Prüfer"
898621,2026-06-18 17:52:41,2026-07-03 15:46:27,,true,,2026-07-02 11:46:27,,108901,153662,QQT-UR 88,ZZE0MELP3WR915051,Opel,Mokka,U,2020-06-06,66824,,,Julia,Schaefer,Wacholderweg 100,97070,Wuerzburg,julia.schaefer38@example.org,+49 175 3643142,846474,11,👽💣Rückstand ohne Termin! Teilerückstand Fzg. bei uns,Vorgangsstatus,11|393,1,170154,,false,4,141,service,Ölwechsel,,,,laufend,"Opel Mokka, QQT-UR 88, km 66824
Ölwechsel: Ölservice fällig, Anzeige im Display.
Kunde holt am Abend ab. Fzg. bleibt über Nacht da.
~~~~~~~~~~~~~
24.06.26 21:52 Lack: Kunde meldet sich wegen Termin
25.06.26 21:52 SB: Fzg. gewaschen, abholbereit
30.06.26 23:52 A. Jung: Rechnung geschrieben"
887985,2026-05-06 10:09:00,2026-05-29 00:07:57,,true,,2026-05-28 10:07:57,,105409,143824,ZQA-G 546,ZZGJRU947R0338764,Ford,Puma,J2K,2023-04-18,39695,Sonnenhang Pflegedienst e.K.,3,,,Ulmenstrasse 15,28203,Bremen,kotto@example.org,0162 5562514,512334,1291,Fahrzeug reinholen,Vorgangsstatus,1291|180|1266,1,905625,,false,2,41,service,Räder und Reifen,,,,laufend,"Ford Puma, ZQA-G 546
Räder und Reifen: Reifen vorne abgefahren, Angebot erstellen.
Scheibenwischer schmieren, bitte erneuern.
Kunde fragt nach Ersatzwagen.
Fzg. steht auf dem Hof."
867862,2026-01-17 12:47:30,2026-01-18 12:47:30,2026-01-20 13:26:01,false,,,,109038,150488,XQR-E 980,ZZHVUULB5R6668760,Ford,Focus Turnier,DEH,2021-08-15,71779,,1,Simone,Riedel,Am Muehlbach 138,33098,Paderborn,simone.riedel83@example.net,0175 7845093,571771,35,☹️Absage Termin,Vorgangsstatus,35|184|1200,0,,,false,0,0,service,Inspektion,,,,storniert,"Fzg. vorgefahren, Inspektion mit Pollenfilter und Bremsflüssigkeit.
Klimaanlage kühlt schlecht, bitte prüfen.
Rückruf erwünscht bevor zusätzliche Arbeiten. Hol- und Bringservice gewünscht.
~~~~~~~~~~~~~
20.01.26 17:47 Annahme: Endkontrolle offen"
845879,2026-05-12 11:49:00,2026-05-13 09:49:00,,true,,,,124227,152522,QQB-V 70,ZZHPA7CV6ST210794,Ford,Kuga,CX482,2023-09-20,55848,Buchenkamp Logistik GmbH,3,Markus,Scholz,Drosselgasse 4,68159,Mannheim,markus.scholz@example.org,0151/5190906,973589,27,✔️Termin bestätigt,Vorgangsstatus,27|952|1149|613,1,251593,104,false,1,65,damage,Auffahrunfall,Stoßstange vorne,leicht,haftpflicht_gegner,neu,"Kunde berichtet: Auffahrunfall im Stau auf der Autobahn. An Stoßstange vorne feine Kratzspuren (ca. 5 cm).
Kunde will erst nach Preis entscheiden. Ersatzwagen geklärt, Klasse klein.
Unfallgegner bekannt, Haftung dem Grunde nach unstrittig.
Fotos liegen im Vorgang.
~~~~~~~~~~~~~
17.05.26 11:49 Lack: Nachtrag: Kunde bittet um Verschiebung
20.05.26 12:49 SB: KD informiert, Termin steht"
832750,2026-07-03 16:01:07,2026-07-04 00:01:07,,true,,,,119573,132328,XQ-VB 9044,ZZDKK0P88XH991350,Mercedes,B-Klasse,W247,2017-07-04,103132,,3,Marco,Sauer,Zypressenweg 121,22299,Hamburg,,0155/2356322,663699,533,📲✅Vorkalkulation erledigt bitte Termin vereinbaren,Vorgangsstatus,533|796|997,1,613929,,false,1,74,service,Inspektion,,,,neu,"Fzg. vorgefahren, Inspektion nach Herstellervorgabe.
Kunde wartet, bitte zügig.
Teile bestellt, Liefertermin offen."
879425,2026-08-10 15:41:05,2026-08-18 18:08:31,,true,,2026-08-18 17:08:31,,107631,152917,QQL-C 94,ZZH6BSAC5XW550201,Audi,Q2,GA,2013-07-19,192126,Seeblick Montage GmbH & Co. KG,1,,,An der Bleiche 9,55116,Mainz,,0171/5093211,715586,34,🌗✔️Nachbestellung Termin bestätigt,Vorgangsstatus,34|394|861|1000,1,983103,,false,2,72,service,Inspektion,,,,laufend,"Lt. Kunde: Inspektion nach Herstellervorgabe.
Kunde meldet Vibration ab 120 km/h.
Kunde wünscht Kostenrahmen vorab. Abholung durch Kunde am Nachmittag.
Kunde bekommt Zwischeninfo."
864585,2026-03-26 14:48:52,2026-04-10 15:31:55,,true,2026-04-09 08:31:55,2026-04-07 13:20:15,2026-04-08 20:20:15,120188,140731,QQN-R 84,ZZJX25LCXR5083013,VW,Polo,AW,2015-01-03,186920,,2,Claudia,Baumann,Rosmarinweg 56,10247,Berlin,claudia.baumann92@example.de,0159/6859652,469453,39,📞🔜✔️Abholbereit Folgetermin vereinbaren,Vorgangsstatus,39|391|998,2,827613|011827,,false,1,52,service,Inspektion,,,,fertig,"KD meldet telefonisch: Inspektion nach Herstellervorgabe.
Kunde meldet Vibration ab 120 km/h.
Bitte anrufen wenn mehr anfällt als besprochen. Leihwagen nein, Kunde wartet.
Teile bestellt, Liefertermin offen.
~~~~~~~~~~~~~
27.03.26 15:48 Teiledienst: KV an Kunde verschickt"
830087,2026-06-17 08:53:37,2026-07-05 13:16:08,,false,2026-07-04 13:16:08,2026-06-29 11:17:55,2026-07-01 19:17:55,111146,144040,QQD-VL 71,ZZD4373D1TW696579,VW,Golf,5H,2022-08-24,60200,,1,Sven,Kuhn,Feldblumenweg 31,99084,Erfurt,sven.kuhn@example.de,0160 6965148,078487,14,🚛✅ Ausgeliefert,Vorgangsstatus,14|956|1572|1013,1,015891,134,false,4,203,damage,Hagelschaden,Heckklappe|Dach,leicht,teilkasko,abgeschlossen,"Lt. Kunde: Hagelschaden nach dem Gewitter. Heckklappe mit mehreren Dellen aus Hagelschlag.
Dach mit mehreren Dellen aus Hagelschlag.
KVA erwünscht, bitte per Mail. Leihwagen nein, Kunde wartet.
Teilkasko läuft, SB laut Police 300 EUR.
~~~~~~~~~~~~~
19.06.26 11:53 Dispo: Nachtrag: Kunde bittet um Verschiebung
20.06.26 12:53 E. Vogt: Kalkulation fertig, an Prüfer"
890816,2026-07-20 17:22:10,2026-07-26 18:28:37,,true,,2026-07-25 08:28:37,,116161,149931,QQD-FA 32,ZZAPRXFK1TD143297,BMW,1er,F40,2013-04-22,257130,,,Markus,Sommer,Malvenweg 75,70173,Stuttgart,markus.sommer57@example.net,0176/9940321,160080,157,🛒MECHANIK Teile vorab bestellen!,Vorgangsstatus,157|918,1,787361,,false,0,0,service,Räder und Reifen,,,,laufend,"Kunde bringt Fzg., Räderwechsel mit Wuchten, Reifendruck prüfen.
Klimaanlage kühlt schlecht, bitte prüfen.
Kunde fragt nach Ersatzwagen.
Fzg. steht auf dem Hof."
834979,2026-02-07 13:54:54,2026-02-14 07:58:35,,true,2026-02-13 14:58:35,2026-02-11 13:43:36,2026-02-11 17:43:36,102170,136828,QQ-GE 17,ZZCJKYHR1YW713487,Seat,Ibiza,KJ1,2024-04-15,45696,,1,Karin,Vogt,Rosmarinweg 130,50667,Koeln,karin_vogt@example.com,0162/4234123,554497,39,📞🔜✔️Abholbereit Folgetermin vereinbaren,Vorgangsstatus,39|955|1585,2,618702|041194,,true,3,194,damage,Steinschlag,Windschutzscheibe,leicht,selbstzahler,fertig,"KD meldet telefonisch: Steinschlag bei der Baustellenfahrt. Windschutzscheibe: Einschlag außerhalb Sichtfeld, Harzreparatur angeboten.
KVA erwünscht, bitte per Mail.
Selbstzahler, Rechnung an Kunde.
Bitte Wiedervorlage in einer Woche."
862507,2026-07-14 14:32:12,2026-07-15 12:32:12,2026-07-15 10:39:08,false,,,,106065,134519,ZQD-W 2379,ZZHGKPSG5XS132909,BMW,2er Active Tourer,U06,2014-04-10,253978,Altmuehl Fuhrpark OHG,1,Lena,Kramer,Salbeiweg 87,13407,Berlin,lena.kramer96@example.org,0152/3963680,883363,15,🚧Wurde Totalschaden,Vorgangsstatus,15|938|1572|1599,1,081801,104,false,4,180,damage,Rangierschaden,Stoßstange vorne rechts|Kotflügel hinten rechts,leicht,haftpflicht_gegner,storniert,"BMW 2er Active Tourer, ZQD-W 2379, km 253978
Lt. Kunde: Rangierschaden beim Ausparken. Stoßstange vorne rechts ca. 5 cm Kratzer, Lack nicht durch.
Kotflügel hinten rechts ebenfalls: kleine Delle.
KVA erwünscht, bitt per Mail. Leihwagen nein, Kunde wartet.
Haftpflicht Gegner, Gutachter beauftragt.
Termin steht, Dauer ca. 2 Tage.
~~~~~~~~~~~~~
18.07.26 19:32 S. Schaefer: Kunde meldet sich wegen Termin"
876868,2026-03-07 07:32:13,2026-03-31 10:26:24,,true,,2026-03-31 07:26:24,,120698,130537,XQL-ZV 46,ZZEP5K5V0S8441906,Ford,Fiesta,JHH,2024-07-26,43680,Altmuehl Bau GmbH,2,Ingrid,Otto,An der Bleiche 51,30655,Hannover,ingrid_otto@example.de,+49 (0)159 5147654,253473,92,😀↪🕧Kunde erreicht Meldet sich,Vorgangsstatus,92|1563|1150|480|1000,1,065155,128,false,4,249,damage,Vandalismus,Kotflügel hinten rechts|Fahrertür|Beifahrertür,schwer,teilkasko,laufend,"Ford Fiesta, XQL-ZV 46, km 43680
Fzg. vorgefahren, Vandalismus, Anzeige bei der Polizei erstattet. Kotflügel hinten rechts: Teil gerissen und lose, ca. 3 cm Durchmesser.
Auch Fahrertür beschädigt (großflächig deformiert).
Weiterer Schaden Beifahrertür, Bauteil durchgebrochen.
Kunde bittet um Terminvorschlag. Leihwagen nein, Kunde wartet.
TK deckt Glasschaden, SB 150 EUR.
Ersatzteil nur komplett lieferbar, Austausch statt Instandsetzung.
~~~~~~~~~~~~~
13.03.26 07:32 Karosserie: Fzg. in Halle, Zerlegung begonnen"
828851,2026-01-06 17:52:53,2026-01-28 17:16:07,,true,,2026-01-27 12:16:07,,101893,149977,ZQA-LB 7646,ZZGG4F340X5270966,Audi,A3 Sportback,8Y,2025-11-21,15309,Sonnenhang Handel GmbH & Co. KG,1,Markus,Kuhn,Sonnenblumenweg 31,70173,Stuttgart,markus_kuhn@example.org,0171 3953137,198156,1291,Fahrzeug reinholen,Vorgangsstatus,1291|239,1,440550,,false,0,0,service,Bremsen,,,,laufend,"Bremsen: Bremsscheiben hinten riefig, Kunde meldet Rubbeln.
Kunde meldet Vibration ab 120 km/h.
Kunde bittet um Kostenvoranschlag. Leihwagen ja.
~~~~~~~~~~~~~
12.01.26 20:52 TS: Rechnung geschrieben"
881143,2026-04-03 16:47:42,2026-04-30 18:58:59,,false,2026-04-29 09:53:16,2026-04-24 10:58:59,2026-04-29 18:58:59,127895,130178,XQL-XC 819,ZZG43LZZ7VS625749,VW,Golf,5H,2025-04-16,21704,,2,Yvonne,Kramer,Weissdornweg 136,47051,Duisburg,,0163 7860359,788491,14,🚛✅ Ausgeliefert,Vorgangsstatus,14|955|486,2,046750|686804,,false,2,106,damage,Rangierschaden,Fahrertür,mittel,selbstzahler,abgeschlossen,"Fzg. vorgefahren, Rangierschaden an der Laderampe. Fahrertür Riss im Lack, ca. 10 cm.
Kunde fragt nach Reparaturdauer. Abholung durch Kunde am Nachmittag.
Selbstzahler, keine Vers. im Spiel.
Fzg. steht auf dem Hof."
826049,2026-07-04 16:17:14,2026-07-16 20:21:51,,true,2026-07-15 13:37:59,2026-07-11 12:21:51,2026-07-15 18:21:51,128838,153756,QQK-A 628,ZZBBLGTU7RM345860,Skoda,Fabia,PJ,2017-03-24,96625,,,Stefan,Herrmann,Drosselgasse 61,50667,Koeln,stefan_herrmann@example.com,0179/3115706,295922,39,📞🔜✔️Abholbereit Folgetermin vereinbaren,Vorgangsstatus,39|393|612,1,807661,,false,0,0,service,Inspektion,,,,fertig,"Skoda Fabia, QQK-A 628, km 96625
Inspektion: Große Inspektion inkl. Innenraumfilter.
Kontrollleuchte Reifendruck ist an.
Kunde fragt nach Ersatzwagen. Ersatzwagen geklärt, Klasse klein.
~~~~~~~~~~~~~
07.07.26 20:17 A. Busch: Endkontrolle offen
11.07.26 01:17 A. Busch: Teile bestellt, Nachricht an Dispo
15.07.26 03:17 Lack: Fzg. gewaschen, abholbereit"
846736,2026-06-12 09:06:21,2026-06-30 09:50:16,,true,2026-06-29 07:58:31,2026-06-28 15:50:16,2026-06-29 21:50:16,109164,130593,XQM-W 54,ZZH9BKGK4SS792425,Seat,Ateca,KH7,2015-11-25,96804,Seeblick Handel AG,2,,,Sonnenblumenweg 86,13407,Berlin,kbaumann@example.net,0171/6504723,840998,38,👍 🔜Fertig zur Abholung mit Folgetermin,Vorgangsstatus,38|239|1249|496,0,,,false,2,33,service,Bremsen,,,,fertig,"Seat Ateca, XQM-W 54
Fzg. angeliefert, Bremsscheiben hinten riefig, Kunde meldet Rubbeln.
Rückruf erwünscht bevor zusätzliche Arbeiten. Leihwagen ja.
~~~~~~~~~~~~~
16.06.26 10:06 TS: Fzg. gewaschen, abholbereit"
840889,2026-05-01 14:10:44,2026-05-08 02:22:19,,true,,2026-05-07 11:22:19,,107076,131161,ZQ-VD 284,ZZH8YXYL7YG655974,Seat,Ateca,KH7,2016-05-22,189710,,3,Lars,Sommer,Lindenweg 51,47051,Duisburg,lars.sommer72@example.com,0177 7480609,460837,621,🕐⚡🛒 Teil immer noch nicht geliefert Termin kann nicht gehalten werden,Vorgangsstatus,621|238|485|497,0,,,false,3,145,service,Räder und Reifen,,,,laufend,"Räder und Reifen: Räderwechsel mit Wuchten, Reifendruck prüfen.
Zusätzlich Klappern vorne rechts bei Bodenwellen.
Rückruf erwünscht bevor zusätzliche Arbeiten. Leihwagen ja.
Termin steht, Dauer ca. 2 Tage.
~~~~~~~~~~~~~
03.05.26 15:10 SB: Fzg. gewaschen, abholbereit"
879768,2026-02-27 12:23:15,2026-02-28 10:23:15,2026-03-04 17:54:34,false,,,,127406,158339,ZQD-L 15,ZZHZ1R407S9545809,VW,Golf Variant,5H8,2022-04-23,97165,Steinfurt Sanitaer e.K.,,,,An der Bleiche 22,86150,Augsburg,kontakt.vogt61@example.org,+49 175 7737084,419869,13,😢 Kunde nicht erschienen,Vorgangsstatus,13|237|597|1173|497,1,122455,,false,1,35,service,Inspektion,,,,storniert,"VW Golf Variant, ZQD-L 15, km 97165
Inspektion: Große Inspektion inkl. Innenraumfilter.
Servicerückstellung nicht erfolgt, bitte mitmachen.
Kunde wünscht Kostenrahmen vorab. Ersatzwagen geklärt, Klasse klein.
Ersatzteil im Rückstand, Kunde informiert.
~~~~~~~~~~~~~
28.02.26 12:23 C. Moser: Leihwagen reserviert
01.03.26 17:23 C. Moser: Nachtrag: Kunde bittet um Verschiebung"
820223,2026-02-26 15:29:05,2026-03-22 06:18:19,,true,,2026-03-21 09:18:19,,116185,141691,QQC-WK 807,ZZCL36WC6TV011964,Mercedes,Sprinter,W907,2026-07-20,5222,,,Elke,Hahn,Lerchenstrasse 125,47051,Duisburg,,+49 (0)151 9184853,636956,33,⚠️Schadensfeststellung,Vorgangsstatus,33|958|1151|1591|487|1012,2,743782|308828,101,false,2,52,damage,Auffahrunfall,Kotflügel hinten links|Kotflügel hinten rechts,leicht,haftpflicht_gegner,laufend,"Kunde bringt Fzg., Auffahrunfall, Hergang lt. Kunde unklar. Kotflügel hinten links Schrammen, ca. 15 cm.
Weiterer Schaden Kotflügel hinten rechts, Druckstelle.
Kunde möchte wissen ob Instandsetzung reicht. Abholung durch Kunde am Nachmittag.
Gegnerische Haftpflicht reguliert, Haftung anerkannt.
Bitte Wiedervorlage in einer Woche.
~~~~~~~~~~~~~
01.03.26 16:29 Servicebüro: Kunde meldet sich wegen Termin
03.03.26 20:29 SB: Nachtrag: Kunde bittet um Verschiebung"
892510,2026-06-22 13:35:25,2026-06-27 10:12:40,,true,2026-06-27 09:12:40,2026-06-24 13:51:31,2026-06-25 21:51:31,107337,144234,QQV-KG 7567,ZZGY49AA0XW284911,Seat,Leon,KL1,2024-10-17,40225,,,Bernd,Ziegler,Ginsterweg 123,47051,Duisburg,bziegler@example.org,0176 0188169,668551,38,👍 🔜Fertig zur Abholung mit Folgetermin,Vorgangsstatus,38|1139|1174,1,924873,134,false,1,27,damage,Parkschaden,Stoßstange vorne|Fahrertür,schwer,gesteuert,fertig,"Fzg. angeliefert, Parkschaden, Kunde hat Fotos gemacht. Stoßstange vorne: Aufnahme abgerissen, ca. 3 cm Durchmesser.
Weiterer Schaden Fahrertür, Bauteil durchgebrochen.
Kunde möchte Fzg. bis Monatsende zurück. Fzg. bleibt über Nacht da.
Schadensteuerer hat KVA in Prüfung.
Teile bestellt, Liefertermin offen.
Steuerung: Flottenpartner Nord."
855798,2026-05-20 17:59:38,2026-05-21 13:59:38,,true,,,,113552,135595,QQ-U 11,ZZE33B8W2WS927554,VW,Tiguan,5N,2021-12-01,92056,,1,Petra,Baumann,Rosmarinweg 135,40213,Duesseldorf,pbaumann@example.de,+49 170 5027749,790337,88,🙂Vorgang angelegt,Vorgangsstatus,88|239,1,640936,,false,1,83,service,Ölwechsel,,,,neu,"Bei der Annahme festgestellt: Ölwechsel, Longlife zurücksetzen.
Kunde wünscht Kostenrahmen vorab.
Teile bestellt, Liefertermin offen.
~~~~~~~~~~~~~
26.05.26 18:59 G. Haas: Fzg. gewaschen, abholbereit"
878224,2026-04-26 15:47:09,2026-04-29 13:37:57,,false,2026-04-28 10:37:57,2026-04-27 10:44:14,2026-04-27 17:44:14,120052,146235,QX-MD 41,ZZB3JMFJ0YA839441,BMW,3er Touring,G21,2017-03-02,79541,Seeblick Pflegedienst AG,3,Nicole,Gross,Malvenweg 48,04109,Leipzig,,0174 9417158,708961,1422,Fahrzeug abgeholt (/kommt nochmal),Vorgangsstatus,1422|951,1,507819,,false,1,55,damage,Rangierschaden,Stoßstange hinten|Stoßstange vorne,leicht,selbstzahler,abgeschlossen,"Lt. Kunde: Rangierschaden beim Rangieren am Hof. Schaden an Stoßstange hinten, Kratzer, Lack nicht durch, ca. 15 cm.
Auch Stoßstange vorne beschädigt (Druckstelle).
Bitte KVA vor Reparatur abstimmen. Leihwagen ja, Hol- und Bringservice ja.
Selbstzahler, Rechnung an Kunde.
Termin nach Teileeingang.
~~~~~~~~~~~~~
29.04.26 19:47 L. Riedel: KV an Kunde verschickt
02.05.26 21:47 L. Riedel: Rückruf nicht erreicht, Mailbox"
838392,2026-08-06 17:26:46,2026-08-29 10:23:20,,true,,2026-08-29 08:23:20,,109673,148958,XQE-GB 659,ZZD4ET7T4R4615163,BMW,3er Touring,G21,2024-07-08,29863,Altmuehl Malerbetrieb GmbH,2,Manuela,Jung,An der Bleiche 64,50667,Koeln,manuela.jung56@example.net,0155 0805132,860671,621,🕐⚡🛒 Teil immer noch nicht geliefert Termin kann nicht gehalten werden,Vorgangsstatus,621|238|598,1,493711,,false,3,174,service,HU/AU,,,,laufend,"HU/AU: TÜV Termin, Fzg. vorher durchsehen.
Kontrollleuchte Reifendruck ist an.
Bitte anrufen wenn mehr anfällt als besprochen. Leihwagen ja."
840172,2026-06-19 14:52:12,2026-06-30 08:40:00,,true,,2026-06-29 13:40:00,,104378,149863,ZQS-A 14,ZZJBHYC12WL016728,Skoda,Scala,NW1,2025-10-13,16408,,3,Yvonne,Vogt,Feldblumenweg 15,86150,Augsburg,yvonne_vogt@example.de,+49 177 4618638,883442,16,⚠️Warte auf Freigabe,Vorgangsstatus,16|938|1099,1,147887,134,false,2,44,damage,Parkschaden,Kotflügel hinten rechts|Stoßstange hinten,leicht,haftpflicht_gegner,laufend,"Anruf Kdune: Parkschaden vor dem Supermarkt, niemand gemeldet. Feine Kratzspuren an Kotflügel hinten rechts, ca. 25 cm.
Zusätzlich Stoßstange hinten betroffen, Druckstelle.
Bitte KVA vor Reparatur abstimmen. Kunde wartet vor Ort.
Haftpflicht Gegner, Gutachter beauftragt.
Bitte Lackabgleich, Farbton pruefen.
~~~~~~~~~~~~~
25.06.26 17:52 Servicebüro: Leihwagen reserviert
01.07.26 17:52 R. Ziegler: KV an Kunde verschickt
08.07.26 17:52 Dispo: Ersatzteil eingetroffen, Termin vereinbaren"
826591,2026-02-04 11:16:39,2026-02-08 08:49:58,,true,,2026-02-07 17:49:58,,118213,138141,QQT-CV 532,ZZA56TPW9WA655566,Audi,A1 Sportback,GB,2014-11-02,144119,Seeblick Logistik GmbH & Co. KG,2,Sandra,Jung,Quittenweg 77,22299,Hamburg,sandra.jung36@example.net,0174 6033415,014445,26,👆🚚 Bringservice,Vorgangsstatus,26|1139|1080,1,020384,128,true,4,261,damage,Parkschaden,Stoßstange vorne rechts,mittel,vollkasko,laufend,"Anruf Kunde: Parkschaden in der Tiefgarage, Verursacher unbekannt. An Stoßstange vorne rechts Lack abgeplatzt (ca. 25 cm).
Kunde möchte wissen ob Instandsetzung reicht. Leihwagen ja, Hol- und Bringservice ja.
Vollkasko, Rückstufung mit Kunde besprochen.
Ersatzteil im Rückstand, Kunde informiert.
~~~~~~~~~~~~~
06.02.26 16:16 G. Maurer: Leihwagen reserviert
11.02.26 18:16 Lack: Freigabe Versicherung eingetroffen
17.02.26 18:16 Servicebüro: Kalkulation fertig, an Prüfer"
866680,2026-07-29 09:52:08,2026-08-09 22:14:58,,false,2026-08-08 17:14:58,2026-08-02 12:24:56,2026-08-05 19:24:56,103389,151161,QQV-B 95,ZZCDHMZ27SS672688,BMW,X1,U11,2023-07-28,34298,,3,Kerstin,Lehmann,Tannenweg 77,38100,Braunschweig,kerstin.lehmann22@example.net,+49 151 3074204,166634,1422,Fahrzeug abgeholt (/kommt nochmal),Vorgangsstatus,1422|958|1087|1601|485|999,1,372427,128,false,0,0,damage,Parkschaden,Stoßstange vorne rechts|Beifahrertür,mittel,gesteuert,abgeschlossen,"Anruf Kunde: Parkschaden, kein Zettel hinterlassen. Stoßstange vorne rechts Lack abgeplatzt, ca. 25 cm.
Auch Beifahrertür beschädigt (Kunststoff eingedrückt).
KVA erwünscht, bitte per Mail. Leihwagen ja.
Auftrag über Schadensteuerer, techn. Freigabe offen.
Fotos liegen im Vorgang.
~~~~~~~~~~~~~
02.08.26 13:52 L. Heinrich: Endkontrolle offen
04.08.26 16:52 Teiledienst: Nachtrag: Kunde bittet um Verschiebung"
895806,2026-04-25 11:05:58,2026-05-18 05:20:30,,true,,2026-05-17 17:20:30,,117423,142848,XQR-S 15,ZZC1V9R55XR239954,Audi,A1 Sportback,GB,2017-11-20,65393,,2,Sven,Graf,Salbeiweg 86,06108,Halle (Saale),sven.graf@example.com,+49 (0)155 5716025,792701,33,⚠️Schadensfeststellung,Vorgangsstatus,33|394|488,1,821256,,false,3,93,service,Räder und Reifen,,,,laufend,"Bei der Annahme festgestellt: Räderwechsel mit Wuchten, Reifendruck prüfen.
Bitte Softwarestand prüfen, Rückruf offen.
Kunde bittet um Kostenvoranschlag. Abholung durch Kunde am Nachmittag.
~~~~~~~~~~~~~
27.04.26 11:05 U. Zimmer: KV an Kunde verschickt
28.04.26 16:05 Annahme: Nachtrag: Kunde bittet um Verschiebung"
892891,2026-02-20 07:55:52,2026-03-14 18:02:09,,true,,2026-03-13 08:02:09,,122210,148384,QQD-UZ 2407,ZZD8892M0Y2325170,Mercedes,B-Klasse,W247,2023-03-12,82027,Rheinpfad Malerbetrieb e.K.,,Heike,Hahn,Amselweg 33,44137,Dortmund,hhahn@example.de,0162/9039425,950042,18,☢️ Auftrag steht ☢️,Vorgangsstatus,18|993|1572,0,,,false,1,60,damage,Parkschaden,Kotflügel hinten rechts|Motorhaube,schwer,haftpflicht_gegner,laufend,"Anruf Kunde: Parkschaden, Kunde hat Fotos gemacht. An Kotflügel hinten rechts großflächig deformiert (über zwei Bauteile).
Zusätzlich Motorhaube betroffen, Bauteil durchgebrochen.
Kunde bittet um Rückruf bis Freitag. Leihwagen ja.
Haftpflicht Gegner, Schadennummer liegt vor.
Beilackierung notwendig.
~~~~~~~~~~~~~
23.02.26 09:55 Karosserie: Teile bestellt, Nachricht an Dispo
28.02.26 10:55 F. Franke: Rechnung geschrieben
05.03.26 13:55 Lack: Kalkulation fertig, an Prüfer"
899834,2026-04-15 07:17:17,2026-04-23 21:56:31,,true,2026-04-22 15:56:31,2026-04-17 10:06:05,2026-04-22 13:06:05,117726,157897,ZQC-B 37,ZZF1J03T2VB223024,Mercedes,Sprinter,W907,2012-06-17,318834,,,Susanne,Pohl,Nelkenstrasse 15,06108,Halle (Saale),susanne.pohl@example.com,+49 (0)155 9001097,227023,39,📞🔜✔️Abholbereit Folgetermin vereinbaren,Vorgangsstatus,39|785,1,088587,,false,2,47,service,Bremsen,,,,fertig,"Bremsen: Bremsflüssigkeit fällig, Beläge messen.
Kunde meldet Vibration ab 120 km/h.
Kunde holt am Abend ab. Leihwagen nein, Kunde wartet.
Teile bestellt, Liefertermin offen.
~~~~~~~~~~~~~
21.04.26 10:17 L. Heinrich: Leihwagen reserviert"
882011,2026-07-10 07:58:48,2026-08-01 19:10:33,,true,,2026-07-31 15:10:33,,121643,157206,QQV-R 432,ZZDL8NVC4X9761547,Ford,Focus Turnier,DEH,2020-05-06,47332,,3,Oliver,Martens,Distelweg 37,34117,Kassel,,+49 159 6364495,455228,17,♻️In Bearbeitung,Vorgangsstatus,17|951|1099|613,1,426411,,false,2,79,damage,Rangierschaden,Kotflügel vorne links|Außenspiegel rechts,mittel,selbstzahler,laufend,"Ford Focus Turnier, QQV-R 432, km 47332
Kunde meldet: Rangierschaden beim Rangieren am Hof. Kotflügel vorne links Lack abgeplatzt, ca. 5 cm.
Außenspiegel rechts ebenfalls: Kratzer bis auf Grundierung.
Kunde bittet um Terminvorschlag.
Selbstzahler, keine Vers. im Spiel.
~~~~~~~~~~~~~
13.07.26 10:58 J. Wendt: Nachtrag: Kunde bittet um Verschiebung"
899100,2026-01-11 13:10:14,2026-01-18 16:40:07,,true,2026-01-18 11:40:07,2026-01-13 14:12:57,2026-01-16 21:12:57,100273,135535,XQD-EN 49,ZZCFHTAP2R7988149,Audi,Q3,F3,2015-08-02,108453,Steinfurt Service GmbH & Co. KG,,Tobias,Lang,Malvenweg 24,76133,Karlsruhe,,+49 171 7336239,556725,12,👍 Fertig zur Abholung,Vorgangsstatus,12|949|1086|488|1000,2,526753|913874,101,true,0,0,damage,Wildunfall,Stoßstange vorne,schwer,vollkasko,fertig,"KD meldet telefonisch: Wildunfall, Bescheinigung vom Jagdpächter kommt nach. Stoßstange vorne Träger verformt, ca. 10 cm.
Kunde fragt nach Reparaturdauer. Fzg. bleibt über Nacht da.
VK, SB 300 EUR, Vers. informiert.
~~~~~~~~~~~~~
15.01.26 18:10 J. Scholz: Rückruf nicht erreicht, Mailbox"
853084,2026-05-21 14:55:04,2026-06-05 08:28:02,,true,2026-06-03 15:56:03,2026-05-31 16:28:02,2026-06-03 19:28:02,107083,130420,QQV-SH 2066,ZZASZ1B14VR115617,Seat,Arona,KJ7,2017-10-12,164053,,,Heike,Ziegler,Am Alten Sportplatz 121,45127,Essen,heike.ziegler@example.de,0163 3006911,663745,12,👍 Fertig zur Abholung,Vorgangsstatus,12|184|486|994,1,709532,,false,3,138,service,Ölwechsel,,,,fertig,"Ölwechsel: Ölservice fällig, Anzeige im Display.
Innenraumfilter riecht, mit tauschen.
Kunde holt am Abend ab. Kunde wartet vor Ort."
867012,2026-06-24 08:35:34,2026-07-14 20:05:43,,true,2026-07-14 11:58:12,2026-07-11 14:05:43,2026-07-14 15:05:43,100672,142157,XQS-Y 7666,ZZAVA42S0TA273589,Seat,Arona,KJ7,2024-08-23,46380,,1,Elke,Sauer,Tannenweg 88,34117,Kassel,elke_sauer@example.org,0170 6890152,002220,39,📞🔜✔️Abholbereit Folgetermin vereinbaren,Vorgangsstatus,39|958|1150|598|1200|50,1,738833,104,false,1,64,damage,Steinschlag,Windschutzscheibe,mittel,teilkasko,fertig,"Seat Arona, XQS-Y 7666
KD meldet telefonisch: Steinschlag vom Lkw vor dem Fzg. Windschutzscheibe Steinschlag am Rand, Reparatur laut Prüfung möglich.
Kunde fragt nach Reparaturdauer. Leihwagen ja, Hol- und Bringservice ja.
Teilkasko, SB 150 EUR, KVA an Vers.
Freigabe eingetroffen, Teile bestellt.
Versicherung: Talblick Versicherung, Schadennr. 01392292."
890681,2026-02-27 16:54:21,2026-03-23 04:46:10,,true,,2026-03-22 14:46:10,,114731,150082,QQT-V 12,ZZFKM4T63VX093061,Skoda,Karoq,NU7,2013-05-06,301559,,,Melanie,Kuhn,Akazienweg 4,53111,Bonn,,+49 178 4213705,597960,435,🕋🤔Antwort Versicherer/GA/Leasing/Kunde fehlt,Vorgangsstatus,435|918|999,2,618332|961954,,false,0,0,service,Räder und Reifen,,,,laufend,"Skoda Karoq, QQT-V 12
Räder und Reifen: Neue Reifen hinten, Kostenangebot Reifen erwünscht.
Bitte Softwarestand prüfen, Rückruf offen."
864671,2026-07-30 07:10:25,2026-08-24 00:29:52,,true,2026-08-23 11:06:40,2026-08-19 14:29:52,2026-08-23 19:29:52,127741,159929,XQR-AG 6832,ZZCRXLUH7SM668062,Skoda,Karoq,NU7,2013-11-21,194395,,2,Tobias,Horn,Haselnussweg 88,52062,Aachen,thorn@example.org,+49 (0)179 5034379,846121,39,📞🔜✔️Abholbereit Folgetermin vereinbaren,Vorgangsstatus,39|245|497,1,934196,,false,1,50,service,Inspektion,,,,fertig,"Skoda Karoq, XQR-AG 6832
Anruf Kunde: Inspektion mit Pollenfilter und Bremsflüssigkeit.
Bitte Softwarestand prüfen, Rückruf offen.
Rückruf erwünscht bevor zusätzliche Arbeiten. Abholung durch Kunde am Nachmittag.
Termin nach Teileeingang."
845837,2026-07-22 14:38:20,2026-07-24 00:38:20,,true,,,,129427,134602,QX-CT 313,ZZBZT0X31SA775804,Mercedes,Vito,W447,2022-04-15,55752,,1,Frank,Jung,Feldblumenweg 22,85049,Ingolstadt,frank_jung@example.net,0160 4940681,133682,28,❓Termin unsicher,Vorgangsstatus,28|1139|1082|1605,1,337542,104,false,2,50,damage,Rangierschaden,Motorhaube,leicht,haftpflicht_gegner,neu,"Lt. Kunde: Rangierschaden, Kunde schildert Hergang selbst. Motorhaube: Kratzer, Lack nicht durch, ca. 15 cm.
Kunde fragt nach Reparaturdauer. Fzg. bleibt über Nacht da.
Unfallgegner bekannt, Haftung dem Grunde nach unstrittig."
847913,2026-02-16 11:27:19,2026-03-03 12:45:15,,true,,2026-03-03 12:45:15,,126666,153498,QQ-FD 9214,ZZENK0WV7X6105188,Seat,Ibiza,KJ1,2023-07-07,41144,,,Karin,Kuhn,Buchenallee 43,97070,Wuerzburg,karin_kuhn@example.org,0178 2536864,087343,157,🛒MECHANIK Teile vorab bestellen!,Vorgangsstatus,157|951|489,3,338619|736797|297876,128,true,2,118,damage,Auffahrunfall,Kotflügel hinten rechts|Stoßstange hinten rechts,leicht,gesteuert,laufend,"Fzg. angeliefert, Auffahrunfall im Stau auf der Autobahn. An Kotflügel hinten rechts feine Kratzspuren (handtellergroß).
Weiterer Schaden Stoßstange hinten rechts, Kratzer im Klarlack.
Auftrag über Schadensteuerer, techn. Freigabe offen.
Termin steht, Dauer ca. 2 Tage.
Steuerung: Weidenhof Mobility."
887746,2026-06-04 10:20:38,2026-06-23 09:00:39,,false,2026-06-23 07:00:39,2026-06-17 10:05:47,2026-06-22 11:05:47,123508,137372,QQZ-F 147,ZZBT7YU78SE481387,Ford,Transit Custom,V362,2022-11-19,65791,,2,Kerstin,Horn,Bruehlstrasse 30,95444,Bayreuth,khorn@example.com,0173 1218963,704990,121,abgerechnet ! Auftrag erledigt abgeschlossen,Vorgangsstatus,121|1139|1100|1607|861,1,825100,134,false,3,249,damage,Auffahrunfall,Kotflügel vorne rechts|Stoßstange vorne links|Kotflügel hinten rechts,mittel,haftpflicht_gegner,abgeschlossen,"Kunde berichtet: Auffahrunfall, Unfallgegner hat Schuld anerkannt. Schaden an Kotflügel vorne rechts, Kratzer bis auf Grundierung, handtellergroß.
Auch Stoßstange vorne links beschädigt (Riss im Lack).
Zusätzlich Kotflügel hinten rechts betroffen, Delle mit Lackschaden.
Kunde fragt nach Reparaturdauer.
Unfallgegner bekannt, Haftung dem Grunde nach unstrittig.
Termin steht, Dauer ca. 2 Tage.
~~~~~~~~~~~~~
06.06.26 12:20 P. Peters: Teile bestellt, Nachricht an Dispo
13.06.26 12:20 Annahme: KV an Kunde verschickt"
878673,2026-02-25 12:22:49,2026-02-25 14:22:49,2026-03-01 17:04:30,false,,,,118003,134551,XQE-P 4128,ZZF4L8SV6YZ891851,Audi,A6 Avant,4K,2026-01-02,16488,,,Birgit,Heinrich,Nelkenstrasse 73,48143,Muenster,bheinrich@example.de,+49 171 8740098,035064,40,❌ Auftrag storniert,Vorgangsstatus,40|398|602,2,694646|203525,,false,2,132,service,Räder und Reifen,,,,storniert,"Bei der Annahme festgestellt: Reifen vorne abgefahren, Angebot erstellen.
Leihwagen ja.
~~~~~~~~~~~~~
05.03.26 14:22 L. Franke: Leihwagen reserviert
10.03.26 16:22 L. Franke: Ersatzteil eingetroffen, Termin vereinbaren"
836682,2026-05-22 13:39:54,2026-06-11 12:50:24,,true,,2026-06-10 07:50:24,,121143,158190,ZQS-BE 457,ZZH663UY6TV559555,Audi,A4 Avant,8W,2022-10-20,43842,,1,Jens,Ludwig,Erlenkamp 69,30655,Hannover,jens.ludwig96@example.com,0152 4311520,996690,33,⚠️Schadensfeststellung,Vorgangsstatus,33|936|532,2,978224|845646,104,false,1,68,damage,Wildunfall,Motorhaube|Kotflügel vorne links,schwer,vollkasko,laufend,"Audi A4 Avant, ZQS-BE 457, km 43842
Kunde bringt Fzg., Wildunfall, Reh gegen Front, Wildbescheinigung liegt vor. Schaden an Motorhaube, stark eingedrückt, ca. 5 cm.
Weiterer Schaden Kotflügel vorne links, Träger verformt.
Kunde fragt nach Reparaturdauer.
VK, SB 300 EUR, Vers. informiert.
Termin nach Teileeingang.
~~~~~~~~~~~~~
23.05.26 15:39 Teiledienst: Ersatzteil eingetroffen, Termin vereinbaren
28.05.26 17:39 Lack: Endkontrolle offen"
880357,2026-02-19 16:14:51,2026-03-16 09:54:22,,false,2026-03-15 17:54:22,2026-03-14 07:55:49,2026-03-15 12:55:49,117886,143184,XQS-LU 60,ZZJ9KSS25WW320738,BMW,X1,U11,2018-09-24,74095,Altmuehl Fuhrpark GmbH & Co. KG,,Sandra,Seidel,Birkenweg 87,30655,Hannover,,0179/3715641,832240,721,🌝 Fzg angekauft,Vorgangsstatus,721|955|1149,1,151309,113,true,2,138,damage,Hagelschaden,Dach|Motorhaube|Heckklappe,mittel,teilkasko,abgeschlossen,"Kunde kommt ohne Termin, Hagelschaden, Schaden erst später bemerkt. Dach mit mehreren Dellen aus Hagelschlag.
Motorhaube mit mehreren Dellen aus Hagelschlag.
Hagelschlag flächig, Heckklappe mit zahlreichen Dellen.
Kunde will erst nach Preis entscheiden. Leihwagen ja, Hol- und Bringservice ja.
Teilkasko, SB 150 EUR, KVA an Vers."
829648,2026-06-11 07:52:39,2026-06-11 13:52:39,,true,,,,111781,133062,QQW-E 308,ZZEMA4VS9XA551921,Mercedes,Vito,W447,2014-04-11,210257,,,Jens,Lorenz,Kastanienallee 139,65183,Wiesbaden,jens.lorenz@example.de,+49 (0)175 7618068,033343,534,📲🔰DSA/Bilder/GA/Infos erhalten bitte Kalkulieren,Vorgangsstatus,534|236|613|1249|51,1,579786,,false,1,94,service,Inspektion,,,,neu,"Bei der Annahme festgestellt: Große Inspektion inkl. Innenraumfilter.
Bitte Softwarestand prüfen, Rückruf offen.
Abholung durch Kunde am Nachmittag.
Kunde bekommt Zwischeninfo.
~~~~~~~~~~~~~
19.06.26 09:52 Lack: Freigabe Versicherung eingetroffen
27.06.26 14:52 TS: Kunde meldet sich wegen Termin
02.07.26 18:52 SB: Fzg. gewaschen, abholbereit"
857084,2026-01-08 08:08:34,2026-02-03 16:12:26,,true,,2026-02-02 15:12:26,,103342,156359,QQD-M 7264,ZZD45GRLXSS416138,Mercedes,B-Klasse,W247,2014-01-16,133892,Blauberg Montage GmbH & Co. KG,,Thomas,Moser,An der Bleiche 55,38100,Braunschweig,,+49 (0)159 1289150,207481,34,🌗✔️Nachbestellung Termin bestätigt,Vorgangsstatus,34|398|476|1042,1,760678,,false,1,40,service,HU/AU,,,,laufend,"Mercedes B-Klasse, QQD-M 7264, km 133892
Kunde bringt Fzg., TÜV Termin, Fzg. vorher durchsehen.
Bitte anrufen wenn mehr anfällt als besprochen. Ersatzwagen geklärt, Klasse klein.
Ersatzteil im Rückstand, Kunde informiert.
~~~~~~~~~~~~~
13.01.26 08:08 Annahme: KD informiert, Termin steht"
880937,2026-07-25 09:24:05,2026-07-26 15:24:05,,true,,,,101642,140425,ZQA-T 48,ZZCBHZ5A4WR945777,Skoda,Scala,NW1,2012-09-25,205946,,3,Julia,Herrmann,Lindenweg 57,65183,Wiesbaden,julia.herrmann19@example.org,+49 (0)157 1284965,434603,44,📆✔Termin vereinbart,Vorgangsstatus,44|484|611,3,404494|110488|154541,,false,3,74,service,Ölwechsel,,,,neu,"Skoda Scala, ZQA-T 48
Lt. Kunde: Ölwechsel inkl. Filter nach Serviceplan.
Leihwagen ja, Hol- und Bringservice ja.
~~~~~~~~~~~~~
01.08.26 11:24 Annahme: Rechnung geschrieben
06.08.26 12:24 TS: Teile bestellt, Nachricht an Dispo"
876181,2026-03-17 10:13:41,2026-03-29 10:14:26,,true,,2026-03-28 17:14:26,,126442,156987,XQR-M 20,ZZCGN5WL5WZ774853,Mercedes,C-Klasse T-Modell,S206,2026-04-15,7473,,,Stefan,Reuter,Zypressenweg 24,20359,Hamburg,stefan.reuter@example.net,+49 (0)179 2419707,796791,16,⚠️Warte auf Freigabe,Vorgangsstatus,16|918|434|1200,3,568342|498942|305876,,false,2,93,service,Ölwechsel,,,,laufend,"Mercedes C-Klasse T-Modell, XQR-M 20
Bei der Annahme festgestellt: Ölservice fällig, Anzeige im Display.
Kontrollleuchte Reifendruck ist an.
Kunde fragt nach Ersatzwagen.
Termin nach Teileeingang."
893570,2026-04-21 17:01:16,2026-05-17 05:30:11,,true,2026-05-16 14:30:11,2026-05-13 07:14:21,2026-05-13 15:14:21,118286,154415,QQV-PT 5137,ZZJ2RLRX3SR840322,Skoda,Scala,NW1,2014-07-05,190391,Lindenhof Vertrieb GmbH & Co. KG,,,,Lindenweg 53,34117,Kassel,,0176/0600031,113475,39,📞🔜✔️Abholbereit Folgetermin vereinbaren,Vorgangsstatus,39|397,2,494982|695627,,false,3,125,service,Ölwechsel,,,,fertig,"Skoda Scala, QQV-PT 5137
Ölwechsel: Ölservice fällig, Anzeige im Display.
Innenraumfilter riecht, mit tauschen.
Rückruf erwünscht bevor zusätzliche Arbeiten.
Kunde ist informiert, meldet sich.
~~~~~~~~~~~~~
27.04.26 20:01 TS: Kunde meldet sich wegen Termin
29.04.26 23:01 A. Beck: Rechnung geschrieben
07.05.26 02:01 Annahme: Fzg. in Halle, Zerlegung begonnen"
890078,2026-06-04 12:36:06,2026-06-07 06:26:11,,true,,2026-06-06 09:26:11,,102947,159959,QQS-RM 9376,ZZBXK0ZR6TW369954,Ford,Fiesta,JHH,2023-08-18,73671,,2,Daniel,Peters,Birkenweg 63,28203,Bremen,dpeters@example.com,+49 155 4269915,041001,435,🕋🤔Antwort Versicherer/GA/Leasing/Kunde fehlt,Vorgangsstatus,435|1010|1571|1172,3,012873|513189|546894,109,false,1,89,damage,Hagelschaden,Heckklappe|Motorhaube|Dach,mittel,teilkasko,laufend,"Kunde bringt Fzg., Hagelschaden, Kunde meldet Unwetterschaden. Heckklappe übersät mit Dellen, Zählung Dellenkarte offen.
Motorhaube übersät mit Dellen, Zählung Dellenkarte offen.
Dach mit mehreren Dellen aus Hagelschlag.
Kunde fragt nach Smart Repair. Fzg. bleibt über Nacht da.
Teilkasko läuft, SB laut Police 300 EUR.
~~~~~~~~~~~~~
10.06.26 13:36 H. Reuter: Nachtrag: Kunde bittet um Verschiebung"
852197,2026-03-06 14:15:16,2026-03-11 23:20:47,,true,,2026-03-11 13:20:47,,119415,130200,ZQD-CN 804,ZZH00D7X5WW326846,Skoda,Superb Combi,3V5,2025-01-24,22044,,3,Sabine,Busch,Espenstrasse 117,95444,Bayreuth,sabine.busch78@example.org,+49 179 3769322,280810,91,🦊☎Haftung unklar Wiedervorlage,Vorgangsstatus,91|796|497,1,503878,,false,1,69,service,Ölwechsel,,,,laufend,"Kunde berichtet: Ölservice laut Serviceintervall, Öl 5W30.
Klimaanlage kühlt schlecht, bitte prüfen.
Rückruf erwünscht bevor zusätzliche Arbeiten. Ersatzwagen geklärt, Klasse klein."
821794,2026-03-24 09:59:19,2026-04-14 04:55:53,,false,2026-04-12 13:55:53,2026-04-10 13:39:30,2026-04-11 21:39:30,123967,130890,ZQ-KG 378,ZZCXE0W59SW390834,Mercedes,GLC,X254,2013-09-11,158171,,1,Manuela,Gross,Veilchenweg 62,79098,Freiburg,,0152/2912344,842238,721,🌝 Fzg angekauft,Vorgangsstatus,721|950|1572|101|1172,1,586393,134,false,2,95,damage,Hagelschaden,Heckklappe|Dach|Motorhaube,schwer,teilkasko,abgeschlossen,"Mercedes GLC, ZQ-KG 378
Kdune kommt ohne Termin, Hagelschaden, mehrere Fzg. aus dem Ort betroffen. Hagelschlag flächig, Heckklappe mit zahlreichen Dellen.
Hagel: Dach betroffen, Lack laut Sichtprüfung intakt.
Hagel: Motorhaube betroffen, Lack laut Sichtprüfung intakt.
Kunde möchte Fzg. bis Monatsende zurück. Ersatzwagen geklärt, Klasse klein.
Teilkasko, SB 150 EUR, KVA an Vers.
Fzg. steht auf dem Hof.
~~~~~~~~~~~~~
29.03.26 11:59 T. Jung: Fzg. in Halle, Zerlegung begonnen
02.04.26 16:59 T. Jung: Freigabe Versicherung eingetroffen
10.04.26 20:59 T. Jung: Ersatzteil eingetroffen, Termin vereinbaren"
855406,2026-02-08 14:04:05,2026-02-10 05:04:05,,true,,,,110061,151430,XQB-UB 593,ZZDZJE8C2VT171471,Skoda,Kodiaq,NS7,2012-12-12,237498,,,Petra,Lehmann,Am Alten Sportplatz 25,79098,Freiburg,petra_lehmann@example.net,+49 (0)159 6121024,308018,436,👋 Termin bitte vereinbaren /Teile/Freigabe/etc. eingetroffen,Vorgangsstatus,436|946|108,0,,,false,2,136,damage,Parkschaden,Heckklappe,leicht,vollkasko,neu,"Anruf Kunde: Parkschaden, Schaden am 02.02. entdeckt. Heckklappe auf ganzer Länge kleine Delle.
Abholung durch Kunde am Nachmittag.
VK mit SB 500 EUR, Freigabe abwarten.
Termin nach Teileeingang."
828990,2026-06-29 08:00:51,2026-07-16 07:58:36,,true,2026-07-15 14:58:36,2026-07-08 11:19:21,2026-07-13 14:19:21,116868,133620,ZQA-SH 94,ZZDUBNP8XYL308178,Audi,A1 Sportback,GB,2018-09-25,143060,,2,Silke,Heinrich,Fliederweg 11,22299,Hamburg,silke_heinrich@example.com,0178 3036289,104946,12,👍 Fertig zur Abholung,Vorgangsstatus,12|245|614|109,1,768045,,false,0,0,service,Bremsen,,,,fertig,"Bremsen: Bremsscheiben hinten riefig, Kunde meldet Rubbeln.
Bitte Softwarestand prüfen, Rückruf offen.
Bitte Rechnung an die Firma.
Fotos liegen im Vorgang.
~~~~~~~~~~~~~
05.07.26 09:00 SB: Leihwagen reserviert
09.07.26 13:00 TS: Kunde meldet sich wegen Termin"
883882,2026-05-29 07:28:23,2026-06-05 12:46:34,,true,2026-06-05 11:46:34,2026-05-30 13:16:47,2026-06-02 15:16:47,103076,152611,QZ-M 940,ZZG84CYE2T8410223,VW,Touran,5T,2021-09-01,71882,Weidenhof Elektrotechnik OHG,1,,,Veilchenweg 28,90402,Nuernberg,kontakt_busch@example.com,0155 5669376,981415,12,👍 Fertig zur Abholung,Vorgangsstatus,12|938|1591|406|1027,2,403531|159067,101,false,4,194,damage,Parkschaden,Stoßstange hinten rechts,leicht,gesteuert,fertig,"Kunde kommt ohne Termin, Parkschaden, Schaden am 28.05. entdeckt. Stoßstange hinten rechts ca. 10 cm feine Kratzspuren.
Kunde bittet um Rückruf bis Freitag.
Schadensteuerer hat KVA in Prüfung.
Bitte Wiedervorlage in einer Woche.
Steuerung: Flottenpartner Nord.
~~~~~~~~~~~~~
04.06.26 07:28 A. Busch: Ersatzteil eingetroffen, Termin vereinbaren"
822129,2026-06-30 09:28:39,2026-07-03 00:50:20,,true,,2026-07-01 12:50:20,,124167,144029,QQB-VK 75,ZZCDYA010W0423444,Skoda,Scala,NW1,2024-04-13,27953,,,Karin,Graf,Veilchenweg 90,10247,Berlin,,0159 9254794,354213,91,🦊☎Haftung unklar Wiedervorlage,Vorgangsstatus,91|926|996|45,2,588272|131753,,false,2,169,service,HU/AU,,,,laufend,"Lt. Kunde: TÜV Termin, Fzg. vorher durchsehen.
Kunde wartet, bitte zügig.
~~~~~~~~~~~~~
01.07.26 10:28 TS: Leihwagen reserviert
08.07.26 14:28 J. Martens: Endkontrolle offen
15.07.26 15:28 Annahme: Rückruf nicht erreicht, Mailbox"
847385,2026-07-11 07:43:41,2026-08-09 04:20:52,,false,2026-08-07 16:20:52,2026-08-03 16:26:09,2026-08-06 21:26:09,108114,152077,QQC-LH 547,ZZC8Y9SY2SG136084,VW,Caddy,SB,2025-07-17,24954,,3,Ulrike,Baumann,Erlenkamp 71,47051,Duisburg,ubaumann@example.com,+49 151 0879557,148417,121,abgerechnet ! Auftrag erledigt abgeschlossen,Vorgangsstatus,121|241,1,829918,,false,1,45,service,Ölwechsel,,,,abgeschlossen,"VW Caddy, QQC-LH 547
KD meldet telefonisch: Ölwechsel inkl. Filter nach Serviceplan.
Innenraumfilter riecht, mit tauschen.
Kunde wartet vor Ort.
Ersatzteil im Rückstand, Kunde informiert.
~~~~~~~~~~~~~
12.07.26 12:43 K. Otto: Ersatzteil eingetroffen, Termin vereinbaren"
837421,2026-07-13 07:10:27,2026-08-07 20:47:52,,true,,2026-08-07 12:47:52,,107440,136948,XQM-S 963,ZZH4T3J90X3998975,Opel,Corsa,F,2022-06-07,28849,,,Heike,Peters,Lerchenstrasse 32,06108,Halle (Saale),hpeters@example.net,0160/1827451,991097,11,👽💣Rückstand ohne Termin! Teilerückstand Fzg. bei uns,Vorgangsstatus,11|184|485|1042|470,1,514167,,false,3,142,service,Inspektion,,,,laufend,"Opel Corsa, XQM-S 963
Kunde kommt ohne Termin, Große Inspektion inkl. Innenraumfilter.
Innenraumfilter riecht, mit tauschen.
Rückruf erwünscht bevor zusätzliche Arbeiten. Hol- und Bringservice gewünscht.
Termin steht, Dauer ca. 2 Tage.
~~~~~~~~~~~~~
15.07.26 10:10 Karosserie: Rückruf nicht erreicht, Mailbox
22.07.26 11:10 A. Frank: KV an Kunde verschickt"
859975,2026-03-04 14:29:41,2026-03-25 02:50:46,,true,2026-03-24 07:50:46,2026-03-19 08:31:55,2026-03-22 16:31:55,108651,157802,QQM-V 679,ZZEEWGLX6SN141911,Mercedes,GLC,X254,2022-10-11,38791,,1,Michael,Berger,Am Alten Sportplatz 121,01067,Dresden,michael.berger22@example.org,+49 (0)170 7080587,660966,12,👍 Fertig zur Abholung,Vorgangsstatus,12|952|1083|1607|1002,2,847566|833412,113,false,3,103,damage,Parkschaden,Stoßstange hinten links|Schweller links,mittel,haftpflicht_gegner,fertig,"Kunde kommt ohne Termin, Parkschaden auf dem Parkplatz. An Stoßstange hinten links Riss im Lack (ca. 5 cm).
Schweller links ebenfalls: Kunststoff eingedrückt.
Kunde bittet um KVA.
Haftpflicht Gegner, Gutachter beauftragt.
Beilackierung notwendig."
843481,2026-06-04 09:46:04,2026-06-22 22:41:29,,false,2026-06-21 10:37:29,2026-06-18 15:41:29,2026-06-21 18:41:29,114366,148738,XQE-J 4181,ZZC27RBB8S7474979,Skoda,Scala,NW1,2023-02-14,33044,,1,Georg,Sommer,Zypressenweg 138,70173,Stuttgart,gsommer@example.de,0179/9498712,577213,36,🏁🔜Abgeholt/Ausgeliefert - Folgetermin offen,Vorgangsstatus,36|242|602|1270|470,1,503280,,false,1,72,service,HU/AU,,,,abgeschlossen,"Lt. Kunde: TÜV Termin, Fzg. vorher durchsehen.
Batterie schwach, Startprobleme morgens.
Kunde wartet, bitte zügig. Leihwagen ja, Hol- und Bringservice ja.
Teile bestellt, Liefertermin offen.
~~~~~~~~~~~~~
07.06.26 12:46 O. Busch: Teile bestellt, Nachricht an Dispo
10.06.26 16:46 O. Busch: Freigabe Versicherung eingetroffen
16.06.26 19:46 SB: Kalkulation fertig, an Prüfer"
894640,2026-06-07 14:11:18,2026-06-19 21:52:51,,true,2026-06-18 07:45:05,2026-06-18 10:52:51,2026-06-18 11:52:51,108526,147031,XQB-B 30,ZZGLFMWV9XG817643,Skoda,Superb Combi,3V5,2024-03-26,52211,Sonnenhang Montage OHG,,,,Bruehlstrasse 132,71032,Boeblingen,kontakt_kaiser@example.de,+49 (0)175 4956993,494415,38,👍 🔜Fertig zur Abholung mit Folgetermin,Vorgangsstatus,38|186,1,214789,,false,2,59,service,Bremsen,,,,fertig,"Skoda Superb Combi, XQB-B 30
Bremsen: Bremsscheiben hinten riefig, Kunde meldet Rubbeln.
Batterie schwach, Startprobleme morgens.
Kunde bittet um Kostenvoranschlag.
Fzg. steht auf dem Hof.
~~~~~~~~~~~~~
10.06.26 16:11 Lack: Endkontrolle offen"
837253,2026-06-02 13:43:15,2026-06-02 20:43:15,2026-06-04 10:36:26,false,,,,111067,139117,QQH-YS 56,ZZEVLZWL2T7765966,VW,Passat Variant,3G5,2017-08-06,70369,,1,Marco,Otto,Rosmarinweg 128,45127,Essen,marco.otto@example.org,+49 160 3132794,635955,13,😢 Kunde nicht erschienen,Vorgangsstatus,13|239,2,175937|667417,,false,0,0,service,Inspektion,,,,storniert,"Kunde kommt ohne Termin, Inspektion fällig, Kunde wünscht Kostenrahmen vorab.
Servicerückstellung nicht erfolgt, bitte mitmachen.
Bitte anrufen wenn mehr anfällt als besprochen.
Kunde bekommt Zwischeninfo.
~~~~~~~~~~~~~
10.06.26 18:43 TS: Nachtrag: Kunde bittet um Verschiebung"
825751,2026-07-30 17:58:06,2026-08-14 06:21:41,,false,2026-08-12 14:57:09,2026-08-10 17:21:41,2026-08-12 19:21:41,129552,144991,QQ-KW 99,ZZC90ZCB0YU402234,BMW,3er Touring,G21,2012-09-27,281946,,3,Annika,Gross,Ginsterweg 81,53111,Bonn,agross@example.org,+49 (0)175 4663008,799994,41,🛑 Wartet auf Abholung durch Verwerter/Leasing/sonstige,Vorgangsstatus,41|180|610,2,931979|040126,,false,2,98,service,Bremsen,,,,abgeschlossen,"BMW 3er Touring, QQ-KW 99, km 281946
Kdune kommt ohne Termin, Bremsscheiben hinten riefig, Kunde meldet Rubbeln.
Klimaanlage kühlt schlecht, bitte pruefen.
Kunde fragt nach Ersatzwagen.
~~~~~~~~~~~~~
06.08.26 19:58 L. Kaiser: Nachtrag: Kunde bittet um Verschiebung
07.08.26 20:58 Dispo: Freigabe Versicherung eingetroffen"
831722,2026-04-22 09:35:37,2026-05-12 18:45:27,,true,2026-05-12 13:45:27,2026-05-08 07:11:45,2026-05-10 09:11:45,125678,147671,ZQ-GN 8530,ZZHJ0S6B4XY619867,VW,Touran,5T,2016-06-11,157091,,2,Susanne,Stein,An der Bleiche 63,63065,Offenbach am Main,susanne_stein@example.de,+49 151 0201538,494530,12,👍 Fertig zur Abholung,Vorgangsstatus,12|946|997,1,875703,,false,2,89,damage,Hagelschaden,Heckklappe|Dach|Motorhaube,schwer,selbstzahler,fertig,"Fzg. vorgefahren, Hagelschaden, Kunde meldet Unwetterschaden. Heckklappe mit mehreren Dellen aus Hagelschlag.
Dach mit mehreren Dellen aus Hagelschlag.
Hagel: Motorhaube betroffen, Lack laut Sichtprüfung intakt.
Kunde fragt nach Reparaturdauer.
Selbstzahler, Rechnung an Kunde.
~~~~~~~~~~~~~
24.04.26 11:35 Servicebüro: Kalkulation fertig, an Prüfer
28.04.26 12:35 Teiledienst: Nachtrag: Kunde bittet um Verschiebung"
839007,2026-04-30 16:41:40,2026-05-26 23:19:40,,true,2026-05-25 15:10:36,2026-05-25 16:19:40,2026-05-25 22:19:40,110270,145118,XQS-R 55,ZZBN8VYK7YF636503,Seat,Ibiza,KJ1,2023-09-28,51601,,,Marco,Scholz,Zypressenweg 1,10247,Berlin,,+49 (0)157 1691594,038117,1153,👆🚚 Bringservice mit Folgetermin,Vorgangsstatus,1153|957|1084|1602|1566|996,1,838624,117,false,2,150,damage,Parkschaden,Stoßstange vorne|Heckklappe,schwer,haftpflicht_gegner,fertig,"Kunde bringt Fzg., Parkschaden, Kunde hat Fotos gemacht. Stoßstange vorne großflächig deformiert, handtellergroß.
Heckklappe ebenfalls: Träger verformt.
KVA erwünscht, bitte per Mail.
Unfallgegner bekannt, Haftung dem Grunde nach unstrittig.
Teile bestellt, Liefertermin offen.
~~~~~~~~~~~~~
04.05.26 20:41 Annahme: KD informiert, Termin steht
09.05.26 23:41 Dispo: Leihwagen reserviert"
890104,2026-05-25 12:47:05,2026-05-26 03:47:05,,true,,,,125483,156269,ZQ-ET 113,ZZAB8FNE0WV471246,Audi,Q3,F3,2017-06-01,188453,Altmuehl Montage OHG,1,,,Am Muehlbach 129,60313,Frankfurt am Main,kontakt.herrmann91@example.com,0175/9797268,728073,1559,"🔧📞 Mechanik Termin bitte vereinbaren /Teile, Freigabe eingetroffen",Vorgangsstatus,1559|937|156,0,,,false,2,98,damage,Vandalismus,Stoßstange vorne rechts|Tür hinten rechts,mittel,vollkasko,neu,"Anruf Kunde: Vandalismus, Verursacher unbekannt. Stoßstange vorne rechts ca. 3 cm Durchmesser Kunststoff eingedrückt.
Weiterer Schaden Tür hinten rechts, Kunststoff eingedrückt.
Kunde bittet um Rückruf bis Freitag. Leihwagen ja, Hol- und Bringservice ja.
VK mit SB 500 EUR, Freigabe abwarten.
Termin nach Teileeingang.
~~~~~~~~~~~~~
27.05.26 15:47 M. Moser: Fzg. gewaschen, abholbereit"
897638,2026-07-27 12:12:59,2026-07-30 01:31:58,,true,,2026-07-29 11:31:58,,104233,130815,QQE-W 18,ZZHHRCX97YD949551,VW,T6.1 Transporter,SG,2026-02-04,15648,,,Thomas,Wendt,Lerchenstrasse 51,48143,Muenster,,+49 170 9708308,313979,34,🌗✔️Nachbestellung Termin bestätigt,Vorgangsstatus,34|1562|1086|602,1,331217,,false,2,124,damage,Parkschaden,Tür hinten links|Stoßstange hinten rechts,leicht,selbstzahler,laufend,"Kunde meldet: Parkschaden, Kunde hat Fotos gemacht. Tür hinten links ca. 5 cm Druckstelle.
Weiterer Schaden Stoßstange hinten rechts, feine Kratzspuren.
Kunde bittet um Rückruf bis Freitag.
Selbstzahler, keine Vers. im Spiel.
Termin steht, Dauer ca. 2 Tage.
~~~~~~~~~~~~~
30.07.26 13:12 Lack: KD informiert, Termin steht
31.07.26 15:12 TS: Kalkulation fertig, an Prüfer
06.08.26 15:12 Lack: Rechnung geschrieben"
854202,2026-05-07 14:49:50,2026-05-17 03:21:23,,false,2026-05-16 08:21:23,2026-05-11 11:56:55,2026-05-13 12:56:55,111789,131571,QX-AX 8236,ZZJ86S6K1R5646377,VW,T6.1 Transporter,SG,2018-12-05,182225,,3,Elena,Ritter,Wacholderweg 18,33098,Paderborn,elena.ritter@example.net,+49 (0)177 6585993,237244,121,abgerechnet ! Auftrag erledigt abgeschlossen,Vorgangsstatus,121|957|1512,3,147989|551419|610888,,false,4,133,damage,Rangierschaden,Schweller links,mittel,selbstzahler,abgeschlossen,"Bei der Annahme festgestellt: Rangierschaden, Fahrer meldet Kontakt mit Mauer. Schweller links Beule, punktuell, mehrere Stellen.
Fzg. bleibt über Nacht da.
Ohne Versicherung, Kunde entscheidet nach Preis.
Kunde bekommt Zwischeninfo.
~~~~~~~~~~~~~
14.05.26 19:49 Karosserie: Leihwagen reserviert"
828534,2026-01-09 11:32:10,2026-02-09 09:36:08,,true,2026-02-08 08:36:08,2026-02-01 15:54:49,2026-02-06 19:54:49,126668,141860,QQZ-Y 4215,ZZHV1AHS2VL455910,Ford,Transit Custom,V362,2023-10-21,18414,Seeblick Logistik GmbH,1,Ingrid,Pohl,Am Alten Sportplatz 62,41061,Moenchengladbach,ingrid_pohl@example.net,0172/6264435,145767,38,👍 🔜Fertig zur Abholung mit Folgetermin,Vorgangsstatus,38|240|45,1,159165,,false,3,127,service,Bremsen,,,,fertig,"Ford Transit Custom, QQZ-Y 4215, km 18414
Kunde meldet: Bremsflüssigkeit fällig, Beläge messen.
Bitte anrufen wenn mehr anfällt als besprochen. Ersatzwagen geklärt, Klasse klein.
~~~~~~~~~~~~~
12.01.26 11:32 Annahme: Rechnung geschrieben
15.01.26 13:32 SB: Rückruf nciht erreicht, Mailbox"
883029,2026-02-14 16:52:18,2026-02-15 21:52:18,,true,,,,113491,136522,QQA-D 76,ZZJFW81W2XJ912210,BMW,1er,F40,2016-10-12,191192,,1,Nadine,Winkler,Kastanienallee 45,97070,Wuerzburg,nadine.winkler79@example.com,+49 (0)173 6097973,325947,44,📆✔Termin vereinbart,Vorgangsstatus,44|951|488,1,600418,101,false,2,122,damage,Auffahrunfall,Heckklappe|Stoßstange vorne|Stoßstange hinten,schwer,vollkasko,neu,"Kunde berichtet: Auffahrunfall, Unfall am 07.02. Aufnahme abgerissen an Heckklappe, auf ganzer Länge.
Stoßstange vorne ebenfalls: Bauteil durchgebrochen.
Auch Stoßstange hinten beschädigt (Teil gerissen und lose).
Vollkasko, SB 500 EUR, Schadenmeldung raus.
Termin steht, Dauer ca. 2 Tage.
~~~~~~~~~~~~~
19.02.26 19:52 TS: Kunde meldet sich wegen Termin"
883550,2026-03-30 17:52:57,2026-04-08 23:31:05,,true,,2026-04-08 13:31:05,,120112,152199,ZQM-VY 1378,ZZEL3VCMXXU475303,Opel,Grandland,A18,2018-11-19,98568,,,Sven,Dietrich,An der Bleiche 61,68159,Mannheim,sven.dietrich38@example.com,+49 176 4914601,202704,89,😪☎Kunde nicht erreicht,Vorgangsstatus,89|926|613|470,1,755641,,false,2,185,service,Räder und Reifen,,,,laufend,"Kunde kommt ohne Termin, Reifen vorne abgefahren, Angebot erstellen.
Servicerückstellung nicht erfolgt, bitte mitmachen.
Bitte anrufen wenn mehr anfällt als besprochen."
866893,2026-03-27 13:08:42,2026-04-16 11:45:18,,false,2026-04-16 09:45:18,2026-04-14 08:46:43,2026-04-15 09:46:43,114006,140848,XQB-UL 700,ZZAU89AJ1VR355008,BMW,X3,G01,2014-08-10,123500,,,Sebastian,Sommer,Ahornweg 36,76133,Karlsruhe,sebastian.sommer45@example.com,+49 (0)157 3229241,990654,9,🏁 Abgeholt,Vorgangsstatus,9|182,1,617675,,false,0,0,service,Inspektion,,,,abgeschlossen,"Kunde berichtet: Inspektion fällig, Kunde wünscht Kostenrahmen vorab.
Zusätzlich Klappern vorne rechts bei Bodenwellen.
Bitte Rechnung an die Firma. Leihwagen nein, Kunde wartet.
Kunde bekommt Zwischeninfo.
~~~~~~~~~~~~~
03.04.26 16:08 Karosserie: Kunde meldet sich wegen Termin"
869622,2026-01-24 11:45:02,2026-02-05 14:04:25,,false,2026-02-04 15:04:25,2026-01-31 16:52:13,2026-02-04 00:52:13,111764,156360,QQV-P 841,ZZDHMM7R9S9508472,Mercedes,E-Klasse,W213,2013-06-17,301884,Rheinpfad Logistik AG,2,,,Ginsterweg 69,79098,Freiburg,kontakt.kliemann@example.org,0151 4236672,684485,1422,Fahrzeug abgeholt (/kommt nochmal),Vorgangsstatus,1422|785|3|110,2,815707|677678,,false,2,58,service,HU/AU,,,,abgeschlossen,"Kunde kommt ohne Termin, HU überfällig seit letztem Monat.
Kontrollleuchte Reifendruck ist an.
Kunde wartet, bitte zügig. Leihwagen nein, Kunde wartet.
~~~~~~~~~~~~~
26.01.26 16:45 Teiledienst: Teile bestellt, Nachricht an Dispo
28.01.26 17:45 H. Haas: Kalkulation fertig, an Prüfer"
837847,2026-07-07 16:11:16,2026-08-02 13:29:10,,true,,2026-08-01 12:29:10,,106189,156702,QQW-UA 70,ZZCA86HE7TJ334256,Audi,A3 Sportback,8Y,2020-10-26,88046,,3,Frank,Peters,Buchenallee 56,85049,Ingolstadt,frank.peters@example.org,0170/9775124,692125,89,😪☎Kunde nicht erreicht,Vorgangsstatus,89|796|860,2,037477|163045,,false,1,85,service,Räder und Reifen,,,,laufend,"Audi A3 Sportback, QQW-UA 70
Fzg. angeliefert, Räderwechsel Sommer auf Winter, Einlagerung vorhanden.
Bitte Softwarestand prüfen, Rückruf offen.
Kunde holt am Abend ab. Fzg. bleibt über Nacht da.
~~~~~~~~~~~~~
15.07.26 17:11 Lack: Endkontrolle offen"
848599,2026-01-10 13:32:51,2026-01-10 21:32:51,,true,,,,100198,151035,XQB-Z 38,ZZFWCPUE6SU143122,BMW,X1,U11,2022-05-20,44142,Altmuehl Pflegedienst GmbH,2,,,Lerchenstrasse 104,97070,Wuerzburg,kontakt.reuter13@example.com,0170 3334717,278897,534,📲🔰DSA/Bilder/GA/Infos erhalten bitte Kalkulieren,Vorgangsstatus,534|242|488|1249,0,,,false,3,227,service,Inspektion,,,,neu,"Kunde bringt Fzg., Große Inspektion inkl. Innenraumfilter.
Innenraumfilter riecht, mit tauschen.
Abholung durch Kunde am Nachmittag.
Teile bestellt, Liefertermin offen.
~~~~~~~~~~~~~
17.01.26 17:32 Servicebüro: KV an Kunde verschickt
24.01.26 21:32 O. Baumann: Kunde meldet sich wegen Termin"
886803,2026-07-23 13:32:11,2026-08-07 13:56:28,,true,2026-08-06 09:56:28,2026-07-31 09:55:38,2026-08-04 17:55:38,122201,154592,QX-DD 41,ZZAJ3EZN7TG765564,Mercedes,E-Klasse,W213,2012-06-19,230009,,2,Nadine,Zimmer,Haselnussweg 93,90402,Nuernberg,nadine_zimmer@example.net,0172/3049036,018355,38,👍 🔜Fertig zur Abholung mit Folgetermin,Vorgangsstatus,38|957|1088|434|50,1,185220,104,false,0,0,damage,Auffahrunfall,Stoßstange vorne rechts|Stoßstange hinten,leicht,vollkasko,fertig,"Kunde berichtet: Auffahrunfall, Hergang lt. Kunde unklar. Stoßstange vorne rechts Kratzer im Klarlack, auf ganzer Länge.
Auch Stoßstange hinten beschädigt (kleine Delle).
Ersatzwagen geklärt, Klasse klein.
VK, SB 300 EUR, Vers. informiert.
Beilackierung notwendig.
Versicherung: Talblick Versicherung, Schadennr. 37735973.
~~~~~~~~~~~~~
25.07.26 15:32 TS: Nachtrag: Kunde bittet um Verschiebung"
849735,2026-01-15 10:40:23,2026-01-26 14:40:28,,false,2026-01-25 10:24:59,2026-01-23 10:40:28,2026-01-25 18:40:28,108815,158900,XQ-L 29,ZZFHAM2T1T3636406,Audi,A4 Avant,8W,2018-05-26,56064,Blauberg Bau GmbH,1,,,Am Alten Sportplatz 73,70173,Stuttgart,kontakt.gross36@example.net,+49 (0)176 1060400,356794,121,abgerechnet ! Auftrag erledigt abgeschlossen,Vorgangsstatus,121|918|1173|109,0,,,false,1,48,service,Inspektion,,,,abgeschlossen,"Anruf Kunde: Inspektion mit Pollenfilter und Bremsflüssigkeit.
Scheibenwischer schmieren, bitte erneuern.
Bitte Rechnung an die Firma."
859941,2026-05-04 08:50:20,2026-05-04 15:50:20,2026-05-07 08:20:36,false,,,,115021,141759,QQV-VP 71,ZZJ6C5W30R8946467,Mercedes,GLC,X254,2025-10-24,12988,,2,Anja,Maurer,Akazienweg 31,99084,Erfurt,anja_maurer@example.org,0173 0981375,140038,15,🚧Wurde Totalschaden,Vorgangsstatus,15|1139|1083|51,1,302758,101,false,3,156,damage,Vandalismus,Stoßstange vorne links|Schweller rechts|Kotflügel vorne links,schwer,teilkasko,storniert,"Anruf Kunde: Vandalismus, Anzeige bei der Polizei erstattet. Stoßstange vorne links ca. 25 cm Teil gerissen und lose.
Zusätzlich Schweller rechts betroffen, großflächig deformiert.
Kotflügel vorne links ebenfalls: Aufnahme abgerissen.
Bitte KVA vor Reparatur abstimmen. Leihwagen nein, Kunde wartet.
Teilkasko, SB 150 EUR, KVA an Vers.
Freigabe eingetroffen, Teile bestellt.
Versicherung: Nordstern Direkt, Schadennr. 78696297.
~~~~~~~~~~~~~
12.05.26 11:50 E. Engel: Leihwagen reserviert"
894188,2026-05-19 15:11:03,2026-05-21 04:11:03,,true,,,,106753,146990,ZQB-V 4440,ZZCY1TVP6WE896623,Seat,Ateca,KH7,2022-04-16,105079,,,Jonas,Otto,Buchenallee 120,55116,Mainz,,+49 (0)178 3106629,750517,44,📆✔Termin vereinbart,Vorgangsstatus,44|1563|399,1,653063,,true,1,89,damage,Parkschaden,Stoßstange vorne|Beifahrertür,mittel,selbstzahler,neu,"Fzg. vorgefahren, Parkschaden auf dem Parkplatz. Stoßstange vorne ca. 10 cm Lack abgeplatzt.
Zusätzlich Beifahrertür betroffen, Kratzer bis auf Grundierung.
Kunde fragt nach Smart Repair.
Ohne Versicherung, Kunde entscheidet nach Preis.
Ersatzteil nur komplett lieferbar, Austausch statt Instandsetzung.
~~~~~~~~~~~~~
21.05.26 17:11 H. Heinrich: Freigabe Versicherung eingetroffen"
851803,2026-04-03 07:12:02,2026-04-27 23:17:42,,true,2026-04-26 17:17:42,2026-04-22 11:20:32,2026-04-23 16:20:32,110604,134814,XQC-JD 379,ZZBZZD495RG781045,VW,Polo,AW,2016-11-12,67443,,3,Maria,Wendt,Drosselgasse 12,01067,Dresden,,+49 173 5818839,543037,12,👍 Fertig zur Abholung,Vorgangsstatus,12|392,0,,,false,3,164,service,Ölwechsel,,,,fertig,"VW Polo, XQC-JD 379, km 67443
Kunde kommt ohne Termin, Ölservice fällig, Anzeige im Display.
Bitte Softwarestand prüfen, Rückruf offen.
Kunde wartet, bitte zügig.
Termin steht, Dauer ca. 2 Tage.
~~~~~~~~~~~~~
09.04.26 08:12 Teiledienst: Teile bestellt, Nachricht an Dispo"
828225,2026-02-03 10:56:50,2026-02-03 23:56:50,,true,,,,104288,131569,XQR-EG 533,ZZD37VJ19WG168980,Skoda,Octavia Combi,NX5,2014-02-10,247050,,3,Uwe,Stein,Buchenallee 131,48143,Muenster,ustein@example.de,+49 (0)178 7225847,211135,533,📲✅Vorkalkulation erledigt bitte Termin vereinbaren,Vorgangsstatus,533|958|1151,3,810068|070839|465501,,false,1,40,damage,Parkschaden,Tür hinten rechts|Tür hinten links,mittel,selbstzahler,neu,"Lt. Kunde: Parkschaden in der Tiefgarage, Verursacher unbekannt. Schaden an Tür hinten rechts, Kunststoff eingedrückt, punktuell, mehrere Stellen.
Weiterer Schaden Tür hinten links, Kunststoff eingedrückt.
Kunde bittet um Rückruf bis Freitag.
Selbstzahler, Rechnung an Kunde.
Bitte Kalkulation erstellen.
~~~~~~~~~~~~~
09.02.26 13:56 Dispo: Leihwagen reserviert
15.02.26 17:56 Dispo: Freigabe Versicherung eingetroffen"
884436,2026-01-05 12:55:03,2026-01-06 15:55:03,2026-01-09 12:24:31,false,,,,100131,149699,QQZ-NL 7495,ZZJL8Y972SM227027,Ford,Focus Turnier,DEH,2025-05-11,15085,,1,Sven,Kaiser,Fliederweg 1,45127,Essen,,+49 (0)157 4187643,055734,13,😢 Kunde nicht erschienen,Vorgangsstatus,13|947|437,1,106158,,false,1,42,damage,Parkschaden,Tür hinten rechts|Fahrertür,leicht,selbstzahler,storniert,"Kunde meldet: Parkschaden, kein Zettel hinterlassen. An Tür hinten rechts kleine Delle (ca. 15 cm).
Fahrertür ebenfalls: Druckstelle.
Kunde fragt nach Smart Repair. Leihwagen ja.
Selbstzahler, Rechnung an Kunde.
Ersatzteil nur komplett lieferbar, Austausch statt Instandsetzung."
893426,2026-01-11 17:04:39,2026-01-28 19:40:34,,true,2026-01-28 09:13:16,2026-01-27 12:40:34,2026-01-28 14:40:34,126032,146378,QQC-TG 1119,ZZFB5GVC1VE145347,Skoda,Scala,NW1,2021-09-05,79857,Seeblick Elektrotechnik GmbH,1,,,An der Bleiche 73,40213,Duesseldorf,kziegler@example.org,+49 172 4003273,481109,12,👍 Fertig zur Abholung,Vorgangsstatus,12|236|602|497,1,804570,,false,1,84,service,Räder und Reifen,,,,fertig,"Anruf Kunde: Reifen vorne abgefahren, Angebot erstellen.
Bitte Softwarestand prüfen, Rueckruf offen.
Bitte Rechnung an die Firma. Hol- und Bringservice gewünscht.
Bitte Wiedervorlage in einer Woche.
~~~~~~~~~~~~~
12.01.26 22:04 TS: Nachtrag: Kunde bittet um Verschiebung
15.01.26 23:04 Teiledienst: Teile besteltl, Nachricht an Dispo"
837218,2026-08-09 13:01:35,2026-08-18 20:16:57,,true,,2026-08-17 09:16:57,,123452,157723,ZQB-T 478,ZZHX4G5B2W3371398,VW,Tiguan,5N,2026-04-19,9265,,,Helmut,Kern,Espenstrasse 43,48143,Muenster,hkern@example.org,0175 9903561,367957,11,👽💣Rückstand ohne Termin! Teilerückstand Fzg. bei uns,Vorgangsstatus,11|397|1131|108,2,737139|489158,,false,3,68,service,Bremsen,,,,laufend,"VW Tiguan, ZQB-T 478, km 9265
Kunde berichtet: Bremsen quietschen, bitte prüfen.
Kunde wünscht Kostenrahmen vorab.
Fzg. steht auf dem Hof.
~~~~~~~~~~~~~
15.08.26 17:01 Karosserie: Freigabe Versicherung eingetroffen
19.08.26 19:01 G. Kliemann: Rückruf nicht erreicht, Mailbox
22.08.26 22:01 Karosserie: Rechnung geschrieben"
849708,2026-05-27 14:50:54,2026-06-05 01:04:51,,true,,2026-06-04 17:04:51,,122714,142047,ZQD-ZD 71,ZZAXBGVY8RC850633,VW,Golf Variant,5H8,2014-08-01,269509,,,Florian,Graf,Wacholderweg 125,44137,Dortmund,florian.graf@example.org,0170/4836896,662337,26,👆🚚 Bringservice,Vorgangsstatus,26|993|1100,1,725053,104,false,2,122,damage,Steinschlag,Windschutzscheibe,schwer,teilkasko,laufend,"VW Golf Variant, ZQD-ZD 71, km 269509
Kunde meldet: Steinschlag, Riss wird laut Kunde größer. Windschutzscheibe mit Einschlag ca. 2 cm, Fahrerseite unten.
Kunde bittet um Terminvorschlag. Kunde wartet vor Ort.
TK deckt Glasschaden, SB 150 EUR.
Ersatzteil nur komplett lieferbar, Austausch statt Instandsetzung.
Versicherung: Talblick Versicherung, Schadennr. 87766771.
~~~~~~~~~~~~~
31.05.26 16:50 M. Graf: Kunde meldet sich wegen Termin
06.06.26 20:50 M. Graf: Rückruf nicht erreicht, Mailbox"
881716,2026-04-10 08:04:51,2026-04-16 18:54:38,,true,,2026-04-16 09:54:38,,129199,130094,XQA-K 973,ZZCPML307X3748311,Seat,Ateca,KH7,2014-09-21,188052,,2,Simone,Kern,Espenstrasse 13,34117,Kassel,simone_kern@example.com,0171/4703580,991044,26,👆🚚 Bringservice,Vorgangsstatus,26|1563|1085|610,1,734908,109,true,4,73,damage,Wildunfall,Stoßstange vorne|Kotflügel vorne rechts|Kotflügel vorne links,schwer,teilkasko,laufend,"Bei der Annahme festgestellt: Wildunfall in der Dämmerung, Polizei aufgenommen. An Stoßstange vorne Bauteil durchgebrochen (handtellergroß).
Zusätzlich Kotflügel vorne rechts betroffen, Teil gerissen und lose.
Kotflügel vorne links ebenfalls: Träger verformt.
Leihwagen nein, Kunde wartet.
TK deckt Glasschaden, SB 150 EUR.
Bitte Wiedervorlage in einer Woche.
~~~~~~~~~~~~~
16.04.26 13:04 TS: Endkontrolle offen
18.04.26 16:04 Servicebüro: Ersatzteil eingetroffen, Termin vereinbaren"
868539,2026-06-30 16:14:06,2026-07-10 02:19:16,,false,2026-07-09 10:19:16,2026-07-08 07:20:17,2026-07-08 15:20:17,127520,154887,QZ-K 18,ZZG2YJW82R5250463,Audi,A4 Avant,8W,2024-03-23,40518,,,Anja,Herrmann,Drosselgasse 94,71032,Boeblingen,,+49 171 9287936,271274,121,abgerechnet ! Auftrag erledigt abgeschlossen,Vorgangsstatus,121|955|1084|614|99,1,980748,121,false,1,66,damage,Steinschlag,Windschutzscheibe,mittel,teilkasko,abgeschlossen,"Fzg. vorgefahren, Steinschlag vom Lkw vor dem Fzg. Steinschlag Windschutzscheibe im Sichtfeld Fahrer, Reparatur nicht möglich, Austausch nötig.
Kunde möchte Fzg. bis Monatsende zurück. Leihwagen nein, Kunde wartet.
TK vorhanden, SB 150 EUR.
Freigabe eingetroffen, Teile bestellt.
~~~~~~~~~~~~~
06.07.26 19:14 C. Heinrich: Rückruf nicht erreicht, Mailbox"
834217,2026-02-14 16:29:46,2026-02-16 00:29:46,2026-02-15 11:13:30,false,,,,108546,144798,ZQC-MN 8826,ZZF4LKYGXSJ060154,Skoda,Kodiaq,NS7,2024-10-13,29496,,,Jan,Lang,Wacholderweg 53,04109,Leipzig,jlang@example.de,0162 9907289,037856,15,🚧Wurde Totalschaden,Vorgangsstatus,15|938|470,1,225126,104,false,1,88,damage,Auffahrunfall,Stoßstange vorne links|Stoßstange vorne,mittel,haftpflicht_gegner,storniert,"Lt. Kunde: Auffahrunfall, Unfallgegner hat Schuld anerkannt. Beule an Stoßstange vorne links, ca. 25 cm.
Stoßstange vorne ebenfalls: Kunststoff eingedrückt.
Kunde möchte wissen ob Instandsetzung reicht. Ersatzwagen geklärt, Klasse klein.
Gegnerische Haftpflicht reguliert, Haftung anerkannt.
Kunde ist informiert, meldet sich.
~~~~~~~~~~~~~
21.02.26 17:29 TS: Ersatzteil eingetroffen, Termin vereinbaren
28.02.26 19:29 Teiledienst: Leihwagen reserviert
06.03.26 20:29 J. Sommer: Teile bestellt, Nachricht an Dispo"
879671,2026-03-07 16:39:02,2026-03-21 18:54:54,,true,2026-03-20 17:54:54,2026-03-15 13:00:03,2026-03-19 17:00:03,104007,134975,XQD-JU 9504,ZZBYB2994X1114514,Seat,Arona,KJ7,2016-09-18,182629,,,Sandra,Brandt,Ahornweg 96,85049,Ingolstadt,sandra.brandt42@example.org,0178 6832496,822738,12,👍 Fertig zur Abholung,Vorgangsstatus,12|937|1099|110,1,814414,113,false,2,162,damage,Rangierschaden,Motorhaube|Heckklappe,leicht,vollkasko,fertig,"Seat Arona, XQD-JU 9504
Anruf Kunde: Rangierschaden beim Rangieren am Hof. Schaden an Motorhaube, kleine Delle, ca. 10 cm.
Auch Heckklappe beschädigt (kleine Delle).
Hol- und Bringservice gewünscht.
Vollkasko, SB 500 EUR, Schadenmeldung raus.
Nach Zerlegung nachkalkulieren.
~~~~~~~~~~~~~
14.03.26 20:39 Annahme: Teile bestellt, Nachricht an Dispo
20.03.26 23:39 Karosserie: Nachtrag: Kunde bittet um Verschiebung"
875761,2026-05-09 11:33:14,2026-05-10 01:33:14,,true,,,,100767,154912,XQS-Z 9407,ZZFBRCJM1RR383760,Skoda,Karoq,NU7,2023-11-27,56395,,1,Sandra,Keller,Amselweg 117,20359,Hamburg,skeller@example.org,+49 163 9511457,480891,44,📆✔Termin vereinbart,Vorgangsstatus,44|245,2,325914|419722,,false,1,66,service,HU/AU,,,,neu,"Skoda Karoq, XQS-Z 9407, km 56395
HU/AU: TÜV Termin, Fzg. vorher durchsehen.
Zusätzlich Klappern vorne rechts bei Bodenwellen.
Kunde wartet, bitte zügig. Ersatzwagen geklärt, Klasse klein.
Fzg. steht auf dem Hof."
820879,2026-08-09 09:32:03,2026-09-01 15:57:18,,true,,2026-08-31 11:57:18,,126452,159358,XQC-W 7216,ZZCRUUEA3W8360627,BMW,X3,G01,2016-03-11,210749,Blauberg Gartenbau OHG,3,,,Eichenweg 99,93047,Regensburg,kpeters@example.com,0175/8392574,277507,91,🦊☎Haftung unklar Wiedervorlage,Vorgangsstatus,91|180|1270,0,,,false,0,0,service,Räder und Reifen,,,,laufend,"Kunde kommt ohne Termin, Räderwechsel Sommer auf Winter, Einlagerung vorhanden.
Kunde holt am Abend ab. Hol- und Bringservice gewünscht.
~~~~~~~~~~~~~
15.08.26 12:32 Teiledienst: Freigabe Versicherung eingetroffen
21.08.26 13:32 Lack: Fzg. in Halle, Zerlegung begonnen"
863220,2026-01-17 14:01:24,2026-02-02 13:27:36,,true,,2026-02-01 08:27:36,,107599,139032,QQZ-J 4840,ZZG9M0GG8TJ597675,Skoda,Karoq,NU7,2024-06-26,22928,,3,Helmut,Nolte,An der Bleiche 58,30655,Hannover,helmut_nolte@example.org,+49 (0)159 1256104,467484,157,🛒MECHANIK Teile vorab bestellen!,Vorgangsstatus,157|951|1585|100|998,2,437459|437144,128,false,1,74,damage,Hagelschaden,Heckklappe|Dach|Motorhaube,leicht,teilkasko,laufend,"Fzg. angeliefert, Hagelschaden vom Unwetter am 10.01. Hagelschlag flächig, Heckklappe mit zahlreichen Dellen.
Hagel: Dach betroffen, Lack laut Sichtprüfung intakt.
Hagelschlag flächig, Motorhaube mit zahlreichen Dellen.
Kunde möchte wissen ob Instandsetzung reicht.
TK vorhanden, SB 150 EUR.
Fotos liegen im Vorgang.
Versicherung: Altmuehl Versicherung, Schadennr. 61806512.
~~~~~~~~~~~~~
18.01.26 17:01 Karosserie: Leihwagen reserviert
20.01.26 18:01 Annahme: KV an Kunde verschickt
25.01.26 20:01 T. Lorenz: Rückruf nicht erreicht, Mailbox"
897690,2026-01-16 08:56:53,2026-01-17 09:56:53,,true,,,,102035,135802,QQC-V 7619,ZZBTDS090SN137856,Opel,Mokka,U,2025-12-20,10604,Sonnenhang Bau GmbH,3,,,Schlehenweg 29,99084,Erfurt,,+49 177 0400607,953373,533,📲✅Vorkalkulation erledigt bitte Termin vereinbaren,Vorgangsstatus,533|1308,0,,,false,1,95,service,Räder und Reifen,,,,neu,"Räder und Reifen: Neue Reifen hinten, Kostenangebot Reifen erwünscht.
Scheibenwischer schmieren, bitte erneuern.
Kunde fragt nach Ersatzwagen. Fzg. bleibt über Nacht da.
~~~~~~~~~~~~~
22.01.26 12:56 Lack: Rückruf nicht erreicht, Mailbox"
862100,2026-06-16 13:40:06,2026-07-06 10:57:30,,false,2026-07-05 08:56:29,2026-07-05 09:57:30,2026-07-05 11:57:30,104847,131372,QX-E 154,ZZJZKUPN3V9587291,Audi,Q3,F3,2019-01-01,100907,,,Uwe,Busch,Bruehlstrasse 16,38100,Braunschweig,uwe.busch@example.de,0163 1676510,461134,121,abgerechnet ! Auftrag erledigt abgeschlossen,Vorgangsstatus,121|957|1149,3,981608|969512|476703,134,true,2,106,damage,Auffahrunfall,Stoßstange hinten rechts|Kotflügel vorne rechts|Stoßstange vorne,leicht,vollkasko,abgeschlossen,"Lt. Kunde: Auffahrunfall an der Kreuzung, Schadenmeldung liegt vor. Stoßstange hinten rechts: feine Kratzspuren, ca. 10 cm.
Kotflügel vorne rechts ebenfalls: Kratzer im Klarlack.
Stoßstange vorne ebenfalls: Lackabrieb.
Leihwagen ja, Hol- und Bringservice ja.
VK, SB 300 EUR, Vers. informiert.
Ersatzteil nur komplett lieferbar, Austausch statt Instandsetzung.
~~~~~~~~~~~~~
19.06.26 13:40 Karosserie: Fzg. in Halle, Zerlegung begonnen"
866919,2026-02-16 10:13:19,2026-03-10 05:08:53,,true,,2026-03-09 15:08:53,,104430,136224,XQA-A 1529,ZZGUJXHP3XU418442,Opel,Grandland,A18,2021-12-01,35693,,1,Annika,Franke,Pappelallee 132,76133,Karlsruhe,annika.franke@example.com,0178 4037183,664482,106,😊📲Kunde erreicht DSA/Bilder angefordert,Vorgangsstatus,106|956|1080|489|469,2,765480|177704,117,false,2,55,damage,Rangierschaden,Stoßstange hinten links|Kotflügel vorne rechts,mittel,haftpflicht_gegner,laufend,"Kunde bringt Fzg., Rangierschaden an der Laderampe. Stoßstange hinten links: Kunststoff eingedrückt, ca. 15 cm.
Zusätzlich Kotflügel vorne rechts betroffen, Kunststoff eingedrückt.
Kunde will erst nach Preis entscheiden. Ersatzwagen geklärt, Klasse klein.
Haftpflicht Gegner, Schadennummer liegt vor.
Ersatzteil nur komplett lieferbar, Austausch statt Instandsetzung.
~~~~~~~~~~~~~
19.02.26 12:13 Teiledienst: Ersatzteil eingetroffen, Termin vereinbaren"
829707,2026-02-07 17:51:25,2026-02-27 14:36:14,,true,,2026-02-26 08:36:14,,113657,158724,QQA-P 99,ZZJ1YRMF0VB668747,BMW,2er Active Tourer,U06,2026-05-05,4459,,1,Jana,Haas,Ulmenstrasse 132,04109,Leipzig,jhaas@example.com,+49 (0)160 1476841,817399,621,🕐⚡🛒 Teil immer noch nicht geliefert Termin kann nicht gehalten werden,Vorgangsstatus,621|957|1149|438,1,376296,104,false,2,169,damage,Wildunfall,Kotflügel vorne rechts,mittel,teilkasko,laufend,"Lt. Kunde: Wildunfall in der Dämmerung, Polizei aufgenommen. Schaden an Kotflügel vorne rechts, Delle mit Lackschaden, ca. 40 cm.
Kunde wartet vor Ort.
TK deckt Glasschaden, SB 150 EUR.
Termin nach Teileeingang.
~~~~~~~~~~~~~
08.02.26 17:51 Karosserie: Kunde meldet sich wegen Termin"
868284,2026-04-15 10:02:49,2026-04-27 01:30:52,,true,,2026-04-26 12:30:52,,119553,152788,XQE-LM 670,ZZACE60JXS2297098,Audi,Q3,F3,2019-10-11,89804,,2,Florian,Riedel,Veilchenweg 46,86150,Augsburg,florian.riedel@example.com,0178 9608080,802125,435,🕋🤔Antwort Versicherer/GA/Leasing/Kunde fehlt,Vorgangsstatus,435|785|480|1200,1,296555,,false,1,43,service,Ölwechsel,,,,laufend,"Audi Q3, XQE-LM 670
Fzg. angeliefert, Ölservice laut Serviceintervall, Öl 5W30.
Servicerückstellung nicht erfolgt, bitte mitmachen.
Kunde wünscht Kostenrahmen vorab.
Ersatzteil im Rückstand, Kunde informiert.
~~~~~~~~~~~~~
19.04.26 11:02 Teiledienst: Rechnung geschrieben
23.04.26 12:02 Teiledienst: Freigabe Versicherung eingetroffen
26.04.26 15:02 Annahme: Leihwagen reserviert"
874892,2026-08-10 13:29:54,2026-08-24 03:32:44,,false,2026-08-22 12:00:39,2026-08-17 08:32:44,2026-08-22 16:32:44,107432,156856,QQT-S 2938,ZZD00FLT8VE236952,Opel,Corsa,F,2022-09-04,61593,,,Jens,Moser,Nelkenstrasse 79,95444,Bayreuth,jens.moser76@example.net,0151/0803469,376328,36,🏁🔜Abgeholt/Ausgeliefert - Folgetermin offen,Vorgangsstatus,36|926|50,2,937915|543266,,false,0,0,service,Bremsen,,,,abgeschlossen,"Bremsen: Bremsbeläge vorne unter Mindeststärke.
Scheibenwischer schmieren, bitte erneuern.
Kunde fragt nach Ersatzwagen. Kunde wartet vor Ort.
Fotos liegen im Vorgang.
~~~~~~~~~~~~~
18.08.26 13:29 Karosserie: Fzg. in Halle, Zerlegung begonnen
23.08.26 17:29 Annahme: Rechnung geschrieben
25.08.26 22:29 F. Kramer: Ersatzteil eingetroffen, Termin vereinbaren"
825608,2026-06-10 12:04:09,2026-06-10 18:04:09,,true,,,,116828,145376,QQC-J 29,ZZEST4S36VJ770525,Ford,Focus Turnier,DEH,2026-01-11,13129,,,Ulrike,Kliemann,Bruehlstrasse 40,90402,Nuernberg,,0162 3100284,295574,533,📲✅Vorkalkulation erledigt bitte Termin vereinbaren,Vorgangsstatus,533|947|1576|434,1,382786,101,false,4,109,damage,Wildunfall,Stoßstange vorne links|Kotflügel vorne links,mittel,teilkasko,neu,"Ford Focus Turnier, QQC-J 29, km 13129
Anruf Kunde: Wildunfall, Bescheinigung vom Jagdpächter kommt nach. Stoßstange vorne links Halterung gebrochen, ca. 25 cm.
Weiterer Schaden Kotflügel vorne links, Kratzer bis auf Grundierung.
Kunde will erst nach Preis entscheiden.
TK deckt Glasschaden, SB 150 EUR.
Bitte Wiedervorlage in einer Woche.
Versicherung: Nordstern Direkt, Schadennr. 15044028.
~~~~~~~~~~~~~
16.06.26 13:04 G. Jung: Kalkulation fertig, an Prüfer"
846562,2026-01-16 17:53:35,2026-01-18 03:53:35,2026-01-21 17:02:27,false,,,,110404,156887,XQR-GG 503,ZZE1VPNK2XX042257,BMW,5er Limousine,G30,2019-11-07,143976,Blauberg Gartenbau AG,1,,,Am Muehlbach 130,86150,Augsburg,kontakt.scholz53@example.de,0162 6709339,911671,40,❌ Auftrag storniert,Vorgangsstatus,40|993|1220,0,,,false,2,33,damage,Hagelschaden,Motorhaube|Dach,mittel,teilkasko,storniert,"BMW 5er Limousine, XQR-GG 503
Kunde meldet: Hagelschaden vom Unwetter am 09.01. Hagelschlag flächig, Motorhaube mit zahlreichen Dellen.
Hagel: Dach betroffen, Lack laut Sichtprüfung intakt.
Kunde möchte Fzg. bis Monatsende zurück.
TK vorhanden, SB 150 EUR.
Bitte Kalkulation erstellen.
Versicherung: Seeblick Kasko, Schadennr. 87446657.
~~~~~~~~~~~~~
20.01.26 19:53 Y. Keller: KV an Kunde verschickt"
836436,2026-05-30 10:50:46,2026-06-18 13:40:13,,true,,2026-06-18 09:40:13,,101279,136377,ZQC-Y 466,ZZBABUF84X4272388,Audi,A4 Avant,8W,2022-03-05,77114,,2,Jana,Kramer,Kiefernweg 119,38100,Braunschweig,jana_kramer@example.de,+49 159 7358118,349076,16,⚠️Warte auf Freigabe,Vorgangsstatus,16|245|865,0,,,false,1,20,service,Ölwechsel,,,,laufend,"Lt. Kunde: Ölwechsel inkl. Filter nach Serviceplan.
Klimaanlage kühlt schlecht, bitte prüfen.
Bitte Rechnung an die Firma.
~~~~~~~~~~~~~
04.06.26 13:50 A. Thiel: Freigabe Versicherung eingetroffen
11.06.26 18:50 SB: Endkontrolle offen
18.06.26 22:50 SB: Teile bestellt, Nachricht an Dispo"
889581,2026-05-05 15:49:01,2026-05-30 01:20:52,,true,,2026-05-29 08:20:52,,119617,158871,QQW-B 8962,ZZBSM0SJ3TB794595,Seat,Ateca,KH7,2025-08-19,19246,,,Dirk,Lehmann,Am Muehlbach 9,30655,Hannover,dirk.lehmann@example.com,0172 4669973,201084,33,⚠️Schadensfeststellung,Vorgangsstatus,33|182,1,020101,,false,3,184,service,Inspektion,,,,laufend,"Kunde meldet: Inspektion nach Herstellervorgabe.
Batterie schwach, Startprobleme morgens.
Bitte Rechnung an die Firma. Kunde wartet vor Ort.
Termin steht, Dauer ca. 2 Tage.
~~~~~~~~~~~~~
10.05.26 17:49 A. Scholz: Nachtrag: Kunde bittet um Verschiebung
12.05.26 19:49 Karosserie: Rückruf nicht erreicht, Mailbox"
869898,2026-03-19 11:28:30,2026-04-03 23:44:45,,true,2026-04-03 17:43:11,2026-04-01 14:44:45,2026-04-03 21:44:45,126546,133994,XQS-R 2894,ZZB99AMK4WW772923,BMW,2er Active Tourer,U06,2014-10-12,160814,,,Elena,Sommer,Amselweg 84,40213,Duesseldorf,elena.sommer62@example.com,+49 176 9349150,361560,38,👍 🔜Fertig zur Abholung mit Folgetermin,Vorgangsstatus,38|184,1,850067,,false,0,0,service,Bremsen,,,,fertig,"BMW 2er Active Tourer, XQS-R 2894
Kunde bringt Fzg., Bremsbeläge vorne unter Mindeststärke.
Servicerückstellung nicht erfolgt, bitte mitmachen.
Kunde wartet, bitte zügig. Leihwagen nein, Kunde wartet."
828670,2026-01-07 12:02:21,2026-01-21 07:08:27,,true,,2026-01-20 13:08:27,,117973,141938,QQE-FG 7639,ZZJBK4HL2TR891823,Skoda,Karoq,NU7,2015-10-27,70351,,,Dirk,Albrecht,Salbeiweg 16,63065,Offenbach am Main,dirk.albrecht@example.org,0171/2400434,544085,18,☢️ Auftrag steht ☢️,Vorgangsstatus,18|1010|1084,0,,,false,1,52,damage,Auffahrunfall,Stoßstange vorne|Stoßstange vorne links|Stoßstange hinten rechts,mittel,vollkasko,laufend,"KD meldet telefonisch: Auffahrunfall im Stau auf der Autobahn. Kratzer bis auf Grundierung an Stoßstange vorne, ca. 3 cm Durchmesser.
Zusätzlich Stoßstange vorne links betroffen, Lack abgeplatzt.
Stoßstange hinten rechts ebenfalls: Halterung gebrochen.
Kunde möchte Fzg. bis Monatsende zurück.
Vollkasko, Rückstufung mit Kunde besprochen.
~~~~~~~~~~~~~
12.01.26 16:02 Annahme: KV an Kunde verschickt
16.01.26 18:02 J. Wendt: Leihwagen reserviert
22.01.26 20:02 J. Wendt: KD informiert, Termin steht"
894037,2026-04-14 11:37:06,2026-04-15 01:37:06,,true,,,,112548,141203,QQD-J 5745,ZZB3HDXA3TZ218554,BMW,5er Limousine,G30,2017-02-28,164569,,2,Fabian,Horn,Espenstrasse 1,04109,Leipzig,fabian_horn@example.de,+49 (0)173 6229841,121859,534,📲🔰DSA/Bilder/GA/Infos erhalten bitte Kalkulieren,Vorgangsstatus,534|236|998,1,026423,,false,3,128,service,Ölwechsel,,,,neu,"Fzg. vorgefahren, Ölwechsel inkl. Filter nach Serviceplan.
Zusätzlich Klappern vorne rechts bei Bodenwellen.
Bitte Rechnung an die Firma. Leihwagen ja, Hol- und Bringservice ja.
Kunde ist informiert, meldet sich."
824529,2026-04-12 07:30:54,2026-05-06 11:37:25,,false,2026-05-05 09:37:25,2026-05-02 16:34:59,2026-05-03 17:34:59,111326,149655,QQB-U 7,ZZJ09P6K3TP153880,Audi,Q2,GA,2017-12-05,95130,,2,Silke,Winkler,Malvenweg 138,53111,Bonn,,0173/1473803,524371,9,🏁 Abgeholt,Vorgangsstatus,9|948|996|501,1,786998,113,false,3,164,damage,Hagelschaden,Motorhaube|Heckklappe|Dach,mittel,teilkasko,abgeschlossen,"Lt. Kunde: Hagelschaden vom Unwetter am 07.04. Hagelschlag flächig, Motorhaube mit zahlreichen Dellen.
Heckklappe mit mehreren Dellen aus Hagelschlag.
Hagelschlag flächig, Dach mit zahlreichen Dellen.
Kunde fragt nach Reparaturdauer. Hol- und Bringservice gewünscht.
TK vorhanden, SB 150 EUR.
~~~~~~~~~~~~~
20.04.26 10:30 Servicebüro: Leihwagen reserviert"
826538,2026-08-02 15:07:01,2026-08-25 11:46:14,,true,,2026-08-25 07:46:14,,111549,147778,QQA-VR 3341,ZZJJ190T9RW981665,Opel,Astra Sports Tourer,L,2018-12-05,141930,Rheinpfad Gartenbau OHG,1,,,Quittenweg 33,30655,Hannover,kontakt_maurer@example.net,0159 1864996,210716,33,⚠️Schadensfeststellung,Vorgangsstatus,33|926|501,2,425351|227252,,false,2,39,service,Ölwechsel,,,,laufend,"Ölwechsel: Ölservice fällig, Anzeige im Display.
Kunde meldet Geräusch beim Lenken.
Kunde wartet, bitte zügig. Fzg. bleibt über Nacht da."
882703,2026-03-29 15:40:44,2026-03-29 21:40:44,,true,,,,102668,153329,ZQ-SE 465,ZZCTTRTP0TK780356,Audi,Q3,F3,2014-05-26,220527,Kieswerk Bau GmbH & Co. KG,1,,,Zedernweg 39,85049,Ingolstadt,kritter@example.org,0175 0307528,203774,88,🙂Vorgang angelegt,Vorgangsstatus,88|398|501,1,603215,,false,1,81,service,Inspektion,,,,neu,"Anruf Kunde: Inspektion nach Herstellervorgabe.
Kunde fragt nach Ersatzwagen. Fzg. bleibt über Nacht da.
Ersatzteil im Rückstand, Kunde informiert.
~~~~~~~~~~~~~
06.04.26 16:40 SB: KV an Kunde verschickt
08.04.26 17:40 M. Vogt: Leihwagen reserviert
14.04.26 20:40 Servicebüro: Teile bestellt, Nachricht an Dispo"
893861,2026-05-25 14:44:51,2026-06-01 12:13:57,,true,,2026-06-01 12:13:57,,110214,158357,ZQ-KJ 53,ZZEACDN2XWT081981,VW,T6.1 Transporter,SG,2013-12-11,288314,,,Sabine,Stein,Drosselgasse 16,90402,Nuernberg,,+49 (0)177 9662461,857538,89,😪☎Kunde nicht erreicht,Vorgangsstatus,89|1308|399,0,,,false,1,82,service,Räder und Reifen,,,,laufend,"Räder und Reifen: Räderwechsel Sommer auf Winter, Einlagerung vorhanden.
Kunde meldet Geräusch beim Lenken.
Kunde holt am Abend ab. Leihwagen nein, Kunde wartet.
Termiin nach Teileeingang.
~~~~~~~~~~~~~
26.05.26 17:44 T. Gross: Rückruf nicht erreicht, Mailbox
31.05.26 22:44 SB: KD informiert, Termin steht"
855218,2026-05-04 07:35:06,2026-05-13 19:22:36,,false,2026-05-13 14:17:30,2026-05-10 13:22:36,2026-05-13 15:22:36,111675,147899,ZQC-PX 42,ZZAMBU639XP584274,VW,Touran,5T,2025-03-16,14045,,,Yvonne,Ritter,Fliederweg 52,22299,Hamburg,yvonne.ritter@example.com,+49 (0)162 2470604,527918,721,🌝 Fzg angekauft,Vorgangsstatus,721|186,0,,,false,1,20,service,Ölwechsel,,,,abgeschlossen,"Bei der Annahme festgestellt: Ölwechsel, Longlife zurücksetzen.
Kunde holt am Abend ab.
~~~~~~~~~~~~~
11.05.26 08:35 J. Baumann: Rechnung geschrieben
14.05.26 09:35 Karosserie: Endkontrolle offen"
860161,2026-02-12 13:02:14,2026-02-22 04:55:15,,false,2026-02-21 12:55:15,2026-02-15 16:42:57,2026-02-19 21:42:57,125789,143290,ZQM-FV 3,ZZD8WV1X6W5226925,BMW,3er Touring,G21,2014-10-26,75339,,2,Michael,Thiel,Ulmenstrasse 75,38100,Braunschweig,mthiel@example.de,+49 (0)177 5406939,331810,9,🏁 Abgeholt,Vorgangsstatus,9|182,1,331641,,false,3,169,service,Räder und Reifen,,,,abgeschlossen,"BMW 3er Touring, ZQM-FV 3, km 75339
Lt. Kunde: Reifen vorne abgefahren, Angebot erstellen.
Kontrollleuchte Reifendruck ist an.
Kunde holt am Abend ab. Ersatzwagen geklärt, Klasse klein.
Teile bestellt, Liefertermin offen.
~~~~~~~~~~~~~
13.02.26 18:02 E. Otto: Kunde meldet sich wegen Termin"
828817,2026-08-08 17:34:35,2026-08-17 04:16:12,,false,2026-08-16 16:16:12,2026-08-12 11:20:44,2026-08-13 19:20:44,115353,158952,QQL-R 47,ZZDXM8UB4RP047679,Audi,Q3,F3,2022-11-21,67584,,1,Daniel,Krause,Feldblumenweg 112,50667,Koeln,,0152 9368117,924662,1422,Fahrzeug abgeholt (/kommt nochmal),Vorgangsstatus,1422|394,2,146600|479572,,false,4,223,service,Ölwechsel,,,,abgeschlossen,"Fzg. angeliefert, Ölwechsel inkl. Filter nach Serviceplan.
Bitte anrufen wenn mehr anfällt als besprochen. Leihwagen ja, Hol- und Bringservice ja.
Bitte Wiedervorlage in einer Woche."
832173,2026-04-27 11:21:48,2026-05-26 06:39:02,,false,2026-05-24 17:39:02,2026-05-21 08:50:11,2026-05-23 16:50:11,115101,148496,ZQS-N 64,ZZDEF8JW0WB473709,Opel,Corsa,F,2025-10-20,12529,,2,Florian,Berger,Amselweg 23,30655,Hannover,florian_berger@example.org,0163/5919002,908767,1422,Fahrzeug abgeholt (/kommt nochmal),Vorgangsstatus,1422|237|860|994,1,047852,,false,1,48,service,Ölwechsel,,,,abgeschlossen,"Kunde kommt ohne Termin, Ölservice fällig, Anzeige im Display.
Kontrollleuchte Reifendruck ist an.
Kunde wünscht Kostenrahmen vorab.
~~~~~~~~~~~~~
01.05.26 13:21 TS: Fzg. in Halle, Zerlegung begonnen"
830612,2026-05-01 13:14:36,2026-05-17 00:41:17,,true,,2026-05-16 17:41:17,,107695,156552,ZQM-VZ 6188,ZZHN2V808TK344848,Skoda,Kodiaq,NS7,2026-07-18,7291,Seeblick Handel AG,1,Ulrike,Berger,Fliederweg 97,55116,Mainz,uberger@example.de,0174/4383957,487311,92,😀↪🕧Kunde erreicht Meldet sich,Vorgangsstatus,92|949|1087|100|1027,3,020552|848828|325920,,false,3,197,damage,Parkschaden,Außenspiegel links,mittel,selbstzahler,laufend,"Skoda Kodiaq, ZQM-VZ 6188, km 7291
KD meldet telefonisch: Parkschaden in der Tiefgarage, Verursacher unbekannt. Außenspiegel links Delle mit Lackschaden, ca. 15 cm.
Kunde möchte Fzg. bis Monatsende zurück.
Ohne Versicherung, Kunde entscheidet nach Preis.
~~~~~~~~~~~~~
09.05.26 13:14 Lack: Rechnung geschrieben
11.05.26 14:14 Teiledienst: Teile bestellt, Nachricht an Dispo
15.05.26 17:14 Annahme: KD informiert, Termin steht"
820141,2026-06-09 13:32:22,2026-06-15 18:46:46,,true,,2026-06-14 11:46:46,,108646,137442,ZQM-Z 649,ZZA6CLL82TW174819,Seat,Leon,KL1,2017-02-28,153437,,2,Petra,Hartmann,Bruehlstrasse 109,95444,Bayreuth,,+49 155 6561268,037747,33,⚠️Schadensfeststellung,Vorgangsstatus,33|957|1087|1598|598|99,1,308488,117,true,1,31,damage,Parkschaden,Stoßstange hinten rechts,mittel,haftpflicht_gegner,laufend,"Seat Leon, ZQM-Z 649
Kunde meldet: Parkschaden, Kunde hat Fotos gemacht. Schaden an Stoßstange hinten rechts, Kunststoff eingedrückt, punktuell, mehrere Stellen.
Hol- und Bringservice gewünscht.
Gegnerische Haftpflicht reguliert, Haftung anerkannt.
Kunde ist informiert, meldet sich.
~~~~~~~~~~~~~
14.06.26 17:32 TS: Kalkulation fertig, an Prüfer"
884777,2026-06-20 16:10:37,2026-06-22 02:10:37,,true,,,,104632,149327,QQD-TF 73,ZZC3PNS3XVK626462,Opel,Astra Sports Tourer,L,2023-03-05,44278,,1,Martin,Otto,Eichenweg 102,20359,Hamburg,motto@example.org,+49 (0)177 8035523,449025,530,🚀Auftrag erteilt/Teile vorbestellt/Termin wenn Teile da,Vorgangsstatus,530|785|1042,0,,,false,3,153,service,Räder und Reifen,,,,neu,"Kunde kommt ohne Termin, Reifen vorne abgefahren, Angebot erstellen.
Kunde meldet Geräusch beim Lenken.
Kunde wartet vor Ort.
~~~~~~~~~~~~~
27.06.26 21:10 SB: Leihwagen reserviert
05.07.26 23:10 F. Reuter: Nachtrag: Kunde bittet um Verschiebung
08.07.26 03:10 Servicebüro: Rechnung geschrieben"
843747,2026-04-22 11:58:22,2026-04-23 01:58:22,,true,,,,112558,143740,QX-T 1334,ZZFWHEBY1VX327566,BMW,X3,G01,2016-09-19,85318,Seeblick Handel e.K.,,,,Am Alten Sportplatz 128,53111,Bonn,kontakt_kaiser@example.com,0175 3668977,502265,44,📆✔Termin vereinbart,Vorgangsstatus,44|937|480|156,1,260870,,true,1,67,damage,Parkschaden,Beifahrertür|Stoßstange hinten,mittel,selbstzahler,neu,"BMW X3, QX-T 1334
Kunde bringt Fzg., Parkschaden vor dem Supermarkt, niemand gemeldet. Kunststoff eingedrückt an Beifahrertür, ca. 10 cm.
Zusätzlich Stoßstange hinten betroffen, Kratzer bis auf Grundierung.
Bitte KVA vor Reparatur abstimmen. Ersatzwagen geklärt, Klasse klein.
Selbstzahler, keine Vers. im Spiel."
856067,2026-03-22 16:29:06,2026-03-24 09:08:31,,true,,2026-03-23 07:08:31,,108857,137906,ZQD-E 59,ZZDBZHEL4YD637190,Opel,Mokka,U,2015-03-19,130247,,,Heike,Engel,Erlenkamp 31,90402,Nuernberg,heike.engel@example.org,0162 9693542,810543,92,😀↪🕧Kunde erreicht Meldet sich,Vorgangsstatus,92|238|1027,1,244155,,false,0,0,service,HU/AU,,,,laufend,"Opel Mokka, ZQD-E 59, km 130247
KD meldet telefonisch: HU überfällig seit letztem Monat.
Kunde meldet Vibration ab 120 km/h.
Hol- und Bringservice gewünscht.
Fotos liegen im Vorgang.
~~~~~~~~~~~~~
29.03.26 18:29 TS: Kalkulation fertig, an Prüfer
04.04.26 22:29 Lack: Endkontrolle offen"
828006,2026-05-12 14:50:05,2026-05-22 00:06:06,,true,2026-05-21 10:06:06,2026-05-16 07:45:29,2026-05-19 10:45:29,100450,131843,QQZ-VU 4810,ZZDSYCCM7W1280331,VW,Polo,AW,2016-08-07,193019,Kieswerk Fuhrpark OHG,3,,,Espenstrasse 68,97070,Wuerzburg,kbaumann@example.com,+49 176 9023980,362205,38,👍 🔜Fertig zur Abholung mit Folgetermin,Vorgangsstatus,38|391,1,060347,,false,3,79,service,Bremsen,,,,fertig,"VW Polo, QQZ-VU 4810
Fzg. angeliefert, Bremsscheiben hinten riefig, Kunde meldet Rubbeln.
Servicerückstellung nicht erfolgt, bitte mitmachen."
830330,2026-04-19 09:36:13,2026-05-05 20:01:34,,true,,2026-05-04 12:01:34,,118575,152204,QQF-NY 6306,ZZBSLL8S0YL811732,Skoda,Superb Combi,3V5,2020-05-15,77251,,1,Lars,Graf,Salbeiweg 13,47051,Duisburg,lars.graf60@example.org,+49 (0)173 8086438,483524,11,👽💣Rückstand ohne Termin! Teilerückstand Fzg. bei uns,Vorgangsstatus,11|958|1576|612|1266|498,1,918508,,false,1,65,damage,Parkschaden,Kotflügel vorne links|Kotflügel hinten links,mittel,selbstzahler,laufend,"Skoda Superb Combi, QQF-NY 6306
Kunde kommt ohne Termin, Parkschaden, Schaden am 16.04. entdeckt. Kotflügel vorne links punktuell, mehrere Stellen Halterung gebrochen.
Auch Kotflügel hinten links beschädigt (Halterung gebrochen).
Selbstzahler, keine Vers. im Spiel.
Kunde ist informiert, meldet sich.
~~~~~~~~~~~~~
22.04.26 12:36 K. Berger: Kunde meldet sich wegen Termin
24.04.26 16:36 Lack: Fzg. in Halle, Zerlegung begonnen"
856884,2026-06-02 14:11:56,2026-06-23 20:43:32,,true,2026-06-23 15:43:32,2026-06-18 11:45:41,2026-06-21 19:45:41,105023,157171,QX-XM 658,ZZB30MHK3VG669271,BMW,2er Active Tourer,U06,2020-05-16,118989,Lindenhof Fuhrpark AG,1,,,Kiefernweg 39,30655,Hannover,kontakt.reuter81@example.org,+49 (0)159 4583055,213796,38,👍 🔜Fertig zur Abholung mit Folgetermin,Vorgangsstatus,38|396|1173|110,3,230591|515888|615951,,false,1,39,service,Ölwechsel,,,,fertig,"Kunde bringt Fzg., Ölwechsel inkl. Filter nach Serviceplan.
Zusätzlich Klappern vorne rechts bei Bodenwellen.
Bitte Rechnung an die Firma. Leihwagen ja, Hol- und Bringservice ja.
Fotos liegen im Vorgang."
852213,2026-01-16 12:41:30,2026-01-17 02:41:30,2026-01-19 17:01:30,false,,,,120657,157865,QQT-P 87,ZZE664617WU535083,Ford,Fiesta,JHH,2020-12-11,126842,,1,Kerstin,Schaefer,Lerchenstrasse 75,33098,Paderborn,kerstin_schaefer@example.org,0170/1259522,630945,35,☹️Absage Termin,Vorgangsstatus,35|937|1591|1014,2,061038|533727,104,false,2,118,damage,Parkschaden,Tür hinten links,mittel,haftpflicht_gegner,storniert,"Ford Fiesta, QQT-P 87, km 126842
Lt. Kunde: Parkschaden, kein Zettel hinterlassen. Kratzer bis auf Grundierung an Tür hinten links, handtellergroß.
Fzg. bleibt über Nacht da.
Gegnerische Haftpflicht reguliert, Haftung anerkannt.
Freigabe eingetroffen, Teile bestellt.
Versicherung: Talblick Versicherung, Schadennr. 86808309."
847565,2026-04-01 14:33:34,2026-04-11 19:41:06,,true,,2026-04-11 16:41:06,,103432,146674,QQT-B 9882,ZZGG9J6Y8V1280166,Mercedes,Sprinter,W907,2026-05-01,8756,Kieswerk Vertrieb OHG,2,Bernd,Kuhn,Weissdornweg 37,30655,Hannover,bernd.kuhn90@example.net,+49 170 2472425,612150,33,⚠️Schadensfeststellung,Vorgangsstatus,33|236,1,154925,,false,3,205,service,Inspektion,,,,laufend,"Kunde meldet: Inspektion nach Herstellervorgabe.
Batterie schwach, Startprobleme morgens.
Kunde holt am Abend ab.
~~~~~~~~~~~~~
04.04.26 15:33 C. Lang: Kalkulation fertig, an Prüfer"
867975,2026-03-11 17:42:56,2026-04-05 14:27:32,,true,,2026-04-04 12:27:32,,108115,158995,QZ-YF 83,ZZEUZ5SB7WL573647,VW,T-Roc,A11,2024-09-23,22622,,1,Daniel,Beck,Amselweg 108,30169,Hannover,dbeck@example.de,+49 152 6990496,050445,435,🕋🤔Antwort Versicherer/GA/Leasing/Kunde fehlt,Vorgangsstatus,435|947,1,920638,134,false,1,48,damage,Parkschaden,Außenspiegel rechts,mittel,vollkasko,laufend,"VW T-Roc, QZ-YF 83, km 22622
Kunde bringt Fzg., Parkschaden, Verursacher unbekannt. An Außenspiegel rechts Beule (ca. 25 cm).
Kunde möchte Fzg. bis Monatsende zurück. Hol- und Bringservice gewünscht.
VK mit SB 500 EUR, Freigabe abwarten.
Versicherung: Lindenhof Assekuranz, Schadennr. 21706239.
~~~~~~~~~~~~~
18.03.26 18:42 Lack: KD informiert, Termin steht
26.03.26 18:42 SB: Rückruf nicht erreicht, Mailbox
31.03.26 20:42 T. Kern: Fzg. in Halle, Zerlegung begonnen"
883614,2026-03-01 13:43:18,2026-03-01 19:43:18,,true,,,,117846,146211,XQD-N 408,ZZGNSW5A8SX843951,Audi,A4 Avant,8W,2014-05-16,200194,,3,Heike,Kuhn,Espenstrasse 39,97070,Wuerzburg,hkuhn@example.org,0157 9425871,610656,530,🚀Auftrag erteilt/Teile vorbestellt/Termin wenn Teile da,Vorgangsstatus,530|237|1147,3,355918|739881|085639,,false,2,75,service,Bremsen,,,,neu,"Bremsen: Bremsflüssigkeit fällig, Beläge messen.
Servicerückstellung nicht erfolgt, bitte mitmachen.
Rückruf erwünscht bevor zusätzliche Arbeiten. Leihwagen nein, Kunde wartet.
Bitte Wiedervorlage in einer Woche."
852387,2026-01-24 08:50:36,2026-01-30 15:40:13,,true,2026-01-30 09:40:13,2026-01-27 12:51:46,2026-01-27 14:51:46,111054,131168,QQS-TU 7437,ZZH887XUXYT120381,BMW,2er Active Tourer,U06,2013-12-03,111932,,3,Gabriele,Engel,Buchenallee 52,28203,Bremen,gengel@example.de,0155/6871418,232479,1153,👆🚚 Bringservice mit Folgetermin,Vorgangsstatus,1153|948|1099|1001,1,201095,101,false,1,24,damage,Wildunfall,Stoßstange vorne|Kotflügel vorne links,leicht,vollkasko,fertig,"Anruf Kunde: Wildunfall, Reh gegen Front, Wildbescheinigung liegt vor. Stoßstange vorne: Kratzer im Klarlack, ca. 15 cm.
Kotflügel vorne links ebenfalls: kleine Delle.
Kunde möchte Fzg. bis Monatsende zurück.
Vollkasko, SB 500 EUR, Schadenmeldung raus.
Fotos liegen im Vorgang.
Versicherung: Nordstern Direkt, Schadennr. 24427841."
894542,2026-06-29 13:59:18,2026-07-12 01:07:28,,true,,2026-07-11 08:07:28,,119304,134867,ZQM-MU 716,ZZB4548W0T6722195,VW,Polo,AW,2026-05-01,6073,,,Thomas,Ziegler,Zedernweg 84,47051,Duisburg,thomas.ziegler73@example.com,0159/0085242,810259,1164,FZG in Fremdwerkstatt,Vorgangsstatus,1164|237|496,3,247616|219209|822067,,false,2,121,service,Räder und Reifen,,,,laufend,"VW Polo, ZQM-MU 716, km 6073
Räder und Reifen: Reifen vorne abgefahren, Angebot erstellen.
Kunde meldet Geräusch beim Lenken.
Bitte anrufen wenn mehr anfällt als besprochen. Leihwagen ja."
860601,2026-01-22 13:23:09,2026-02-16 17:21:36,,true,2026-02-16 16:21:36,2026-02-14 13:33:55,2026-02-15 14:33:55,125102,134699,QQN-GB 931,ZZAYMU5Y5V0977073,Skoda,Octavia Combi,NX5,2026-02-05,8577,,2,Stefan,Albrecht,Fliederweg 92,79098,Freiburg,stefan.albrecht@example.com,0179/1047680,033384,1153,👆🚚 Bringservice mit Folgetermin,Vorgangsstatus,1153|186|1249,1,385256,,false,1,66,service,HU/AU,,,,fertig,"Fzg. angeliefert, HU überfällig seit letztem Monat.
Innenraumfilter riecht, mit tauschen.
Kunde wartet, bitte zügig. Abholung durch Kunde am Nachmittag.
~~~~~~~~~~~~~
26.01.26 17:23 TS: Leihwagen reserviert
03.02.26 18:23 K. Hartmann: KV an Kunde verschickt"
862685,2026-07-26 17:07:46,2026-08-14 05:47:32,,false,2026-08-12 15:47:32,2026-08-08 13:15:53,2026-08-11 17:15:53,102798,153230,QQR-G 4591,ZZFLTM10XXG015854,VW,T-Roc,A11,2018-08-02,130481,,2,Kerstin,Albrecht,Rosmarinweg 26,38100,Braunschweig,,+49 171 0197016,729939,36,🏁🔜Abgeholt/Ausgeliefert - Folgetermin offen,Vorgangsstatus,36|239|476,0,,,false,1,51,service,Räder und Reifen,,,,abgeschlossen,"VW T-Roc, QQR-G 4591, km 130481
Lt. Kunde: Räderwechsel mit Wuchten, Reifendruck prüfen.
Zusätzlich Klappern vorne rechts bei Bodenwellen.
Rückruf erwünscht bevor zusätzliche Arbeiten.
~~~~~~~~~~~~~
02.08.26 20:07 Dispo: Nachtrag: Kunde bittet um Verschiebung
10.08.26 20:07 F. Kliemann: Teile bestellt, Nachricht an Dispo
16.08.26 20:07 F. Kliemann: Kalkulation fertig, an Prüfer"
863870,2026-04-15 08:33:18,2026-05-05 15:15:37,,true,,2026-05-04 11:15:37,,117346,136527,QQM-C 3544,ZZE3B0T21VZ824272,Ford,Puma,J2K,2014-02-14,82377,,,Patrick,Kuhn,Kastanienallee 63,60313,Frankfurt am Main,patrick_kuhn@example.org,+49 151 3998571,838562,34,🌗✔️Nachbestellung Termin bestätigt,Vorgangsstatus,34|395,1,916496,,false,1,12,service,Ölwechsel,,,,laufend,"Kunde meldet: Ölwechsel inkl. Filter nach Serviceplan.
Bitte Softwarestand prüfen, Rückruf offen."
888794,2026-06-13 12:19:55,2026-06-29 18:53:53,,true,,2026-06-29 17:53:53,,128788,150634,ZQ-PY 538,ZZF8B8K41R6745002,BMW,3er Touring,G21,2013-02-13,161385,,1,Manuela,Martens,Salbeiweg 122,65183,Wiesbaden,mmartens@example.net,+49 (0)152 3391510,613093,18,☢️ Auftrag steht ☢️,Vorgangsstatus,18|180|1027|469,1,387505,,false,2,123,service,HU/AU,,,,laufend,"HU/AU: TÜV/HU mit Abgasuntersuchung.
Kunde wünscht Kostenrahmen vorab. Leihwagen nein, Kunde wartet."
881596,2026-04-21 15:15:33,2026-05-16 13:06:23,,true,,2026-05-16 13:06:23,,121047,140700,XQL-BG 3813,ZZCYH4EM1XX668946,VW,Caddy,SB,2016-03-06,111239,,1,Martin,Ziegler,Schlehenweg 20,12587,Berlin,mziegler@example.com,+49 155 7133834,263798,37,🔜Neuer Folgetermin,Vorgangsstatus,37|392|598,1,574692,,false,1,20,service,Räder und Reifen,,,,laufend,"Fzg. angeliefert, Neue Reifen hinten, Kostenangebot Reifen erwünscht.
Scheibenwischer schmieren, bitte erneuern.
Kunde holt am Abend ab. Kunde wartet vor Ort.
Kunde bekommt Zwischeninfo.
~~~~~~~~~~~~~
25.04.26 16:15 F. Dietrich: Ersatzteil eingetroffen, Termin vereinbaren"
888762,2026-05-02 13:01:11,2026-05-03 04:01:11,2026-05-04 13:31:50,false,,,,103540,134498,XQB-Y 43,ZZATU5Y73VZ394757,Opel,Vivaro,K0,2014-09-03,225253,Blauberg Sanitaer e.K.,,,,Weissdornweg 87,99084,Erfurt,kontakt.herrmann@example.org,+49 171 9973623,817693,13,😢 Kunde nicht erschienen,Vorgangsstatus,13|1562|1585|612,0,,,false,2,29,damage,Auffahrunfall,Stoßstange vorne links|Kotflügel hinten links|Kotflügel vorne rechts,leicht,haftpflicht_gegner,storniert,"Kunde kommt ohne Termin, Auffahrunfall, Unfallgegner hat Schuld anerkannt. Stoßstange vorne links Kratzer im Klarlack, über zwei Bauteile.
Weiterer Schaden Kotflügel hinten links, Schrammen.
Weiterer Schaden Kotflügel vorne rechts, Lackabrieb.
Kunde möchte wissen ob Instandsetzung reicht. Fzg. bleibt über Nacht da.
Haftpflicht Gegner, Gutachter beauftragt.
Kunde bekommt Zwischeninfo.
~~~~~~~~~~~~~
04.05.26 13:01 Karosserie: Freigabe Versicherung eingetroffen"
888218,2026-01-11 15:24:16,2026-01-12 09:24:16,,true,,,,119182,153707,QQB-Z 237,ZZGBDU1V4WJ626769,Seat,Leon,KL1,2023-01-03,42300,,1,Tobias,Berger,Feldblumenweg 24,50667,Koeln,tberger@example.de,0173/5189423,320513,27,✔️Termin bestätigt,Vorgangsstatus,27|239|1220|470,1,941802,,false,1,5,service,Räder und Reifen,,,,neu,"Anruf Kunde: Räderwechsel Sommer auf Winter, Einlagerung vorhanden.
Klimaanlage kühlt schlecht, bitte prüfen.
Kunde fragt nach Ersatzwagen. Fzg. bleibt über Nacht da.
Teile bestellt, Liefertermin offen."
832266,2026-02-01 13:30:53,2026-02-09 10:31:31,,false,2026-02-08 13:31:31,2026-02-07 16:50:36,2026-02-07 21:50:36,120617,135588,QQ-XU 283,ZZCMNDDY0VX129078,Mercedes,C-Klasse T-Modell,S206,2018-11-12,174371,,,Susanne,Peters,Haselnussweg 36,22299,Hamburg,,+49 179 6895458,183896,41,🛑 Wartet auf Abholung durch Verwerter/Leasing/sonstige,Vorgangsstatus,41|955|1624|1042,1,349959,134,false,1,6,damage,Parkschaden,Kotflügel vorne rechts|Kotflügel hinten links,schwer,haftpflicht_gegner,abgeschlossen,"Anruf Kunde: Parkschaden vor dem Supermarkt, niemand gemeldet. An Kotflügel vorne rechts Träger verformt (punktuell, mehrere Stellen).
Auch Kotflügel hinten links beschädigt (Träger verformt).
Kunde bittet um Terminvorschlag. Leihwagen ja, Hol- und Bringservice ja.
Gegnerische Haftpflicht reguliert, Haftung anerkannt.
Versicherung: Lindenhof Assekuranz, Schadennr. 10144949.
~~~~~~~~~~~~~
02.02.26 15:30 D. Franke: Ersatzteil eingetroffen, Termin vereinbaren"
832859,2026-07-06 15:00:16,2026-07-07 00:00:16,,true,,,,122985,136608,QQV-B 2373,ZZG28TP26S5709831,Seat,Ibiza,KJ1,2013-08-23,299770,,1,Ingrid,Haas,Weissdornweg 73,80331,Muenchen,,0162 6188901,032880,27,✔️Termin bestätigt,Vorgangsstatus,27|1139|1088|488|1000|498,1,862034,101,false,2,189,damage,Auffahrunfall,Motorhaube|Kotflügel hinten links,leicht,vollkasko,neu,"Kunde berichtet: Auffahrunfall, Unfallgegner hat Schuld anerkannt. Motorhaube handtellergroß Kratzer im Klarlack.
Auch Kotflügel hinten links beschädigt (Kratzer im Klarlack).
Leihwagen nein, Kunde wartet.
Vollkasko, SB 500 EUR, Schadenmeldung raus.
Versicherung: Nordstern Direkt, Schadennr. 04751026.
~~~~~~~~~~~~~
11.07.26 18:00 TS: KD informiert, Termin steht
15.07.26 22:00 TS: Freigabe Versicherung eingetroffen
21.07.26 02:00 Servicebüro: Teile bestellt, Nachricht an Dispo"
860661,2026-04-13 10:39:45,2026-05-10 22:48:36,,false,2026-05-10 10:48:36,2026-05-03 07:46:47,2026-05-07 12:46:47,121568,145871,QQS-R 956,ZZADNB6T6WN775186,VW,Polo,AW,2021-11-09,61570,,,Elena,Peters,Lindenweg 72,40213,Duesseldorf,elena_peters@example.com,+49 172 5149916,967442,721,🌝 Fzg angekauft,Vorgangsstatus,721|1308|1027,1,401526,,false,3,185,service,Inspektion,,,,abgeschlossen,"Kunde kommt ohne Termin, Inspektion nach Herstellervorgabe.
Kunde wartet, bitte zügig. Fzg. bleibt über Nacht da.
Kunde ist informiert, meldet sich.
~~~~~~~~~~~~~
14.04.26 12:39 Annahme: KV an Kunde verschickt"
889035,2026-05-01 15:04:34,2026-05-03 03:04:34,,true,,,,103988,140677,QQZ-H 521,ZZES2NAC9V9829174,Mercedes,A-Klasse,W177,2014-08-12,134638,,3,Laura,Horn,Weissdornweg 4,41061,Moenchengladbach,,+49 171 0030371,951507,1559,"🔧📞 Mechanik Termin bitte vereinbaren /Teile, Freigabe eingetroffen",Vorgangsstatus,1559|926,3,573043|476247|875148,,false,1,53,service,Ölwechsel,,,,neu,"KD meldet telefonisch: Ölwechsel inkl. Filter nach Serviceplan.
Zusätzlich Klappern vorne rechts bei Bodenwellen.
Kunde wartet, bitte zügig.
Kunde ist informiert, meldet sich."
868307,2026-03-16 08:06:48,2026-03-22 20:45:29,,true,,2026-03-21 11:45:29,,121797,142884,XQB-GV 95,ZZG1RU5R9YG829120,Opel,Astra Sports Tourer,L,2015-04-22,168285,Lindenhof Malerbetrieb e.K.,,,,Veilchenweg 38,76133,Karlsruhe,kontakt.otto@example.de,+49 (0)159 3072257,717853,92,😀↪🕧Kunde erreicht Meldet sich,Vorgangsstatus,92|954|1590|107,3,165733|010641|332140,117,true,4,194,damage,Parkschaden,Stoßstange vorne|Kotflügel hinten rechts,leicht,gesteuert,laufend,"Opel Astra Sports Tourer, XQB-GV 95
Bei der Annahme festgestellt: Parkschaden vor dem Supermarkt, niemand gemeldet. Stoßstange vorne: Lackabrieb, über zwei Bauteile.
Zusätzlich Kotflügel hinten rechts betroffen, kleine Delle.
Kunde möchte wissen ob Instandsetzung reicht. Fzg. bleibt über Nacht da.
Auftrag über Schadensteuerer, techn. Freigabe offen.
Termin steht, Dauer ca. 2 Tage.
Steuerung: Kiesbach Schadenservice."
886899,2026-02-27 10:09:28,2026-03-14 19:53:01,,false,2026-03-14 11:53:01,2026-03-13 17:11:39,2026-03-14 01:11:39,128122,139613,ZQL-AC 5643,ZZGYRAM6XTM533554,BMW,1er,F40,2024-05-20,42381,,,Nadine,Busch,Drosselgasse 33,45127,Essen,nadine_busch@example.de,+49 (0)155 3314950,567477,36,🏁🔜Abgeholt/Ausgeliefert - Folgetermin offen,Vorgangsstatus,36|236|438|51,1,870363,,false,2,167,service,Bremsen,,,,abgeschlossen,"BMW 1er, ZQL-AC 5643
Kunde berichtet: Bremsscheiben hinten riefig, Kunde meldet Rubbeln.
Zusätzlich Klappern vorne rechts bei Bodenwellen.
Leihwagen ja, Hol- und Bringservice ja.
Fotos liegen im Vorgang.
~~~~~~~~~~~~~
04.03.26 13:09 U. Haas: Rechnung geschrieben"
846520,2026-06-20 10:11:45,2026-07-12 05:03:49,,true,2026-07-10 17:03:49,2026-07-02 08:19:52,2026-07-07 13:19:52,129368,137567,ZQC-MF 545,ZZDB563A0TW755316,Ford,Kuga,CX482,2017-04-14,182247,,,Florian,Scholz,Ahornweg 13,65183,Wiesbaden,florian.scholz@example.de,+49 151 6911478,356254,38,👍 🔜Fertig zur Abholung mit Folgetermin,Vorgangsstatus,38|948,0,,,false,2,129,damage,Auffahrunfall,Kotflügel vorne links,schwer,vollkasko,fertig,"KD meldet telefonisch: Auffahrunfall im Stau auf der Autobahn. Kotflügel vorne links: großflächig deformiert, handtellergroß.
Kunde bittet um Rückruf bis Freitag. Kunde wartet vor Ort.
VK mit SB 500 EUR, Freigabe abwarten.
Bitte Kalkulation erstellen.
Versicherung: Weidenhof Sach, Schadennr. 74780760.
~~~~~~~~~~~~~
28.06.26 14:11 D. Riedel: KV an Kunde verschickt
01.07.26 17:11 TS: Fzg. gewaschen, abholbereit"
865619,2026-04-14 08:29:32,2026-04-16 17:18:39,,true,,2026-04-15 10:18:39,,129342,147833,QX-X 29,ZZHLTXLPXVS573748,Opel,Mokka,U,2020-12-03,107420,,,Laura,Baumann,Kastanienallee 67,01067,Dresden,lbaumann@example.com,+49 163 5825548,318402,25,👇🚚 Holservice,Vorgangsstatus,25|1010|406,1,299999,113,true,1,18,damage,Hagelschaden,Motorhaube|Dach|Heckklappe,schwer,teilkasko,laufend,"Opel Mokka, QX-X 29
Fzg. angeliefert, Hagelschaden, mehrere Fzg. aus dem Ort betroffen. Hagel: Motorhaube betroffen, Lack laut Sichtprüfung intakt.
Hagel: Dach betroffen, Lack laut Sichtprüfung intakt.
Heckklappe mit mehreren Dellen aus Hagelschlag.
Bitte KVA vor Reparatur abstimmen. Abholung durch Kunde am Nachmittag.
TK vorhanden, SB 150 EUR."
833936,2026-02-28 13:30:32,2026-03-28 05:11:10,,true,2026-03-27 09:11:10,2026-03-22 17:13:15,2026-03-25 20:13:15,115111,159256,ZQA-PG 576,ZZJRWBJ3XYG935264,Audi,Q3,F3,2016-06-14,158507,,,Frank,Haas,Lerchenstrasse 58,04109,Leipzig,frank.haas83@example.net,+49 (0)157 4126785,486668,38,👍 🔜Fertig zur Abholung mit Folgetermin,Vorgangsstatus,38|1139|1084|434,1,967579,,false,4,204,damage,Steinschlag,Windschutzscheibe,schwer,selbstzahler,fertig,"Kunde bringt Fzg., Steinschlag, Schaden am 21.02. bemerkt. Windschutzscheibe mit Einschlag ca. 2 cm, Fahrerseite unten.
Leihwagen ja, Hol- und Bringservice ja.
Ohne Versicherung, Kunde entscheidet nach Preis.
Nach Zerlegung nachkalkulieren."
888180,2026-05-22 12:17:04,2026-05-23 18:17:04,,true,,,,111475,137429,XQM-G 28,ZZBWUEH34Y7310516,BMW,5er Limousine,G30,2022-01-01,96888,,3,Jana,Winkler,Drosselgasse 125,60313,Frankfurt am Main,jana_winkler@example.com,0175/5991155,769435,534,📲🔰DSA/Bilder/GA/Infos erhalten bitte Kalkulieren,Vorgangsstatus,534|239|1449,1,276102,,false,1,70,service,Räder und Reifen,,,,neu,"BMW 5er Limousine, XQM-G 28
Fzg. vorgefahren, Reifen vorne abgefahren, Angebot erstellen.
Zusätzlich Klappern vorne rechts bei Bodenwellen.
Kunde holt am Abend ab."
852414,2026-05-13 14:27:16,2026-06-11 22:26:20,,true,2026-06-10 12:26:20,2026-06-06 15:22:15,2026-06-07 22:22:15,124007,131989,XQ-BN 229,ZZJRUTVT7SG868233,BMW,X3,G01,2022-10-01,62695,,3,Yvonne,Lang,Lindenweg 89,65183,Wiesbaden,yvonne.lang66@example.de,+49 152 0768790,979197,38,👍 🔜Fertig zur Abholung mit Folgetermin,Vorgangsstatus,38|948|1084|1607|2|1270|50,1,820576,109,true,1,11,damage,Rangierschaden,Außenspiegel rechts,mittel,haftpflicht_gegner,fertig,"Anruf Kunde: Rangierschaden am 07.05. beim Wenden. Schaden an Außenspiegel rechts, Halterung gebrochen, ca. 40 cm.
Kunde fragt nach Smart Repair. Hol- und Bringservice gewünscht.
Gegnerische Haftpflicht reguliert, Haftung anerkannt.
Fzg. steht auf dem Hof.
~~~~~~~~~~~~~
21.05.26 17:27 Lack: Teile bestellt, Nachricht an Dispo"
862218,2026-05-08 11:27:14,2026-05-30 03:50:39,,true,,2026-05-28 16:50:39,,125410,153468,XQD-X 36,ZZFZHJM65VP886992,Seat,Leon,KL1,2025-11-25,9522,,,Sabine,Scholz,Ulmenstrasse 86,40213,Duesseldorf,sabine.scholz82@example.org,+49 171 2712622,219385,1291,Fahrzeug reinholen,Vorgangsstatus,1291|949|1086|438,2,635449|234089,,false,3,128,damage,Parkschaden,Motorhaube,leicht,selbstzahler,laufend,"Kunde meldet: Parkschaden in der Tiefgarage, Verursacher unbekannt. An Motorhaube Kratzer im Klarlack (ca. 10 cm).
Leihwagen ja.
Selbstzahler, keine Vers. im Spiel.
Beilackierung notwendig.
~~~~~~~~~~~~~
13.05.26 15:27 Servicebüro: Nachtrag: Kunde bittet um Verschiebung"
840416,2026-02-21 09:26:07,2026-02-26 19:47:13,,true,,2026-02-26 17:47:13,,115606,144711,XQE-P 25,ZZAYG6836RC293141,Mercedes,Sprinter,W907,2013-08-22,226834,,,Kerstin,Ziegler,Malvenweg 47,40213,Duesseldorf,kerstin_ziegler@example.net,0155 1842200,912576,106,😊📲Kunde erreicht DSA/Bilder angefordert,Vorgangsstatus,106|949|1082|487,1,262536,,false,2,86,damage,Parkschaden,Außenspiegel links,leicht,selbstzahler,laufend,"Kunde berichtet: Parkschaden vom Wochenende. Kratzer im Klarlack an Außenspiegel links, ca. 40 cm.
KVA erwünscht, bitte per Mail. Abholung durch Kunde am Nachmittag.
Selbstzahler, keine Vers. im Spiel.
Termin steht, Dauer ca. 2 Tage.
~~~~~~~~~~~~~
22.02.26 13:26 F. Wendt: Fzg. gewaschen, abholbereit"
839086,2026-06-06 10:47:25,2026-06-06 23:47:25,,true,,,,115055,138816,XQC-MK 292,ZZCS7UPX9YH043951,Skoda,Superb Combi,3V5,2025-04-13,29925,,1,Jan,Beck,Drosselgasse 19,22299,Hamburg,jan.beck@example.com,0176/7551126,846164,1480,Hagel Termin vereinbaren !,Vorgangsstatus,1480|947|1087,2,925982|374505,,true,1,16,damage,Vandalismus,Heckklappe|Schweller links,leicht,selbstzahler,neu,"Skoda Superb Combi, XQC-MK 292, km 29925
Kunde meldet: Vandalismus auf dem Betriebsgelände, Kameraaufnahme vorhanden. Heckklappe feine Kratzspuren, über zwei Bauteile.
Zusätzlich Schweller links betroffen, Kratzer im Klarlack.
Kunde fragt nach Reparaturdauer. Hol- und Bringservice gewünscht.
Kunde zahlt selbst, KVA vorab.
Bitte Lackabgleich, Farbton prüfen.
~~~~~~~~~~~~~
13.06.26 15:47 Karosserie: Fzg. in Halle, Zerlegung begonnen
19.06.26 16:47 M. Berger: Fzg. gewaschen, abholbereit"
837765,2026-02-26 14:04:16,2026-03-02 21:52:51,,true,,2026-03-02 12:52:51,,103006,157566,QQZ-CU 98,ZZBG51X55WP668542,Opel,Vivaro,K0,2018-08-09,82757,,,Birgit,Riedel,Feldblumenweg 76,41061,Moenchengladbach,birgit.riedel76@example.net,0178 2582924,227470,26,👆🚚 Bringservice,Vorgangsstatus,26|954,2,822166|650679,128,true,3,215,damage,Hagelschaden,Dach|Motorhaube|Heckklappe,leicht,teilkasko,laufend,"Lt. Kunde: Hagelschaden vom Unwetter am 25.02. Dach mit mehreren Dellen aus Hagelschlag.
Motorhaube mit mehreren Dellen aus Hagelschlag.
Hagelschlag flächig, Heckklappe mit zahlreichen Dellen.
Kunde bittet um KVA. Leihwagen ja, Hol- und Bringservice ja.
TK vorhanden, SB 150 EUR.
Fotos liegen im Vorgang.
~~~~~~~~~~~~~
03.03.26 17:04 P. Moser: KV an Kunde verschickt"
892156,2026-07-04 09:23:01,2026-07-23 13:31:24,,true,2026-07-22 15:31:24,2026-07-18 09:37:35,2026-07-20 12:37:35,128157,130327,ZQC-MG 849,ZZDNY8TD0XE550357,Opel,Mokka,U,2015-10-19,183064,Kieswerk Logistik e.K.,,Sven,Kern,Tannenweg 60,70173,Stuttgart,sven.kern12@example.net,+49 (0)171 2090115,771504,39,📞🔜✔️Abholbereit Folgetermin vereinbaren,Vorgangsstatus,39|484,2,563654|838893,,false,3,122,service,HU/AU,,,,fertig,"Opel Mokka, ZQC-MG 849, km 183064
Kunde berichtet: HU/AU fällig, bitte mit Vorabcheck.
Innenraumfilter riecht, mit tauschen.
Kunde bittet um Kostenvoranschlag.
Kunde bekommt Zwischeninfo."
846743,2026-07-18 13:43:54,2026-08-04 11:44:29,,false,2026-08-03 13:59:46,2026-07-31 14:44:29,2026-08-03 15:44:29,122795,139772,QZ-TP 52,ZZE6682L4WG507870,Skoda,Scala,NW1,2025-03-01,29078,,1,Patrick,Reuter,An der Bleiche 92,65183,Wiesbaden,patrick.reuter@example.net,+49 (0)163 4846681,364213,121,abgerechnet ! Auftrag erledigt abgeschlossen,Vorgangsstatus,121|993|1100|50,1,706071,101,false,2,29,damage,Hagelschaden,Dach|Motorhaube|Heckklappe,mittel,teilkasko,abgeschlossen,"Kunde kommt ohne Termin, Hagelschaden, Kunde meldet Unwetterschaden. Hagel: Dach betroffen, Lack laut Sichtprüfung intakt.
Hagel: Motorhaube betroffen, Lack laut Sichtprüfung intakt.
Hagel: Heckklappe betroffen, Lack laut Sichtprüfung intakt.
Kunde möchte wissen ob Instandsetzung reicht.
TK vorhanden, SB 150 EUR.
Kunde bekommt Zwischeninfo.
~~~~~~~~~~~~~
25.07.26 15:43 Karosserie: Leihwagen reserviert
01.08.26 16:43 Servicebüro: Rechnung geschrieben
05.08.26 20:43 U. Otto: Fzg. gewaschen, abholbereit"
841280,2026-07-12 13:57:50,2026-07-13 18:57:50,,true,,,,114305,135314,ZQS-VN 73,ZZG6SJHF1VZ061515,Audi,A6 Avant,4K,2014-10-25,246333,,,Jonas,Brandt,An der Bleiche 50,85049,Ingolstadt,,+49 (0)152 3373010,060983,88,🙂Vorgang angelegt,Vorgangsstatus,88|937|1150,0,,,false,1,82,damage,Auffahrunfall,Kotflügel hinten links|Kotflügel vorne links,schwer,vollkasko,neu,"Kunde berichtet: Auffahrunfall, Polizei war vor Ort. Kotflügel hinten links Teil gerissen und lose, ca. 25 cm.
Auch Kotflügel vorne links beschädigt (Aufnahme abgerissen).
Kunde fragt nach Smart Repair.
Vollkasko, SB 500 EUR, Schadenmeldung raus.
Nach Zerlegung nachkalkulieren.
~~~~~~~~~~~~~
14.07.26 14:57 H. Hahn: Teile bestellt, Nachricht an Dispo"
861949,2026-07-28 11:58:01,2026-08-22 12:53:23,,true,,2026-08-21 07:53:23,,111852,133343,XQE-R 9,ZZEETG6P7SH047149,VW,T-Roc,A11,2016-10-06,161244,,2,Katrin,Gross,Eichenweg 112,12587,Berlin,,+49 152 3888146,317629,91,🦊☎Haftung unklar Wiedervorlage,Vorgangsstatus,91|1308|1000,2,036075|411356,,false,2,124,service,HU/AU,,,,laufend,"HU/AU: TÜV/HU mit Abgasuntersuchung.
Kunde meldet Vibration ab 120 km/h.
Bitte anrufen wenn mehr anfällt als besprochen. Fzg. bleibt über Nacht da.
Termin nach Teileeingang."
833141,2026-02-13 07:27:31,2026-03-10 09:33:17,,false,2026-03-09 16:33:17,2026-03-07 10:59:50,2026-03-09 12:59:50,114066,145693,QQV-EL 3435,ZZCKL81A6R0436135,Skoda,Superb Combi,3V5,2014-09-12,220590,,3,Michael,Baumann,Salbeiweg 61,99084,Erfurt,,0175/7308540,854525,36,🏁🔜Abgeholt/Ausgeliefert - Folgetermin offen,Vorgangsstatus,36|993|1149,1,790450,109,false,2,89,damage,Hagelschaden,Heckklappe|Motorhaube,leicht,teilkasko,abgeschlossen,"Skoda Superb Combi, QQV-EL 3435, km 220590
Kunde bringt Fzg., Hagelschaden, Kunde meldet Unwetterschaden. Heckklappe mit mehreren Dellen aus Hagelschlag.
Hagelschlag flächig, Motorhaube mit zahlreichen Dellen.
Bitte KVA vor Reparatur abstimmen. Leihwagen ja.
TK vorhanden, SB 150 EUR.
Versicherung: Kiesbach Assekuranz, Schadennr. 20249233."
884480,2026-05-27 08:40:19,2026-06-13 15:07:09,,true,,2026-06-12 08:07:09,,116945,159003,QQN-LN 292,ZZJKBVXBXY4489342,Seat,Leon,KL1,2013-08-12,242671,,3,Stefan,Reuter,Haselnussweg 77,38100,Braunschweig,,0173/7183526,732565,34,🌗✔️Nachbestellung Termin bestätigt,Vorgangsstatus,34|785|1000,0,,,false,3,189,service,Inspektion,,,,laufend,"Seat Leon, QQN-LN 292
Lt. Kunde: Inspektion nach Herstellervorgabe.
Bitte Softwarestand prüfen, Rückruf offen.
Kunde wünscht Kostenrahmen vorab. Leihwagen ja, Hol- und Bringservice ja.
Kunde bekommt Zwischeninfo."
875757,2026-01-14 14:17:01,2026-02-07 15:47:57,,true,2026-02-06 14:47:57,2026-02-04 07:36:23,2026-02-06 12:36:23,121289,145842,QQT-FF 3216,ZZAW43GYXRB452809,Opel,Vivaro,K0,2018-09-02,97922,,1,Elke,Otto,Pappelallee 9,70173,Stuttgart,elke.otto37@example.com,0151/9524129,219536,12,👍 Fertig zur Abholung,Vorgangsstatus,12|180|438,1,680783,,false,0,0,service,Ölwechsel,,,,fertig,"Opel Vivaro, QQT-FF 3216, km 97922
Ölwechsel: Ölservice fällig, Anzeige im Display.
Bitte anrufen wenn mehr anfällt als besprochen.
Ersatzteil im Rückstand, Kunde informiert.
~~~~~~~~~~~~~
21.01.26 15:17 Karosserie: Kalkulation fertig, an Prüfer"
892507,2026-05-28 12:33:47,2026-05-29 07:33:47,,true,,,,101199,136531,XQ-ST 34,ZZJRY7R21W5847232,Skoda,Octavia Combi,NX5,2021-01-06,98717,,2,Bernd,Stein,Rosmarinweg 42,80331,Muenchen,bernd.stein@example.de,0175 3483738,340854,27,✔️Termin bestätigt,Vorgangsstatus,27|397,1,694321,,false,0,0,service,Inspektion,,,,neu,"Skoda Octavia Combi, XQ-ST 34, km 98717
Fzg. angeliefert, Inspektion nach Herstellervorgabe.
Bitte Rechnung an die Firma.
Ersatzteil im Rückstand, Kunde informiert."
832457,2026-02-02 11:24:40,2026-02-12 11:28:41,,true,,2026-02-11 07:28:41,,123704,137693,QQF-P 928,ZZGW33XL1WM093654,BMW,3er Touring,G21,2016-03-08,136430,,,Petra,Wendt,Ginsterweg 9,04109,Leipzig,petra.wendt49@example.de,0175 4594381,996365,37,🔜Neuer Folgetermin,Vorgangsstatus,37|184,1,007470,,false,1,61,service,HU/AU,,,,laufend,"Bei der Annahme festgestellt: TÜV Termin, Fzg. vorher durchsehen.
Fzg. bleibt über Nacht da.
~~~~~~~~~~~~~
06.02.26 12:24 M. Reuter: Freigabe Versicherung eingetroffen
14.02.26 14:24 Karosserie: Leihwagen reserviert
15.02.26 16:24 M. Reuter: Nachtrag: Kunde bittet um Verschiebung"
867746,2026-02-26 12:07:11,2026-03-03 05:52:17,,false,2026-03-02 13:59:19,2026-03-01 07:52:17,2026-03-02 15:52:17,118727,156436,XQC-J 3920,ZZCLRUAF5R1416752,VW,Golf,5H,2013-11-18,162570,,,Uwe,Maurer,Quittenweg 28,93047,Regensburg,,0174/9678199,472980,721,🌝 Fzg angekauft,Vorgangsstatus,721|1139|1087|597|1002|499,0,,,false,1,69,damage,Steinschlag,Windschutzscheibe,mittel,selbstzahler,abgeschlossen,"VW Golf, XQC-J 3920
Kunde meldet: Steinschlag vom Lkw vor dem Fzg. Windschutzscheibe Steinschlag am Rand, Reparatur laut Prüfung möglich.
Kunde möchte Fzg. bis Monatsende zurück.
Selbstzahler, Rechnung an Kunde.
Bitte Lackabgleich, Farbton prüfen.
~~~~~~~~~~~~~
01.03.26 17:07 SB: Kalkulation fertig, an Prüfer
09.03.26 21:07 Teiledienst: Kunde meldet sich wegen Termin"
834724,2026-04-25 15:37:43,2026-05-26 20:11:40,,true,2026-05-25 13:11:40,2026-05-20 09:13:18,2026-05-23 11:13:18,101381,148955,QQT-M 9059,ZZHNV4T59TL307371,VW,Passat Variant,3G5,2014-10-23,139322,,2,Lena,Nolte,Pappelallee 8,22299,Hamburg,lena_nolte@example.de,0179/4778682,670866,39,📞🔜✔️Abholbereit Folgetermin vereinbaren,Vorgangsstatus,39|952|1085|998|499,1,878025,128,false,1,52,damage,Rangierschaden,Stoßstange vorne,leicht,gesteuert,fertig,"Kdune meldet: Rangierschaden am 24.04. beim Wenden. Stoßstange vorne: Schrammen, ca. 10 cm.
Kunde bittet um Rückruf bis Freitag.
Auftrag über Schadensteuerer, techn. Freigabe offen.
Beilackierung notwendig.
Versicherung: Altmuehl Versicherung, Schadennr. 10775355."
879634,2026-08-02 16:24:40,2026-08-12 00:16:07,,false,2026-08-10 11:16:07,2026-08-06 11:38:23,2026-08-08 17:38:23,106391,130017,QQC-KU 874,ZZJTKP28XW7649856,Opel,Astra Sports Tourer,L,2023-08-01,19678,Sonnenhang Montage AG,2,Heike,Haas,Sonnenblumenweg 30,95444,Bayreuth,heike.haas29@example.com,0157/2919738,626303,41,🛑 Wartet auf Abholung durch Verwerter/Leasing/sonstige,Vorgangsstatus,41|392|865|107,0,,,false,3,130,service,Inspektion,,,,abgeschlossen,"Kunde kommt ohne Termin, Große Inspektion inkl. Innenraumfilter.
Zusätzlich Klappern vorne rechts bei Bodenwellen.
Kunde fragt nach Ersatzwagen.
Fotos liegen im Vorgang.
~~~~~~~~~~~~~
10.08.26 18:24 Karosserie: KV an Kunde verschickt
16.08.26 19:24 Annahme: Teile bestellt, Nachricht an Dispo
18.08.26 22:24 Dispo: Leihwagen reserviert"
874100,2026-06-12 14:51:48,2026-07-14 05:33:48,,false,2026-07-13 11:33:48,2026-07-06 15:57:52,2026-07-10 21:57:52,102426,139447,QQA-A 90,ZZHK2JMN8V6277581,Skoda,Karoq,NU7,2022-08-26,34810,,1,Klaus,Frank,Tannenweg 135,13407,Berlin,kfrank@example.de,0163 5623296,012280,121,abgerechnet ! Auftrag erledigt abgeschlossen,Vorgangsstatus,121|951|1585|3|109,1,270229,,false,2,170,damage,Steinschlag,Windschutzscheibe,schwer,selbstzahler,abgeschlossen,"Lt. Kunde: Steinschlag, Schaden am 06.06. bemerkt. Windschutzscheibe Steinschlag am Rand, Reparatur laut Prüfung möglich.
Kunde bittet um Rückruf bis Freitag. Ersatzwagen geklärt, Klasse klein.
Selbstzahler, Rechnung an Kunde.
Kunde bekommt Zwischeninfo."
859712,2026-05-31 12:00:28,2026-05-31 16:00:28,,true,,,,104805,131969,ZQD-DS 7508,ZZEX33SR0VH285745,Ford,Fiesta,JHH,2018-03-26,87145,,,Petra,Seidel,Lerchenstrasse 17,93047,Regensburg,petra.seidel@example.de,+49 (0)170 4743865,519688,534,📲🔰DSA/Bilder/GA/Infos erhalten bitte Kalkulieren,Vorgangsstatus,534|396,1,008109,,false,2,90,service,Inspektion,,,,neu,"KD meldet telefonisch: Inspektion fällig, Kunde wünscht Kostenrahmen vorab.
Fzg. steht auf dem Hof."
872540,2026-04-28 17:18:47,2026-05-12 01:40:21,,true,2026-05-10 16:40:21,2026-05-05 13:46:45,2026-05-07 14:46:45,110822,158840,XQR-H 148,ZZC8JFFG1Y5632745,Mercedes,C-Klasse T-Modell,S206,2018-03-15,102630,,,Melanie,Frank,Salbeiweg 52,20359,Hamburg,melanie.frank13@example.org,+49 (0)170 9527863,483081,38,👍 🔜Fertig zur Abholung mit Folgetermin,Vorgangsstatus,38|993|1084,1,882526,,true,3,151,damage,Rangierschaden,Tür hinten links|Heckklappe,mittel,selbstzahler,fertig,"Mercedes C-Klasse T-Modell, XQR-H 148, km 102630
Kunde meldet: Rangierschaden an der Laderampe. Tür hinten links Lack abgeplatzt, punktuell, mehrere Stellen.
Auch Heckklappe beschädigt (Lack abgeplatzt).
Kunde bittet um KVA. Ersatzwagen geklärt, Klasse klein.
Kunde zahlt selbst, KVA vorab.
Beilackierung notwendig."
889181,2026-07-18 08:57:54,2026-07-19 03:57:54,,true,,,,123860,137182,QZ-L 874,ZZJ1TNTE2VK268172,BMW,X1,U11,2025-03-24,30995,Blauberg Handel GmbH & Co. KG,3,Oliver,Moser,Lerchenstrasse 116,71032,Boeblingen,omoser@example.com,+49 174 3470746,777372,44,📆✔Termin vereinbart,Vorgangsstatus,44|240|437|1013,1,341687,,false,0,0,service,HU/AU,,,,neu,"BMW X1, QZ-L 874
HU/AU: TÜV Termin, Fzg. vorher durchsehen.
Innenraumfilter riecht, mit tauschen.
Rückruf erwünscht bevor zusätzliche Arbeiten. Leihwagen ja, Hol- und Bringservice ja.
Bitte Wiedervorlage in einer Woche.
~~~~~~~~~~~~~
22.07.26 13:57 SB: Kunde meldet sich wegen Termin
28.07.26 14:57 Dispo: Ersatzteil eingetroffen, Termin vereinbaren
30.07.26 18:57 Teiledienst: Endkontrolle offen"
862157,2026-01-26 15:20:29,2026-01-28 00:20:29,,true,,,,102689,137950,XQD-BP 6784,ZZEY5F6F9YX840637,Audi,Q5,FY,2015-07-17,137706,,,Ulrike,Ziegler,Erlenkamp 20,52062,Aachen,uziegler@example.de,+49 171 7971137,583573,88,🙂Vorgang angelegt,Vorgangsstatus,88|394|108,1,621028,,false,0,0,service,Ölwechsel,,,,neu,"Fzg. angeliefert, Ölwechsel inkl. Filter nach Serviceplan.
Klimaanlage kühlt schlecht, bitt prüfen.
Rückruf erwünscht bevor zusätzliche Arbeiten.
~~~~~~~~~~~~~
28.01.26 18:20 Servicebüro: Fzg. gewaschen, abholbereit
02.02.26 21:20 Teiledienst: Rechnung geschrieben
11.02.26 01:20 Dispo: Kunde meldet sich wegen Termin"
864838,2026-02-02 15:26:24,2026-02-11 18:37:18,,true,,2026-02-11 12:37:18,,101388,149811,QQT-H 269,ZZHJ8KWSXTV498041,VW,Touran,5T,2015-12-03,231539,Steinfurt Logistik AG,,Petra,Ziegler,Haselnussweg 11,53111,Bonn,petra.ziegler@example.net,0174/7616793,666581,495,👽⚡🛒Teil im Rückstand Fzg. teilrepariert beim Kunden,Vorgangsstatus,495|182|488,2,943046|776649,,false,3,210,service,HU/AU,,,,laufend,"VW Touran, QQT-H 269, km 231539
Kunde kommt ohne Termin, HU überfällig seit letztem Monat.
Servicerückstellung nicht erfolgt, bitte mitmachen.
Bitte Rechnung an die Firma. Leihwagen ja.
Teile bestellt, Liefertermin offen.
~~~~~~~~~~~~~
09.02.26 19:26 S. Vogt: Fzg. in Halle, Zerlegung begonnen
11.02.26 22:26 Annahme: Ersatzteil eingetroffen, Termin vereinbaren"
873092,2026-07-24 12:16:28,2026-08-08 23:14:32,,true,2026-08-08 14:14:32,2026-08-03 12:36:43,2026-08-07 17:36:43,113389,138817,XQR-B 4701,ZZGJT7VDXX1691578,Seat,Ateca,KH7,2023-05-16,21874,,1,Nicole,Reuter,Am Alten Sportplatz 78,70173,Stuttgart,nicole.reuter@example.net,+49 176 5682239,052060,12,👍 Fertig zur Abholung,Vorgangsstatus,12|937|1151|613,1,067515,117,false,1,17,damage,Auffahrunfall,Stoßstange hinten links,leicht,haftpflicht_gegner,fertig,"Seat Ateca, XQR-B 4701, km 21874
KD meldet telefonisch: Auffahrunfall, Kunde war selbst aufgefahren. An Stoßstange hinten links Kratzer im Klarlack (über zwei Bauteile).
Kunde fragt nach Smart Repair.
Haftpflicht Gegner, Gutachter beauftragt.
Beilackierung notwendig.
~~~~~~~~~~~~~
01.08.26 16:16 Lack: Fzg. gewaschen, abholbereit"
832153,2026-01-31 07:22:39,2026-02-15 00:37:46,,true,2026-02-14 15:37:46,2026-02-10 12:38:39,2026-02-12 18:38:39,106844,140779,XQR-WA 95,ZZECUUUG6X8817127,Mercedes,B-Klasse,W247,2020-04-16,69882,,2,Frank,Moser,Birkenweg 53,76133,Karlsruhe,frank_moser@example.com,0179/0706199,441113,39,📞🔜✔️Abholbereit Folgetermin vereinbaren,Vorgangsstatus,39|926|860|1449,1,629123,,false,3,146,service,Bremsen,,,,fertig,"Mercedes B-Klasse, XQR-WA 95
Fzg. angeliefert, Bremsflüssigkeit fällig, Beläge messen.
Kontrollleuchte Reifendruck ist an.
Kunde fragt nach Ersatzwagen. Leihwagen ja.
~~~~~~~~~~~~~
03.02.26 08:22 Annahme: Teile bestellt, Nachricht an Dispo
05.02.26 09:22 Lack: Rückruf nicht erreicht, Mailbox
08.02.26 14:22 M. Reuter: Leihwagen reserviert"
887034,2026-06-24 16:42:20,2026-07-07 14:05:11,,true,,2026-07-06 17:05:11,,116492,157118,QQD-N 211,ZZFAS9XF2V5044941,Seat,Arona,KJ7,2024-11-07,43724,,3,Jan,Kuhn,Tannenweg 132,48143,Muenster,jkuhn@example.org,+49 170 2207304,224012,37,🔜Neuer Folgetermin,Vorgangsstatus,37|241|434|1027,1,391312,,false,1,36,service,Inspektion,,,,laufend,"Kunde kommt ohne Termin, Inspektion mit Pollenfilter und Bremsflüssigkeit.
Zusätzlich Klappern vorne rechts bei Bodenwellen.
Fzg. steht auf dem Hof.
~~~~~~~~~~~~~
27.06.26 17:42 Teiledienst: Fzg. gewaschen, abholbereit
30.06.26 21:42 Lack: Teile bestellt, Nachricht an Dispo"
888197,2026-06-14 10:41:10,2026-06-15 06:41:10,2026-06-18 08:24:45,false,,,,122585,137808,ZQ-CM 12,ZZCG4UFG7R1204288,Opel,Mokka,U,2017-12-09,72666,,3,Sebastian,Horn,Quittenweg 42,93047,Regensburg,,+49 163 8280561,493424,35,☹️Absage Termin,Vorgangsstatus,35|395|487,1,738488,,false,2,74,service,Inspektion,,,,storniert,"Opel Mokka, ZQ-CM 12
Anruf Kunde: Große Inspektion inkl. Innenraumfilter.
Innenraumfilter riecht, mit tauschen.
Ersatzwagen geklärt, Klasse klein.
~~~~~~~~~~~~~
15.06.26 13:41 B. Peters: Nachtrag: Kunde bittet um Verschiebung
20.06.26 14:41 Karosserie: Leihwagen reserviert"
844778,2026-03-03 10:28:41,2026-03-03 17:28:41,,true,,,,106457,133978,QQM-BF 80,ZZBDEJA20TR697979,Opel,Vivaro,K0,2018-06-07,156847,,2,Melanie,Hahn,Salbeiweg 113,30169,Hannover,melanie_hahn@example.net,+49 (0)157 6770226,115326,27,✔️Termin bestätigt,Vorgangsstatus,27|396|487,2,444619|880439,,false,1,63,service,Inspektion,,,,neu,"Opel Vivaro, QQM-BF 80
KD meldet telefonisch: Inspektion nach Herstellervorgabe.
Kontrollleuchte Reifendruck ist an.
Bitte anrufen wenn mehr anfällt als besprochen. Leihwagen nein, Kunde wartet."
890706,2026-08-07 08:03:56,2026-08-21 17:34:31,,false,2026-08-20 08:34:31,2026-08-17 15:41:50,2026-08-17 22:41:50,104026,148662,QQB-Y 606,ZZCVMVNF3RE027592,Seat,Arona,KJ7,2018-09-11,129349,,1,Julia,Hahn,Pappelallee 16,41061,Moenchengladbach,jhahn@example.net,0155/6178415,589518,14,🚛✅ Ausgeliefert,Vorgangsstatus,14|397|3|1170,1,722005,,false,3,165,service,Ölwechsel,,,,abgeschlossen,"Seat Arona, QQB-Y 606, km 129349
Kunde bringt Fzg., Ölwechsel inkl. Filter nach Serviceplan.
Zusätzlich Klappern vorne rechts bei Bodenwellen.
Rückruf erwünscht bevor zusätzliche Arbeiten. Abholung durch Kunde am Nachmittag.
Termin steht, Dauer ca. 2 Tage.
~~~~~~~~~~~~~
10.08.26 12:03 Karosserie: KD informiert, Termin steht
18.08.26 17:03 Annahme: Nachtrag: Kunde bittet um Verschiebung"
876732,2026-07-29 07:37:01,2026-08-10 15:15:20,,false,2026-08-10 15:15:20,2026-08-07 08:27:40,2026-08-08 09:27:40,122505,135661,QQ-K 4,ZZB40SU46RW960147,Ford,Kuga,CX482,2018-12-06,159003,,,Helmut,Ziegler,Wacholderweg 68,30169,Hannover,,+49 (0)175 8420288,411971,14,🚛✅ Ausgeliefert,Vorgangsstatus,14|938|1572|50,1,800605,109,false,3,180,damage,Auffahrunfall,Kotflügel vorne rechts,schwer,vollkasko,abgeschlossen,"Bei der Annahme festgestellt: Auffahrunfall an der Kreuzung, Schadenmeldung liegt vor. Kotflügel vorne rechts: Teil gerissen und lose, ca. 25 cm.
Bitte KVA vor Reparatur abstimmen.
Vollkasko, SB 500 EUR, Schadenmeldung raus.
Ersatzteil nur komplett lieferbar, Austausch statt Instandsetzung.
Versicherung: Kiesbach Assekuranz, Schadennr. 78669100."
890827,2026-07-01 10:38:36,2026-07-01 23:38:36,,true,,,,111123,157076,QQB-LD 76,ZZA13K925SY291336,VW,Touran,5T,2017-07-19,205648,,2,Laura,Lorenz,Ahornweg 6,79098,Freiburg,laura.lorenz71@example.de,+49 (0)175 8197001,542528,533,📲✅Vorkalkulation erledigt bitte Termin vereinbaren,Vorgangsstatus,533|241|497,2,847082|413684,,false,1,13,service,HU/AU,,,,neu,"Kunde bringt Fzg., HU/AU fällig, bitte mit Vorabcheck.
Batterie schwach, Startprobleme morgens.
Kunde fragt nach Ersatzwagen.
Kunde ist informiert, meldet sich.
~~~~~~~~~~~~~
09.07.26 12:38 Annahme: Teile bestellt, Nachricht an Dispo
17.07.26 17:38 Annahme: Fzg. gewaschen, abholbereit
18.07.26 17:38 P. Scholz: Fzg. in Halle, Zerlegung begonnen"
893289,2026-01-23 11:41:32,2026-02-04 00:03:42,,true,,2026-02-03 13:03:42,,123100,156162,QX-U 49,ZZBM0R196Y4021602,BMW,3er Touring,G21,2018-05-21,181309,,,Fabian,Lehmann,Fliederweg 96,90402,Nuernberg,fabian.lehmann58@example.org,0171 2597053,389513,37,🔜Neuer Folgetermin,Vorgangsstatus,37|392|610|997,2,388995|877200,,false,2,107,service,Bremsen,,,,laufend,"BMW 3er Touring, QX-U 49, km 181309
Kunde kommt ohne Termin, Bremsflüssigkeit fällig, Beläge messen.
Kontrollleuchte Reifendruck ist an.
Leihwagen ja, Hol- und Bringservice ja.
Termin nach Teileeingang.
~~~~~~~~~~~~~
25.01.26 13:41 Lack: Kalkulation fertig, an Prüfer
28.01.26 14:41 F. Riedel: Fzg. gewaschen, abholbereit
01.02.26 18:41 F. Riedel: Kunde meldet sich wegen Termin"
831499,2026-04-22 09:35:08,2026-04-30 03:11:38,,true,,2026-04-28 13:11:38,,122792,156228,QQL-E 603,ZZJ6Z3BB2W2678648,Mercedes,A-Klasse,W177,2014-04-25,270463,Sonnenhang Montage e.K.,,Katrin,Brandt,Wacholderweg 97,13407,Berlin,katrin.brandt@example.org,0179 6888680,474337,37,🔜Neuer Folgetermin,Vorgangsstatus,37|242,0,,,false,2,22,service,Räder und Reifen,,,,laufend,"Kunde bringt Fzg., Reifen vorne abgefahren, Angebot erstellen.
Kontrollleuchte Reifendruck ist an.
Kunde bittet um Kostenvoranschlag. Fzg. bleibt über Nacht da.
Termin steht, Dauer ca. 2 Tage.
~~~~~~~~~~~~~
30.04.26 11:35 Servicebüro: Leihwagen reserviert
07.05.26 11:35 S. Herrmann: Kalkulation fertig, an Prüfer
10.05.26 12:35 SB: KD informiert, Termin steht"
875500,2026-02-17 12:48:50,2026-03-02 13:03:13,,false,2026-03-01 12:31:53,2026-02-26 11:03:13,2026-03-01 14:03:13,115497,139718,ZQ-N 69,ZZB9P9L16S4881418,Skoda,Octavia Combi,NX5,2014-02-07,92601,,1,Jens,Kliemann,Salbeiweg 9,80331,Muenchen,jens.kliemann@example.com,+49 (0)176 7595547,295503,1422,Fahrzeug abgeholt (/kommt nochmal),Vorgangsstatus,1422|937|1085|438|1270|156,3,149863|913639|510446,101,false,3,159,damage,Wildunfall,Stoßstange vorne|Stoßstange vorne links,leicht,teilkasko,abgeschlossen,"Kunde berichtet: Wildunfall, Reh gegen Front, Wildbescheinigung liegt vor. An Stoßstange vorne kleine Delle (ca. 3 cm Durchmesser).
Stoßstange vorne links ebenfalls: Druckstelle.
KVA erwünscht, bitte per Mail. Leihwagen ja.
Teilkasko läuft, SB laut Police 300 EUR."
888740,2026-06-06 16:06:18,2026-06-30 08:46:57,,true,,2026-06-29 13:46:57,,120831,147564,XQD-E 937,ZZBK81TP2X3007911,BMW,1er,F40,2022-12-24,73628,,3,Laura,Frank,Feldblumenweg 102,30655,Hannover,laura.frank90@example.net,0151/3261033,057604,89,😪☎Kunde nicht erreicht,Vorgangsstatus,89|241|610|1449,2,305469|778621,,false,2,102,service,Ölwechsel,,,,laufend,"Kunde bringt Fzg., Ölservice laut Serviceintervall, Öl 5W30.
Servicerückstellung nicht erfolgt, bitte mitmachen.
Bitte anrufen wenn mehr anfällt als besprochen.
~~~~~~~~~~~~~
08.06.26 16:06 Dispo: Rechnung geschrieben
10.06.26 18:06 Teiledienst: Nachtrag: Kunde bittet um Verschiebung"
875860,2026-02-10 11:52:02,2026-03-03 04:53:43,,true,,2026-03-02 16:53:43,,111524,159421,QY-T 4195,ZZFMD9LNXVR237514,Opel,Corsa,F,2015-11-08,241851,,,Susanne,Herrmann,Kastanienallee 56,30655,Hannover,,+49 (0)157 6804006,661719,33,⚠️Schadensfeststellung,Vorgangsstatus,33|1139,1,535348,,false,2,131,damage,Steinschlag,Windschutzscheibe,schwer,selbstzahler,laufend,"Anruf Kunde: Steinschlag vom Lkw vor dem Fzg. Windschutzscheibe Steinschlag am Rand, Reparatur laut Prüfung möglich.
Kunde wartet vor Ort.
Selbstzahler, Rechnung an Kunde.
Kunde bekommt Zwischeninfo.
~~~~~~~~~~~~~
18.02.26 12:52 SB: Freigabe Versicherung eingetroffen"
858572,2026-04-23 13:25:00,2026-05-11 12:30:58,,true,2026-05-10 13:30:58,2026-05-04 17:09:13,2026-05-08 20:09:13,110856,150822,QQS-MA 75,ZZCSTJPU6W7411294,Skoda,Octavia Combi,NX5,2021-02-21,67854,,2,Michael,Ziegler,Weissdornweg 80,53111,Bonn,michael_ziegler@example.de,0170/6637096,518224,1153,👆🚚 Bringservice mit Folgetermin,Vorgangsstatus,1153|240,1,477305,,false,1,55,service,HU/AU,,,,fertig,"Skoda Octavia Combi, QQS-MA 75
Lt. Kunde: TÜV/HU mit Abgasuntersuchung.
Kunde fragt nach Ersatzwagen.
Fzg. steht auf dem Hof.
~~~~~~~~~~~~~
29.04.26 17:25 Karosserie: Fzg. gewaschen, abholbereit
07.05.26 21:25 SB: Rechnung geschrieben"
899772,2026-02-13 15:22:44,2026-02-17 17:56:27,,true,,2026-02-16 13:56:27,,118912,144232,QQT-TE 2429,ZZGDLGPT3SK841454,Mercedes,B-Klasse,W247,2025-04-09,13878,,,Hannah,Peters,Pappelallee 46,33098,Paderborn,hannah_peters@example.com,0155/5877013,362609,34,🌗✔️Nachbestellung Termin bestätigt,Vorgangsstatus,34|484|399|110,1,353111,,false,0,0,service,Inspektion,,,,laufend,"Fzg. vorgefahren, Inspektion fällig, Kunde wünscht Kostenrahmen vorab.
Batterie schwach, Startprobleme morgens.
Kunde fragt nach Ersatzwagen. Kunde wartet vor Ort.
~~~~~~~~~~~~~
21.02.26 17:22 Karosserie: Ersatzteil eingetroffen, Termin vereinbaren
22.02.26 21:22 Servicebüro: Teile bestellt, Nachricht an Dispo"
860974,2026-07-19 16:05:25,2026-08-05 08:15:37,,false,2026-08-04 07:15:37,2026-07-27 16:10:29,2026-08-01 21:10:29,115962,141542,QQK-JH 6417,ZZJYXC366TF854556,VW,Touran,5T,2014-08-24,131110,,,Tobias,Frank,Weissdornweg 132,52062,Aachen,tfrank@example.net,0152/5866226,441381,121,abgerechnet ! Auftrag erledigt abgeschlossen,Vorgangsstatus,121|947|1100|437|1013,1,272848,,false,4,152,damage,Rangierschaden,Schweller links|Stoßstange vorne links,leicht,selbstzahler,abgeschlossen,"VW Touran, QQK-JH 6417, km 131110
Anruf Kunde: Rangierschaden am 11.07. beim Wenden. Lackabrieb an Schweller links, ca. 5 cm.
Weiterer Schaden Stoßstange vorne links, Schrammen.
Bitte KVA vor Reparatur abstimmen. Leihwagen nein, Kunde wartet.
Selbstzahler, Rechnung an Kunde.
Ersatzteil im Rückstand, Kunde informiert.
~~~~~~~~~~~~~
20.07.26 17:05 Karosserie: Nachtrag: Kunde bittet um Verschiebung
23.07.26 17:05 Annahme: Rückruf nicht erreicht, Mailbox"
844805,2026-01-17 08:13:20,2026-02-06 22:08:46,,true,2026-02-05 12:08:46,2026-02-02 08:52:51,2026-02-03 12:52:51,118744,147462,ZQR-HB 86,ZZC5YDR41SX963874,Audi,Q3,F3,2021-05-18,105408,,,Yvonne,Gross,Quittenweg 115,97070,Wuerzburg,yvonne.gross@example.com,0163/3760997,176662,38,👍 🔜Fertig zur Abholung mit Folgetermin,Vorgangsstatus,38|796,3,774874|022439|452289,,false,1,47,service,Inspektion,,,,fertig,"Audi Q3, ZQR-HB 86
Kunde berichtet: Inspektion nach Herstellervorgabe.
Servicerückstellung nicht erfolgt, bitte mitmachen.
Kunde wünscht Kostenrahmen vorab.
Ersatzteil im Rückstand, Kunde informiert."
878876,2026-01-24 09:57:53,2026-02-07 00:47:44,,true,,2026-02-05 09:47:44,,103323,141158,XQB-R 3984,ZZDFHYW21S7824936,Skoda,Kodiaq,NS7,2016-01-21,214961,,,Lena,Scholz,An der Bleiche 128,45127,Essen,lena_scholz@example.org,0157 4549769,962030,25,👇🚚 Holservice,Vorgangsstatus,25|180|610,1,925120,,false,2,57,service,Räder und Reifen,,,,laufend,"Kunde meldet: Neue Reifen hinten, Kostenangebot Reifen erwünscht.
Bitte Softwarestand prüfen, Rückruf offen.
Bitte Rechnung an die Firma."
841456,2026-02-20 17:57:20,2026-03-03 21:14:45,,false,2026-03-02 16:14:45,2026-02-26 15:07:23,2026-03-01 21:07:23,128285,149032,QQ-YU 654,ZZJJTU1B8YE803706,Skoda,Scala,NW1,2024-08-02,15961,Seeblick Service e.K.,1,,,Zedernweg 114,79098,Freiburg,,+49 178 4484847,968047,36,🏁🔜Abgeholt/Ausgeliefert - Folgetermin offen,Vorgangsstatus,36|242|496,1,517964,,false,1,63,service,Bremsen,,,,abgeschlossen,"Skoda Scala, QQ-YU 654
Bremsen: Bremsscheiben hinten riefig, Kunde meldet Rubbeln.
Klimaanlage kühlt schlecht, bitte prüfen.
Rückruf erwünscht bevor zusätzliche Arbeiten."
897492,2026-07-04 14:00:12,2026-07-12 01:45:01,,false,2026-07-11 12:45:01,2026-07-07 15:49:44,2026-07-09 22:49:44,123656,155295,QZ-ES 832,ZZJ65NE84TW645047,Opel,Corsa,F,2017-02-08,177294,,,Manuela,Stein,Drosselgasse 64,13407,Berlin,mstein@example.net,+49 (0)177 5539330,277797,721,🌝 Fzg angekauft,Vorgangsstatus,721|396|612,1,664152,,false,2,106,service,Inspektion,,,,abgeschlossen,"Opel Corsa, QZ-ES 832, km 177294
Kunde bringt Fzg., Inspektion fällig, Kunde wünscht Kostenrahmen vorab.
Kunde meldet Geräusch beim Lenken.
Bitte Rechnung an die Firma. Leihwagen ja.
Termin steht, Dauer ca. 2 Tage.
~~~~~~~~~~~~~
12.07.26 18:00 Servicebüro: Freigabe Versicherung eingetroffen
15.07.26 23:00 Dispo: KV an Kunde verschickt"
824844,2026-05-10 13:52:49,2026-05-11 03:52:49,,true,,,,108640,150509,XQA-A 88,ZZA1TBPL6W7990823,Mercedes,Sprinter,W907,2025-02-15,36706,Weidenhof Montage OHG,3,Markus,Berger,Feldblumenweg 53,20359,Hamburg,markus.berger@example.net,0163 4185159,655730,44,📆✔Termin vereinbart,Vorgangsstatus,44|395,1,092783,,false,1,89,service,Bremsen,,,,neu,"Lt. Kunde: Bremsbeläge vorne unter Mindeststärke.
Bitte Softwarestand prüfen, Rückruf offen.
Fotos liegen im Vorgang.
~~~~~~~~~~~~~
14.05.26 16:52 TS: Rechnung geschrieben
18.05.26 20:52 Teiledienst: Kalkulation fertig, an Prüfer"
869934,2026-04-03 12:25:46,2026-04-18 13:12:27,,false,2026-04-17 11:12:27,2026-04-13 14:23:53,2026-04-15 15:23:53,100890,156101,QQE-J 32,ZZF4JKK88XT618702,VW,Tiguan,5N,2023-03-16,35402,,2,Frank,Albrecht,Espenstrasse 130,63065,Offenbach am Main,frank.albrecht@example.org,+49 151 3049591,582537,14,🚛✅ Ausgeliefert,Vorgangsstatus,14|392|406|998,1,798678,,false,1,50,service,Inspektion,,,,abgeschlossen,"KD meldet telefonisch: Inspektion fällig, Kunde wünscht Kostenrahmen vorab.
Kunde wünscht Kostenrahmen vorab. Leihwagen nein, Kunde wartet.
Teile bestellt, Liefertermin offen.
~~~~~~~~~~~~~
05.04.26 17:25 SB: Kalkulation fertig, an Prüfer"
856345,2026-01-29 09:15:44,2026-01-30 18:15:44,,true,,,,118045,144126,ZQ-K 912,ZZGAD04R7VR331250,Seat,Ibiza,KJ1,2016-02-21,232158,Buchenkamp Elektrotechnik e.K.,2,Tobias,Stein,Amselweg 82,30655,Hannover,tobias_stein@example.de,+49 (0)175 3762277,256381,44,📆✔Termin vereinbart,Vorgangsstatus,44|182|434|1175,1,704246,,false,2,97,service,Räder und Reifen,,,,neu,"Fzg. angeliefert, Räderwechsel Sommer auf Winter, Einlagerung vorhanden.
Servicerückstellung nicht erfolgt, bitte mitmachen.
Bitte anrufen wenn mehr anfällt als besprochen. Hol- und Bringservice gewünscht.
Fzg. steht auf dem Hof.
~~~~~~~~~~~~~
03.02.26 12:15 T. Brandt: KD informiert, Termin steht"
865051,2026-03-28 09:09:41,2026-03-30 00:09:41,,true,,,,111466,157982,XQA-L 70,ZZCXB67HXWS184049,Ford,Fiesta,JHH,2016-10-27,149966,,3,Heike,Franke,Zedernweg 131,52062,Aachen,heike.franke@example.de,0177 0121083,698825,88,🙂Vorgang angelegt,Vorgangsstatus,88|237|609|1270|497,0,,,false,3,153,service,Ölwechsel,,,,neu,"Ford Fiesta, XQA-L 70
Lt. Kunde: Ölwechsel, Longlife zurücksetzen.
Leihwagen ja.
~~~~~~~~~~~~~
04.04.26 11:09 S. Lang: KD informiert, Termin steht
10.04.26 14:09 Karosserie: Nachtrag: Kunde bittet um Verschiebung"
878138,2026-07-23 08:57:45,2026-08-15 06:45:59,,true,,2026-08-14 14:45:59,,106871,138929,QQE-M 9837,ZZC90NPZ1SM770817,Audi,A1 Sportback,GB,2015-09-19,198023,,,Jens,Brandt,Akazienweg 15,65183,Wiesbaden,jens_brandt@example.org,0171 1552450,115536,16,⚠️Warte auf Freigabe,Vorgangsstatus,16|926,2,616079|230753,,false,1,17,service,Inspektion,,,,laufend,"Lt. Kunde: Inspektion nach Herstellervorgabe.
Bitte anrufen wenn mehr anfällt als besprochen.
Kunde ist informiert, meldet sich."
876013,2026-06-08 17:14:57,2026-06-22 12:08:05,,false,2026-06-21 15:21:12,2026-06-21 15:08:05,2026-06-21 19:08:05,119263,144004,QQS-B 718,ZZB45GNV1TS400508,Opel,Mokka,U,2015-07-03,68442,Steinfurt Service e.K.,,,,Weissdornweg 111,33098,Paderborn,,0155/6645048,331805,41,🛑 Wartet auf Abholung durch Verwerter/Leasing/sonstige,Vorgangsstatus,41|951|1150|1000|110,1,612097,109,false,3,154,damage,Vandalismus,Stoßstange vorne|Heckklappe|Schweller rechts,schwer,teilkasko,abgeschlossen,"Fzg. vorgefahren, Vandalismus, Schaden am 02.06. entdeckt. Schaden an Stoßstange vorne, Bauteil durchgebrochen, ca. 3 cm Durchmesser.
Heckklappe ebenfalls: großflächig deformiert.
Schweller rechts ebenfalls: Träger verformt.
KVA erwünscht, bitte per Mail.
TK vorhanden, SB 150 EUR.
Fzg. steht auf dem Hof.
~~~~~~~~~~~~~
14.06.26 22:14 C. Fiedler: KV an Kunde verschickt
16.06.26 00:14 Dispo: Freigabe Versicherung eingetroffen"
832574,2026-08-08 16:11:28,2026-09-05 15:18:57,,false,2026-09-04 14:18:57,2026-08-31 16:08:42,2026-09-02 00:08:42,108338,149153,QQD-LC 89,ZZDA8Y464TX902790,VW,Polo,AW,2015-10-10,210072,Steinfurt Montage GmbH,,Yvonne,Scholz,Kiefernweg 94,47051,Duisburg,yvonne.scholz78@example.org,0178/8478350,967273,14,🚛✅ Ausgeliefert,Vorgangsstatus,14|796,0,,,false,3,103,service,Bremsen,,,,abgeschlossen,"Bremsen: Bremsbeläge vorne unter Mindeststärke.
Innenraumfilter riecht, mit tauschen.
Kunde wartet, bitte zügig.
~~~~~~~~~~~~~
10.08.26 18:11 Dispo: Rückruf nicht erreicht, Mailbox"
873174,2026-02-28 12:29:41,2026-03-03 18:28:32,,true,2026-03-03 08:26:42,2026-03-03 17:28:32,2026-03-03 18:28:32,100303,141586,QQB-U 81,ZZJ46ZHCXSU559165,BMW,1er,F40,2022-10-15,93832,,1,Diana,Haas,Akazienweg 25,97070,Wuerzburg,,0163 1875312,934487,38,👍 🔜Fertig zur Abholung mit Folgetermin,Vorgangsstatus,38|484|99,1,237024,,false,2,11,service,Ölwechsel,,,,fertig,"Kunde berichtet: Ölwechsel, Longlife zurücksetzen.
Scheibenwischer schmieren, bitte erneuern.
Ersatzwagen geklärt, Klasse klein.
Teile bestellt, Liefertermin offen."
863379,2026-08-04 07:34:13,2026-08-29 22:42:24,,true,2026-08-29 09:42:24,2026-08-23 13:19:19,2026-08-28 15:19:19,102392,156676,XQR-Y 2381,ZZF0A5MG9Y2065912,BMW,X1,U11,2018-09-04,92168,,,Karin,Riedel,Tannenweg 38,01067,Dresden,karin.riedel93@example.org,0177 1719730,282449,39,📞🔜✔️Abholbereit Folgetermin vereinbaren,Vorgangsstatus,39|395|50,1,886012,,false,0,0,service,Ölwechsel,,,,fertig,"Kunde bringt Fzg., Ölwechsel, Longlife zurücksetzen.
Scheibenwischer schmieren, bitte erneuern.
Kunde holt am Abend ab. Leihwagen nein, Kunde wartet.
Termin nach Teileeingang.
~~~~~~~~~~~~~
05.08.26 11:34 Servicebüro: Fzg. gewaschen, abholbereit"
849621,2026-01-15 12:52:38,2026-02-15 03:55:14,,false,2026-02-14 09:55:14,2026-02-09 10:22:33,2026-02-13 16:22:33,123182,134444,XQE-P 557,ZZFYL9H53WC904800,Audi,Q5,FY,2014-01-25,165457,,3,Lars,Martens,Drosselgasse 32,22299,Hamburg,lmartens@example.org,0151 3960865,556179,721,🌝 Fzg angekauft,Vorgangsstatus,721|1308|1170,1,089539,,false,2,98,service,HU/AU,,,,abgeschlossen,"Kunde berichtet: HU/AU fällig, bitte mit Vorabcheck.
Zusätzlich Klappern vorne rechts bei Bodenwellen.
Rückruf erwünscht bevor zusätzliche Arbeiten. Ersatzwagen geklärt, Klasse klein.
Fotos liegen im Vorgang.
~~~~~~~~~~~~~
23.01.26 14:52 Annahme: KD informiert, Termin steht"
893790,2026-08-06 12:03:15,2026-08-21 04:13:07,,false,2026-08-20 07:53:01,2026-08-18 16:13:07,2026-08-20 21:13:07,104819,138321,XQM-V 7697,ZZCS61DY1WB264331,Audi,Q3,F3,2025-07-12,23517,,1,Elke,Lehmann,Weissdornweg 137,28203,Bremen,elehmann@example.com,0162 7102575,421442,41,🛑 Wartet auf Abholung durch Verwerter/Leasing/sonstige,Vorgangsstatus,41|918|497,1,645619,,false,2,135,service,HU/AU,,,,abgeschlossen,"Kunde bringt Fzg., TÜV/HU mit Abgasuntersuchung.
Fzg. bleibt über Nacht da."
824575,2026-07-04 09:37:28,2026-07-04 09:37:28,,true,,,,129530,141558,ZQD-DR 820,ZZCZ2ERW9R6685378,Opel,Vivaro,K0,2013-07-03,186740,,,Ulrike,Lorenz,Eichenweg 6,90402,Nuernberg,ulorenz@example.org,+49 172 8592520,560044,88,🙂Vorgang angelegt,Vorgangsstatus,88|785|1566|1170,1,506953,,false,1,44,service,Inspektion,,,,neu,"Lt. Kunde: Inspektion nach Herstellervorgabe.
Kunde meldet Vibration ab 120 km/h.
Bitte Rechnung an die Firma.
Fotos liegen im Vorgang."
833500,2026-03-31 07:49:41,2026-04-27 17:15:37,,true,2026-04-27 11:15:37,2026-04-24 07:27:44,2026-04-26 14:27:44,120874,140122,QQN-SU 269,ZZBAN1RS6XR635354,Seat,Arona,KJ7,2015-03-19,233570,,2,Sven,Heinrich,Kiefernweg 13,65183,Wiesbaden,,+49 (0)157 5922705,308383,12,👍 Fertig zur Abholung,Vorgangsstatus,12|947|612,2,790849|084738,101,true,3,184,damage,Rangierschaden,Stoßstange vorne rechts,schwer,vollkasko,fertig,"Fzg. vorgefahren, Rangierschaden beim Ausparken. Stark eingedrückt an Stoßstange vorne rechts, ca. 3 cm Durchmesser.
Kunde fragt nach Reparaturdauer. Fzg. bleibt über Nacht da.
VK mit SB 500 EUR, Freigabe abwarten.
~~~~~~~~~~~~~
05.04.26 07:49 TS: Freigabe Versicherung eingetroffen"
881399,2026-04-10 15:48:19,2026-04-25 22:52:48,,true,,2026-04-24 12:52:48,,123005,134761,QQS-WE 74,ZZD6XLGL6VL711976,Skoda,Fabia,PJ,2019-10-14,52799,Kieswerk Vertrieb GmbH & Co. KG,3,,,Quittenweg 75,80331,Muenchen,kontakt.graf44@example.de,0174/4740902,228068,92,😀↪🕧Kunde erreicht Meldet sich,Vorgangsstatus,92|950|1572|406,1,801183,113,true,1,72,damage,Wildunfall,Kotflügel vorne links|Stoßstange vorne,schwer,teilkasko,laufend,"Lt. Kunde: Wildunfall, Tier ist weggelaufen. Schaden an Kotflügel vorne links, Bauteil durchgebrochen, ca. 40 cm.
Stoßstange vorne ebenfalls: großflächig deformiert.
TK deckt Glasschaden, SB 150 EUR.
Ersatzteil nur komplett lieferbar, Austausch statt Instandsetzung.
~~~~~~~~~~~~~
11.04.26 19:48 Annahme: Rückruf nicht erreicht, Mailbox
16.04.26 19:48 Lack: Fzg. in Halle, Zerlegung begonnen
23.04.26 19:48 Karosserie: Rechnung geschrieben"
834130,2026-03-23 17:39:53,2026-03-31 18:51:41,,true,,2026-03-30 16:51:41,,115998,136467,ZQB-A 7,ZZCE4XBRXY5666903,Skoda,Karoq,NU7,2023-03-10,45184,,1,Anja,Heinrich,An der Bleiche 131,50667,Koeln,aheinrich@example.net,0173 9088240,889291,495,👽⚡🛒Teil im Rückstand Fzg. teilrepariert beim Kunden,Vorgangsstatus,495|937|1149,0,,,false,1,50,damage,Parkschaden,Außenspiegel rechts,leicht,vollkasko,laufend,"Fzg. angeliefert, Parkschaden auf dem Parkplatz. Außenspiegel rechts Schrammen, ca. 10 cm.
Kunde bittet um Terminvorschlag. Hol- und Bringservice gewünscht.
VK mit SB 500 EUR, Freigabe abwarten.
Bitte Kalkulation erstellen."
844033,2026-05-16 08:24:13,2026-05-29 07:02:51,,false,2026-05-28 17:20:06,2026-05-26 15:02:51,2026-05-28 18:02:51,111888,138026,QQL-H 902,ZZGYT2PN1VN835192,Skoda,Scala,NW1,2025-09-25,18971,,,Georg,Wendt,Eichenweg 64,38100,Braunschweig,georg_wendt@example.com,+49 (0)175 6081145,772815,9,🏁 Abgeholt,Vorgangsstatus,9|926,1,969397,,false,1,48,service,Bremsen,,,,abgeschlossen,"Bremsen: Bremsbeläge vorne unter Mindeststärke.
Kunde meldet Vibration ab 120 km/h.
Kunde bittet um Kostenvoranschlag. Leihwagen nein, Kunde wartet.
Kunde ist informiert, meldet sich.
~~~~~~~~~~~~~
18.05.26 11:24 Teiledienst: Ersatzteil eingetroffen, Termin vereinbaren"
851332,2026-06-11 13:00:16,2026-06-12 17:00:16,,true,,,,119090,155236,ZQC-TH 1235,ZZEYSDE45W3708248,BMW,2er Active Tourer,U06,2025-05-03,31763,,,Thomas,Herrmann,Espenstrasse 43,04109,Leipzig,thomas.herrmann@example.de,0155 8318180,003111,44,📆✔Termin vereinbart,Vorgangsstatus,44|1563|602,1,237834,128,false,0,0,damage,Wildunfall,Stoßstange vorne links|Motorhaube,schwer,teilkasko,neu,"KD meldet telefonisch: Wildunfall auf der Landstraße. Stoßstange vorne links: Aufnahme abgerissen, ca. 5 cm.
Zusätzlich Motorhaube betroffen, großflächig deformiert.
Kunde bittet um KVA. Leihwagen nein, Kunde wartet.
TK vorhanden, SB 150 EUR."
877660,2026-06-11 09:14:23,2026-06-12 20:14:23,2026-06-11 13:04:33,false,,,,128208,153670,QQT-RV 71,ZZH7RVSK8TP767818,Audi,A3 Sportback,8Y,2018-01-06,128765,,3,Florian,Moser,Salbeiweg 72,30655,Hannover,fmoser@example.de,+49 159 5241844,593165,13,😢 Kunde nicht erschienen,Vorgangsstatus,13|956|1220|108,1,006247,121,false,1,38,damage,Wildunfall,Kotflügel vorne rechts|Stoßstange vorne links,leicht,teilkasko,storniert,"Kunde berichtet: Wildunfall, Tier ist weggelaufen. Schaden an Kotflügel vorne rechts, Druckstelle, ca. 5 cm.
Zusätzlich Stoßstange vorne links betroffen, Lackabrieb.
Kunde fragt nach Smart Repair.
Teilkasko läuft, SB laut Police 300 EUR.
~~~~~~~~~~~~~
12.06.26 14:14 Dispo: KV an Kunde verschickt"
857391,2026-01-11 15:32:24,2026-01-24 07:37:33,,false,2026-01-22 17:37:33,2026-01-16 07:27:09,2026-01-20 12:27:09,122480,145963,XQE-P 7536,ZZCB90LJ6TY560363,BMW,5er Limousine,G30,2013-10-13,222520,,,Katrin,Wendt,Eichenweg 21,70173,Stuttgart,kwendt@example.net,0172/5823098,372433,9,🏁 Abgeholt,Vorgangsstatus,9|394|998,1,887136,,false,2,94,service,Inspektion,,,,abgeschlossen,"BMW 5er Limousine, XQE-P 7536
Kunde bringt Fzg., Inspektion mit Pollenfilter und Bremsflüssigkeit.
Innenraumfilter riecht, mit tauschen.
Bitte anrufen wenn mehr anfällt als besprochen. Fzg. bleibt über Nacht da.
~~~~~~~~~~~~~
16.01.26 15:32 TS: KD informiert, Termin steht
22.01.26 19:32 SB: Teile besteltl, Nachricht an Dispo
30.01.26 21:32 Lack: Rückruf nicht erreicht, Mailbox"
892094,2026-04-19 17:14:11,2026-05-12 13:39:24,,true,,2026-05-11 08:39:24,,103423,130149,QQS-GL 30,ZZBA4TKP1TK820001,BMW,5er Limousine,G30,2025-09-17,23196,Kieswerk Vertrieb GmbH & Co. KG,,,,Fliederweg 115,80331,Muenchen,kontakt.reuter13@example.de,+49 177 9221296,871267,1291,Fahrzeug reinholen,Vorgangsstatus,1291|993|1083|51,1,620203,,true,1,74,damage,Steinschlag,Windschutzscheibe,mittel,selbstzahler,laufend,"Fzg. vorgefahren, Steinschlag vom Lkw vor dem Fzg. Windschutzscheibe: Einschlag außerhalb Sichtfeld, Harzreparatur angeboten.
Ersatzwagen geklärt, Klasse klein.
Kunde zahlt selbst, KVA vorab.
Nach Zerlegung nachkalkulieren.
~~~~~~~~~~~~~
24.04.26 20:14 Teiledienst: Teile bestellt, Nachricht an Dispo"
859101,2026-01-25 08:13:24,2026-02-08 22:11:08,,false,2026-02-07 12:11:08,2026-02-04 16:19:51,2026-02-06 20:19:51,116976,140270,XQB-X 8715,ZZE3HX0T3YH828600,Ford,Transit Custom,V362,2019-03-13,170824,,,Ulrike,Kern,Birkenweg 53,93047,Regensburg,ulrike.kern@example.net,0151/4626172,905252,121,abgerechnet ! Auftrag erledigt abgeschlossen,Vorgangsstatus,121|958|1081|1619|1042,2,299017|366006,109,false,0,0,damage,Auffahrunfall,Stoßstange hinten rechts|Kotflügel hinten links|Stoßstange hinten links,schwer,gesteuert,abgeschlossen,"Lt. Kunde: Auffahrunfall, Unfall am 20.01. Blech verzogen an Stoßstange hinten rechts, ca. 40 cm.
Weiterer Schaden Kotflügel hinten links, großflächig deformiert.
Zusätzlich Stoßstange hinten links betroffen, Aufnahme abgerissen.
Kunde bittet um KVA.
Schadensteuerer hat KVA in Prüfung.
Steuerung: Talblick Fleet.
~~~~~~~~~~~~~
26.01.26 12:13 Karosserie: Rechnung geschrieben
02.02.26 16:13 H. Sauer: Nachtrag: Kunde bittet um Verschiebung"
864060,2026-06-04 08:50:46,2026-06-04 19:50:46,,true,,,,117828,133661,XQD-T 507,ZZEH1UMC4YJ167283,Ford,Puma,J2K,2021-10-14,44998,,,Sebastian,Reuter,Weissdornweg 115,01067,Dresden,sebastian_reuter@example.de,0175 2449858,267533,27,✔️Termin bestätigt,Vorgangsstatus,27|239|476|498,1,928126,,false,2,122,service,Räder und Reifen,,,,neu,"Räder und Reifen: Reifen vorne abgefahren, Angebot erstellen.
Zusätzlich Klappern vorne rechts bei Bodenwellen.
Kunde wartet, bitte zügig. Fzg. bleibt über Nacht da.
Teile bestellt, Liefertermin offen."
844920,2026-07-26 16:56:29,2026-07-28 02:56:29,,true,,,,102058,154141,QZ-HH 3330,ZZFU5L9M1WS163712,Mercedes,GLC,X254,2016-05-24,137508,,3,Thomas,Reuter,Fliederweg 75,86150,Augsburg,thomas.reuter@example.org,+49 155 2982452,817872,27,✔️Termin bestätigt,Vorgangsstatus,27|993|1571|609,1,719487,,true,0,0,damage,Vandalismus,Außenspiegel rechts,leicht,selbstzahler,neu,"KD meldet telefonisch: Vandalismus, Verursacher unbekannt. An Außenspiegel rechts Kratzer im Klarlack (handtellergroß).
Kunde bittet um Rückruf bis Freitag. Fzg. bleibt über Nacht da.
Selbstzahler, keine Vers. im Spiel.
~~~~~~~~~~~~~
29.07.26 18:56 Dispo: Leihwagen reserviert"
862268,2026-05-01 10:35:47,2026-05-06 11:23:09,,true,2026-05-05 11:23:09,2026-05-02 14:19:55,2026-05-04 21:19:55,113679,146783,QQL-P 437,ZZDMGE4R8XN240786,Mercedes,E-Klasse,W213,2023-02-26,44925,,,Patrick,Gross,Ahornweg 113,41061,Moenchengladbach,,+49 162 4621140,291407,12,👍 Fertig zur Abholung,Vorgangsstatus,12|1308|1200,1,444511,,false,3,73,service,HU/AU,,,,fertig,"Kunde bringt Fzg., HU/AU fällig, bitte mit Vorabcheck.
Innenraumfilter riecht, mit tauschen.
Fzg. steht auf dem Hof."
887724,2026-06-03 10:35:37,2026-06-27 14:03:13,,false,2026-06-27 09:03:13,2026-06-25 17:25:28,2026-06-26 01:25:28,120269,144361,QQD-W 79,ZZJ999069S3955113,Skoda,Superb Combi,3V5,2026-07-10,9275,,2,Yvonne,Wendt,Malvenweg 64,97070,Wuerzburg,ywendt@example.com,+49 (0)178 0317112,265483,36,🏁🔜Abgeholt/Ausgeliefert - Folgetermin offen,Vorgangsstatus,36|182|648|1014|108,1,280077,,false,1,13,service,Bremsen,,,,abgeschlossen,"Bremsen: Bremsflüssigkeit fällig, Beläge messen.
Klimaanlage kühlt schlecht, bitte prüfen.
Leihwagen ja.
Ersatzteil im Rückstand, Kunde informiert.
~~~~~~~~~~~~~
08.06.26 15:35 Annahme: Fzg. gewaschen, abholbereit
09.06.26 17:35 TS: Kalkulation fertig, an Prüfer
10.06.26 20:35 SB: Endkontrolle offen"
822460,2026-02-27 10:20:19,2026-03-12 21:04:04,,true,,2026-03-12 14:04:04,,106408,136216,QZ-A 58,ZZEXDZE87R8586795,Skoda,Superb Combi,3V5,2013-07-08,308682,,,Diana,Jung,Espenstrasse 130,33098,Paderborn,,0173/4764519,085076,16,⚠️Warte auf Freigabe,Vorgangsstatus,16|397|610|996|501,1,326209,,false,3,143,service,Bremsen,,,,laufend,"Kunde berichtet: Bremsbeläge vorne unter Mindeststärke.
Innenraumfilter riecht, mit tauschen.
Kunde holt am Abend ab. Ersatzwagen geklärt, Klasse klein.
Ersatzteil im Rückstand, Kunde informiert.
~~~~~~~~~~~~~
01.03.26 13:20 TS: Nachtrag: Kunde bittet um Verschiebung"
881569,2026-03-13 12:30:23,2026-04-06 13:04:01,,true,,2026-04-05 11:04:01,,110128,146368,QX-KN 262,ZZAATXRU8YT737290,Skoda,Karoq,NU7,2014-02-15,99711,Talblick Vertrieb OHG,1,Yvonne,Brandt,Buchenallee 27,93047,Regensburg,yvonne_brandt@example.com,+49 151 9343517,344943,25,👇🚚 Holservice,Vorgangsstatus,25|952|1084,2,237007|589176,128,false,3,219,damage,Hagelschaden,Dach|Motorhaube,schwer,teilkasko,laufend,"Fzg. angeliefert, Hagelschaden, Fzg. stand im Freien. Dach übersät mit Dellen, Zählung Dellenkarte offen.
Hagelschlag flächig, Motorhaube mit zahlreichen Dellen.
Kunde möchte Fzg. bis Monatsende zurück.
TK deckt Glasschaden, SB 150 EUR.
Termin nach Teileeingang.
Versicherung: Altmuehl Versicherung, Schadennr. 36018381."
874957,2026-04-19 17:35:54,2026-04-29 20:09:20,,false,2026-04-28 16:09:20,2026-04-21 08:52:21,2026-04-26 13:52:21,105953,131249,ZQM-X 5512,ZZGBJPLP0VZ269308,Opel,Grandland,A18,2021-12-03,77236,,,Christian,Lehmann,Salbeiweg 106,63065,Offenbach am Main,,+49 179 5180126,664810,1422,Fahrzeug abgeholt (/kommt nochmal),Vorgangsstatus,1422|186,1,221378,,false,3,138,service,Ölwechsel,,,,abgeschlossen,"Ölwechsel: Ölservice fällig, Anzeige im Display.
Batterie schwach, Startprobleme morgens.
Kunde bittet um Kostenvoranschlag."
861417,2026-04-18 15:33:26,2026-04-26 11:03:25,,false,2026-04-26 07:03:25,2026-04-19 13:49:16,2026-04-24 17:49:16,128111,146108,XQL-TA 945,ZZG16DRA5SK817533,BMW,5er Limousine,G30,2025-05-16,29739,,,Georg,Berger,Kastanienallee 106,38100,Braunschweig,georg.berger88@example.net,+49 162 7413206,185277,41,🛑 Wartet auf Abholung durch Verwerter/Leasing/sonstige,Vorgangsstatus,41|1139|1086|1590|614|997|499,2,163315|016768,104,false,1,58,damage,Auffahrunfall,Motorhaube|Kotflügel hinten links|Kotflügel vorne links,mittel,haftpflicht_gegner,abgeschlossen,"BMW 5er Limousine, XQL-TA 945, km 29739
Fzg. angeliefert, Auffahrunfall, Kunde war selbst aufgefahren. Schaden an Motorhaube, Delle mit Lackschaden, ca. 10 cm.
Weiterer Schaden Kotflügel hinten links, Lack abgeplatzt.
Zusätzlich Kotflügel vorne links betroffen, Beule.
Kunde bittt um Rückruf bis Freitag.
Unfallgegner bekannt, Haftung dem Grunde nach unstrittig.
Bitte Kalkulation erstellen.
Versicherung: Talblick Versicherung, Schadennr. 49790919.
~~~~~~~~~~~~~
25.04.26 15:33 T. Herrmann: Nachtrag: Kunde bittet um Verschiebung
27.04.26 17:33 Dispo: Endkontrolle offen
05.05.26 17:33 SB: Kunde meldet sich wegen Termin"
851816,2026-01-17 13:16:17,2026-02-01 18:16:22,,true,2026-01-31 15:16:22,2026-01-29 10:13:50,2026-01-30 13:13:50,128624,132733,ZQ-T 9,ZZDAA6FK1XD076975,Skoda,Fabia,PJ,2014-10-20,107712,,,Jana,Vogt,Am Alten Sportplatz 87,85049,Ingolstadt,jvogt@example.com,0163 0560084,158829,38,👍 🔜Fertig zur Abholung mit Folgetermin,Vorgangsstatus,38|236|437,1,213443,,false,1,61,service,Bremsen,,,,fertig,"Bremsen: Bremsflüssigkeit fällig, Beläge messen.
Kunde meldet Geräusch beim Lenken.
Kunde wünscht Kostenrahmen vorab. Fzg. bleibt über Nacht da."
839846,2026-01-25 15:47:21,2026-01-27 05:47:21,,true,,,,116356,157472,QQT-M 8204,ZZF49F374YR448018,Mercedes,C-Klasse T-Modell,S206,2016-06-14,208088,,1,Elke,Ritter,An der Bleiche 72,55116,Mainz,eritter@example.com,0179/8762335,299378,28,❓Termin unsicher,Vorgangsstatus,28|1308,1,705305,,false,1,75,service,Inspektion,,,,neu,"Lt. Kunde: Inspektion mit Pollenfilter und Bremsflüssigkeit.
Klimaanlage kühlt schlecht, bitte prüfen.
Kunde wartet, bitte zügig."
839492,2026-01-06 12:40:51,2026-01-18 09:41:37,,false,2026-01-17 13:41:37,2026-01-10 10:17:10,2026-01-14 12:17:10,111826,147430,XQB-N 41,ZZDGSLME0WE552449,Ford,Kuga,CX482,2014-04-11,272276,,,Laura,Ritter,Salbeiweg 101,48143,Muenster,laura.ritter88@example.net,+49 (0)174 9179541,544962,41,🛑 Wartet auf Abholung durch Verwerter/Leasing/sonstige,Vorgangsstatus,41|242|476|1147,2,333201|765646,,false,2,101,service,HU/AU,,,,abgeschlossen,"Kunde bringt Fzg., HU überfällig seit letztem Monat.
Rückruf erwünscht bevor zusätzliche Arbeiten. Leihwagen ja.
Bitte Wiedervorlage in einer Woche.
~~~~~~~~~~~~~
10.01.26 16:40 Lack: Teile bestellt, Nachricht an Dispo
13.01.26 19:40 Lack: Fzg. in Halle, Zerlegung begonnen
21.01.26 22:40 SB: Rechnung geschrieben"
858677,2026-03-05 16:44:18,2026-03-26 20:45:40,,true,,2026-03-26 07:45:40,,107377,154962,ZQB-NW 118,ZZC9HJ4E5V2440228,VW,Touran,5T,2017-06-12,112489,Lindenhof Service OHG,2,Lars,Winkler,Pappelallee 53,12587,Berlin,,+49 173 8463139,383450,157,🛒MECHANIK Teile vorab bestellen!,Vorgangsstatus,157|796,3,446419|983414|963400,,false,3,151,service,Ölwechsel,,,,laufend,"Ölwechsel: Ölservice fällig, Anzeige im Display.
Servicerückstellung nicht erfolgt, bitte mitmachen.
Bitte anrufen wenn mehr anfällt als besprochen.
~~~~~~~~~~~~~
07.03.26 16:44 S. Sauer: Fzg. in Halle, Zerlegung begonnen
14.03.26 16:44 S. Sauer: Kalkulation fertig, an Prüfer
18.03.26 18:44 TS: Endkontrolle offen"
864888,2026-04-07 07:01:02,2026-04-08 22:01:02,,true,,,,129477,157508,QQB-H 350,ZZG7E75F2V0544826,VW,Tiguan,5N,2020-02-18,154917,,2,Ralf,Engel,Ahornweg 64,40213,Duesseldorf,ralf.engel79@example.com,+49 173 8776014,203356,28,❓Termin unsicher,Vorgangsstatus,28|937|1571|434,1,349958,101,false,1,77,damage,Hagelschaden,Heckklappe|Dach,mittel,teilkasko,neu,"VW Tiguan, QQB-H 350
KD meldet telefonisch: Hagelschaden, mehrere Fzg. aus dem Ort betroffen. Hagelschlag flächig, Heckklappe mit zahlreichen Dellen.
Dach übersät mit Dellen, Zählung Dellenkarte offen.
Kunde bittet um Terminvorschlag. Leihwagen ja, Hol- und Bringservice ja.
Teilkasko, SB 150 EUR, KVA an Vers.
Termin nach Teileeingang.
Versicherung: Nordstern Direkt, Schadennr. 11715479."
884196,2026-02-02 12:52:33,2026-02-11 22:56:47,,true,2026-02-11 08:56:47,2026-02-05 14:26:30,2026-02-08 21:26:30,128249,131916,ZQD-HG 717,ZZBFYXTD3RF025233,Seat,Ibiza,KJ1,2015-01-03,95373,,3,Nadine,Horn,Am Muehlbach 134,48143,Muenster,nadine_horn@example.org,+49 (0)174 2812090,151200,38,👍 🔜Fertig zur Abholung mit Folgetermin,Vorgangsstatus,38|186|110,3,635332|606122|426644,,false,4,181,service,Bremsen,,,,fertig,"Seat Ibiza, ZQD-HG 717
Kunde bringt Fzg., Bremsflüssigkeit fällig, Beläge messen.
Kontrollleuchte Reifendruck ist an.
Kunde bittet um Kostenvoranschlag.
Fotos liegen im Vorgang."
833827,2026-07-12 17:57:41,2026-07-20 11:03:05,,true,,2026-07-20 09:03:05,,106214,147932,QQW-U 7318,ZZDM8DTE2RF282230,Skoda,Octavia Combi,NX5,2024-12-15,29370,,3,Susanne,Lorenz,Feldblumenweg 77,28203,Bremen,,+49 176 9388950,673355,37,🔜Neuer Folgetermin,Vorgangsstatus,37|182|489|1266,1,441623,,false,2,35,service,Inspektion,,,,laufend,"KD meldet telefonisch: Inspektion fällig, Kdune wünscht Kostenrahmen vorab.
Kontrollleuchte Reifendruck ist an.
Rückruf erwünscht bevor zusätzliche Arbeiten. Abholung durch Kunde am Nachmittag."
859115,2026-07-25 10:43:08,2026-07-29 01:59:02,,true,,2026-07-27 10:59:02,,103138,150394,XQS-F 59,ZZH3YX8X7WG961213,Mercedes,Vito,W447,2023-05-26,69701,Buchenkamp Fuhrpark GmbH,1,,,Bruehlstrasse 109,06108,Halle (Saale),kontakt.kaiser@example.com,0157/9413167,754674,495,👽⚡🛒Teil im Rückstand Fzg. teilrepariert beim Kunden,Vorgangsstatus,495|957|1083|1590|101,1,187263,109,false,3,119,damage,Parkschaden,Kotflügel vorne rechts|Stoßstange vorne,mittel,haftpflicht_gegner,laufend,"Mercedes Vito, XQS-F 59, km 69701
Bei der Annahme festgestellt: Parkschaden, kein Zettel hinterlassen. Kotflügel vorne rechts Halterung gebrochen, handtellergroß.
Weiterer Schaden Stoßstange vorne, Kunststoff eingedrückt.
Gegnerische Haftpflicht reguliert, Haftung anerkannt.
Bitte Wiedervorlage in einer Woche.
Versicherung: Kiesbach Assekuranz, Schadennr. 20562202.
~~~~~~~~~~~~~
02.08.26 11:43 M. Sauer: Nachtrag: Kunde bittet um Verschiebung
04.08.26 16:43 Servicebüro: Rechnung geschrieben
10.08.26 16:43 Servicebüro: Fzg. in Halle, Zerlegung begonnen"
864985,2026-05-23 09:34:35,2026-06-07 03:52:12,,false,2026-06-06 16:52:12,2026-05-31 09:57:24,2026-06-03 12:57:24,108166,155702,QQT-SY 863,ZZE58GDM5TE188640,VW,Tiguan,5N,2020-09-26,130672,Rheinpfad Bau AG,,Katrin,Wendt,Ginsterweg 102,90402,Nuernberg,katrin.wendt@example.de,+49 162 2430345,615937,9,🏁 Abgeholt,Vorgangsstatus,9|1139|1151|437,0,,,false,1,71,damage,Hagelschaden,Heckklappe|Dach,mittel,teilkasko,abgeschlossen,"Kunde berichtet: Hagelschaden vom Unwetter am 15.05. Heckklappe übersät mit Dellen, Zählung Dellenkarte offen.
Dach mit mehreren Dellen aus Hagelschlag.
Kunde möchte Fzg. bis Monatsende zurück. Ersatzwagen geklärt, Klasse klein.
Teilkasko, SB 150 EUR, KVA an Vers.
Versicherung: Weidenhof Sach, Schadennr. 15839957.
~~~~~~~~~~~~~
30.05.26 14:34 SB: KV an Kunde verschickt
05.06.26 17:34 Lack: Leihwagen reserviert"
859595,2026-06-28 11:15:51,2026-07-10 14:38:47,,true,,2026-07-09 16:38:47,,115684,149143,QQE-X 7137,ZZBDSM4G0SH104353,Skoda,Octavia Combi,NX5,2020-10-10,100927,,,Claudia,Albrecht,Quittenweg 25,12587,Berlin,,+49 163 8247604,791303,26,👆🚚 Bringservice,Vorgangsstatus,26|947|1586,2,352865|850176,113,false,2,58,damage,Hagelschaden,Heckklappe|Motorhaube|Dach,leicht,teilkasko,laufend,"Bei der Annahme festgestellt: Hagelschaden, Schaden erst später bemerkt. Hagel: Heckklappe betroffen, Lack laut Sichtprüfung intakt.
Motorhaube mit mehreren Dellen aus Hagelschlag.
Hagelschlag flächig, Dach mit zahlreichen Dellen.
Kunde bittet um KVA.
Teilkasko läuft, SB laut Police 300 EUR.
Fzg. steht auf dem Hof.
~~~~~~~~~~~~~
05.07.26 11:15 Servicebüro: Leihwagen reserviert
06.07.26 14:15 D. Brandt: Teile bestellt, Nachricht an Dispo
14.07.26 14:15 Annahme: Kalkulation fertig, an Prüfer"
883065,2026-07-12 15:10:32,2026-08-06 00:00:05,,true,,2026-08-05 15:00:05,,103448,130437,XQM-TU 2257,ZZFZHEYP8SA395454,Audi,A4 Avant,8W,2021-03-05,113949,,2,Patrick,Baumann,Quittenweg 41,86150,Augsburg,patrick.baumann@example.com,0178/1043756,252163,495,👽⚡🛒Teil im Rückstand Fzg. teilrepariert beim Kunden,Vorgangsstatus,495|949|1200,1,340080,121,false,1,50,damage,Parkschaden,Heckklappe,leicht,haftpflicht_gegner,laufend,"Audi A4 Avant, XQM-TU 2257
Bei der Annahme festgestellt: Parkschaden vor dem Supermarkt, niemand gemeldet. An Heckklappe Kratzer, Lack nicht durch (auf ganzer Länge).
Kunde fragt nach Reparaturdauer.
Gegnerische Haftpflicht reguliert, Haftung anerkannt."
874265,2026-02-13 09:53:24,2026-03-03 18:56:07,,true,2026-03-02 12:40:01,2026-02-27 14:56:07,2026-03-02 21:56:07,106567,147338,QQF-H 111,ZZEDTE895SB809573,Skoda,Superb Combi,3V5,2026-05-15,8394,Seeblick Montage GmbH & Co. KG,,Lukas,Jung,Kiefernweg 10,80331,Muenchen,lukas_jung@example.net,+49 152 1452855,305551,39,📞🔜✔️Abholbereit Folgetermin vereinbaren,Vorgangsstatus,39|239|3,1,676690,,false,1,54,service,Räder und Reifen,,,,fertig,"Kunde bringt Fzg., Räderwechsel Sommer auf Winter, Einlagerung vorhanden.
Kunde meldet Geräusch beim Lenken.
~~~~~~~~~~~~~
16.02.26 09:53 L. Herrmann: Leihwagen reserviert"
895141,2026-05-13 13:44:09,2026-05-14 20:44:09,,true,,,,115750,148455,XQ-P 260,ZZB4122J5V7745840,Audi,A4 Avant,8W,2024-05-22,14319,,2,Ingrid,Lang,Akazienweg 62,85049,Ingolstadt,,+49 (0)173 8293453,879058,530,🚀Auftrag erteilt/Teile vorbestellt/Termin wenn Teile da,Vorgangsstatus,530|180,1,031912,,false,1,51,service,HU/AU,,,,neu,"Audi A4 Avant, XQ-P 260, km 14319
Kunde berichtet: TÜV/HU mit Abgasuntersuchung.
Rückruf erwünscht bevor zusätzliche Arbeiten. Abholung durch Kunde am Nachmittag.
~~~~~~~~~~~~~
16.05.26 15:44 Servicebüro: Ersatzteil eingetroffen, Termin vereinbaren"
839215,2026-02-02 15:50:06,2026-02-02 23:50:06,2026-02-03 17:32:48,false,,,,117257,149584,XQB-D 67,ZZBZ8F8Z4YK856824,Audi,A1 Sportback,GB,2015-04-08,179490,,3,Lars,Scholz,Weissdornweg 49,68159,Mannheim,lars.scholz@example.net,0175/2055580,503791,15,🚧Wurde Totalschaden,Vorgangsstatus,15|946|1600|1014,1,640203,101,false,3,83,damage,Parkschaden,Kotflügel vorne rechts,mittel,haftpflicht_gegner,storniert,"Kunde meldet: Parkschaden vor dem Supermarkt, niemand gemeldet. Lack abgeplatzt an Kotflügel vorne rechts, ca. 15 cm.
Kunde bittet um Terminvorschlag. Hol- und Bringservice gewünscht.
Gegnerische Haftpflicht reguliert, Haftung anerkannt.
~~~~~~~~~~~~~
07.02.26 20:50 TS: Nachtrag: Kunde bittet um Verschiebung"
862151,2026-02-21 17:15:43,2026-02-21 22:15:43,2026-02-23 10:50:54,false,,,,115596,135866,QQF-V 845,ZZBNUE1G1X4285891,VW,Tiguan,5N,2012-10-11,287415,,2,Michael,Brandt,Sonnenblumenweg 105,70173,Stuttgart,michael.brandt@example.de,+49 (0)171 0788723,695335,15,🚧Wurde Totalschaden,Vorgangsstatus,15|950|1081,1,079883,128,false,1,6,damage,Wildunfall,Kotflügel vorne rechts|Stoßstange vorne links,leicht,teilkasko,storniert,"VW Tiguan, QQF-V 845
Kunde kommt ohne Termin, Wildunfall am 20.02. früh morgens. Kotflügel vorne rechts ca. 40 cm kleine Delle.
Auch Stoßstange vorne links beschädigt (Lackabrieb).
Bitte KVA vor Reparatur abstimmen. Leihwagen ja, Hol- und Bringservice ja.
Teilkasko, SB 150 EUR, KVA an Vers.
Teile bestellt, Liefertermin offen.
Versicherung: Altmuehl Versicherung, Schadennr. 46207522.
~~~~~~~~~~~~~
26.02.26 19:15 Karosserie: Rechnung geschrieben
28.02.26 23:15 N. Moser: Nachtrag: Kunde bittet um Verschiebung"
881547,2026-07-27 07:26:43,2026-08-21 16:36:05,,true,,2026-08-21 11:36:05,,117265,149292,QQC-UJ 244,ZZDF4PJP4S1390927,Ford,Puma,J2K,2019-01-26,91551,Blauberg Montage e.K.,,,,Pappelallee 83,33098,Paderborn,,0157/4337677,255584,17,♻️In Bearbeitung,Vorgangsstatus,17|949|1081|1600|437,1,267990,134,false,4,183,damage,Auffahrunfall,Kotflügel hinten rechts|Kotflügel vorne rechts,schwer,haftpflicht_gegner,laufend,"Ford Puma, QQC-UJ 244, km 91551
Fzg. angeliefert, Auffahrunfall, Kunde war selbst aufgefahren. Kotflügel hinten rechts ca. 5 cm großflächig deformiert.
Zusätzlich Kotflügel vorne rechts betroffen, stark eingedrückt.
Kunde bittet um KVA. Fzg. bleibt über Nacht da.
Gegnerische Haftpflicht reguliert, Haftung anerkannt.
Bitte Lackabgleich, Farbton prüfen."
874379,2026-06-02 07:52:07,2026-06-04 00:36:19,,true,,2026-06-03 10:36:19,,110064,133126,QQL-E 8989,ZZAT8E5K3YF473171,Audi,A6 Avant,4K,2020-05-25,113156,Lindenhof Sanitaer e.K.,2,,,Zedernweg 93,63065,Offenbach am Main,kontakt.krause91@example.de,0175/1909898,766308,26,👆🚚 Bringservice,Vorgangsstatus,26|397|1027|499,1,633991,,false,0,0,service,Inspektion,,,,laufend,"Inspektion: Große Inspektion inkl. Innenraumfilter.
Zusätzlich Klappern vorne rechts bei Bodenwellen.
Kunde fragt nach Ersatzwagen. Leihwagen ja, Hol- und Bringservice ja.
Kunde ist informiert, meldet sich."
824377,2026-01-31 15:09:09,2026-02-02 04:09:09,,true,,,,125926,146594,QQB-YA 43,ZZAUANP17RK332318,VW,Polo,AW,2012-01-04,309557,,1,Hannah,Dietrich,Erlenkamp 25,63065,Offenbach am Main,hannah_dietrich@example.de,0159 6838974,170439,530,🚀Auftrag erteilt/Teile vorbestellt/Termin wenn Teile da,Vorgangsstatus,530|391,1,204104,,false,1,70,service,Ölwechsel,,,,neu,"Fzg. vorgefahren, Ölwechsel, Longlife zurücksetzen.
Termin nach Teileeingang.
~~~~~~~~~~~~~
03.02.26 20:09 K. Hahn: Freigabe Versicherung eingetroffen"
867644,2026-01-08 15:02:51,2026-01-16 03:34:44,,true,,2026-01-14 13:34:44,,126815,156195,QQ-WT 229,ZZDE36DJ4RR812416,Ford,Fiesta,JHH,2020-09-20,77136,,3,Lukas,Nolte,Akazienweg 99,30169,Hannover,lnolte@example.net,+49 173 8026428,057216,18,☢️ Auftrag steht ☢️,Vorgangsstatus,18|245|1249,1,770267,,false,1,24,service,Inspektion,,,,laufend,"Ford Fiesta, QQ-WT 229, km 77136
Fzg. vorgefahren, Große Inspektion inkl. Innenraumfilter.
Kunde wartet, bitte zügig. Leihwagen ja, Hol- und Bringservice ja.
Kunde bekommt Zwischeninfo.
~~~~~~~~~~~~~
16.01.26 15:02 S. Frank: Leihwagen reserviert"
853437,2026-06-10 10:31:19,2026-06-15 01:24:37,,true,,2026-06-13 13:24:37,,109099,155108,QQS-AE 54,ZZDSPBWP6YA750693,Seat,Leon,KL1,2012-07-04,184873,Seeblick Bau GmbH,3,,,Akazienweg 39,80331,Muenchen,,+49 170 4394906,226611,37,🔜Neuer Folgetermin,Vorgangsstatus,37|484|613|497,0,,,false,4,214,service,HU/AU,,,,laufend,"HU/AU: TÜV/HU mit Abgasuntersuchung.
Klimaanlage kühlt schlecht, bitte prüfen.
Kunde holt am Abend ab. Abholung durch Kunde am Nachmittag.
Termin nach Teileeingang.
~~~~~~~~~~~~~
17.06.26 14:31 M. Gross: Kunde meldet sich wegen Termin"
874316,2026-06-07 14:44:43,2026-06-08 11:01:15,,true,,2026-06-08 07:01:15,,105836,150746,XQD-S 487,ZZAZSEFD9S0009274,Ford,Puma,J2K,2017-08-23,141599,,3,Manuela,Heinrich,Distelweg 10,01067,Dresden,mheinrich@example.net,+49 179 3510439,127442,1291,Fahrzeug reinholen,Vorgangsstatus,1291|238|1566|110,1,343620,,false,1,48,service,Ölwechsel,,,,laufend,"Lt. Kunde: Ölservice laut Serviceintervall, Öl 5W30.
Kunde meldet Vibration ab 120 km/h.
Rückruf erwünscht bevor zusätzliche Arbeiten. Abholung durch Kunde am Nachmittag.
~~~~~~~~~~~~~
13.06.26 14:44 Annahme: Kunde meldet sich wegen Termin
14.06.26 17:44 T. Heinrich: Kalkulation fertig, an Prüfer"
893103,2026-03-22 16:22:12,2026-03-27 13:21:03,,true,,2026-03-26 12:21:03,,106424,154554,QQM-ZJ 561,ZZDEV6ZV6WJ440142,Mercedes,B-Klasse,W247,2014-12-15,201077,Nordlicht Service OHG,,,,Malvenweg 36,80331,Muenchen,kontakt.berger97@example.com,0178/7654356,364689,26,👆🚚 Bringservice,Vorgangsstatus,26|938|1174|1013,3,122281|633685|433074,,true,2,101,damage,Vandalismus,Stoßstange hinten links|Stoßstange hinten,leicht,selbstzahler,laufend,"Mercedes B-Klasse, QQM-ZJ 561, km 201077
Fzg. vorgefahren, Vandalismus, Kunde hat Anzeige aufgenommen. Lackabrieb an Stoßstange hinten links, ca. 40 cm.
Weiterer Schaden Stoßstange hinten, Schrammen.
Leihwagen nein, Kunde wartet.
Kunde zahlt selbst, KVA vorab.
Kunde ist informiert, meldet sich.
~~~~~~~~~~~~~
30.03.26 17:22 F. Frank: Teile bestellt, Nachricht an Dispo"
830295,2026-03-08 17:23:10,2026-03-10 08:23:10,2026-03-10 15:26:14,false,,,,102578,148312,QQV-XP 365,ZZB6CAMT6S4986332,Mercedes,E-Klasse,W213,2021-02-26,123071,,2,Sebastian,Winkler,Eichenweg 127,34117,Kassel,sebastian.winkler62@example.com,0170 3702164,230733,35,☹️Absage Termin,Vorgangsstatus,35|937|1270,2,110431|297973,,false,1,14,damage,Steinschlag,Windschutzscheibe,mittel,selbstzahler,storniert,"Fzg. vorgefahren, Steinschlag auf der Autobahn. Windschutzscheibe: Einschlag außerhalb Sichtfeld, Harzreparatur angeboten.
Kunde bittet um Terminvorschlag. Kunde wartet vor Ort.
Selbstzahler, Rechnung an Kunde.
Fotos liegen im Vorgang.
~~~~~~~~~~~~~
16.03.26 22:23 Annahme: Rechnung geschrieben"
859641,2026-02-08 15:26:48,2026-03-08 16:38:17,,true,2026-03-07 09:38:17,2026-03-04 07:26:36,2026-03-07 09:26:36,126162,131184,XQ-NR 36,ZZBWTLFH4WT975667,VW,Passat Variant,3G5,2024-12-25,32342,,3,Jana,Keller,Erlenkamp 76,86150,Augsburg,,+49 (0)152 3943273,157234,38,👍 🔜Fertig zur Abholung mit Folgetermin,Vorgangsstatus,38|245,1,916508,,false,3,50,service,Inspektion,,,,fertig,"Kunde kommt ohne Termin, Große Inspektion inkl. Innenraumfilter.
Bitte Softwarestand prüfen, Rückruf offen.
Bitte anrufen wenn mehr anfällt als besprochen. Fzg. bleibt über Nacht da.
Kunde bekommt Zwischeninfo.
~~~~~~~~~~~~~
14.02.26 19:26 Servicebüro: Teile bestellt, Nachricht an Dispo"
857254,2026-05-08 13:37:27,2026-05-09 09:37:27,,true,,,,109655,158501,ZQM-WK 6358,ZZHP1UZD0RA477478,VW,Polo,AW,2019-09-01,96994,,,Gabriele,Lehmann,Am Muehlbach 77,50667,Koeln,gabriele.lehmann@example.net,+49 179 3737131,827196,534,📲🔰DSA/Bilder/GA/Infos erhalten bitte Kalkulieren,Vorgangsstatus,534|245,1,523512,,false,1,92,service,Inspektion,,,,neu,"Kunde berichtet: Inspektion mit Pollenfilter und Bremsflüssigkeit.
Kunde meldet Vibration ab 120 km/h.
Kunde ist informiert, meldet sich."
839875,2026-04-27 14:51:22,2026-05-12 16:47:24,,true,,2026-05-12 08:47:24,,117946,151227,QQH-CZ 2,ZZAEMHLV3W8237334,Mercedes,Vito,W447,2012-03-05,105697,Steinfurt Logistik e.K.,3,Stefan,Pohl,Lindenweg 120,71032,Boeblingen,stefan_pohl@example.com,+49 152 5106350,024692,25,👇🚚 Holservice,Vorgangsstatus,25|186,1,527588,,false,1,42,service,Räder und Reifen,,,,laufend,"Räder und Reifen: Räderwechsel Sommer auf Winter, Einlagerung vorhanden.
Kdune wünscht Kostenrahmen vorab.
Fotos liegen im Vorgang.
~~~~~~~~~~~~~
30.04.26 16:51 M. Stein: Rückruf nciht erreicht, Mailbox"
897855,2026-04-24 14:38:07,2026-05-15 18:25:46,,false,2026-05-14 07:25:46,2026-05-06 14:10:06,2026-05-11 21:10:06,112818,144779,XQM-S 69,ZZBVGD731XJ361729,VW,Caddy,SB,2020-07-19,127182,,,Lars,Fiedler,Eichenweg 12,70173,Stuttgart,,0170/7072961,587320,1422,Fahrzeug abgeholt (/kommt nochmal),Vorgangsstatus,1422|394,1,145447,,false,2,66,service,Bremsen,,,,abgeschlossen,"Bremsen: Bremsflüssigkeit fällig, Beläge messen.
Kunde meldet Vibration ab 120 km/h.
Kunde wartet, bitte zügig.
Fzg. steht auf dem Hof.
~~~~~~~~~~~~~
25.04.26 17:38 SB: Fzg. in Halle, Zerlegung begonnen
03.05.26 22:38 E. Pohl: KV an Kunde verschickt
12.05.26 02:38 E. Pohl: Freigabe Versicherung eingetroffen"
877072,2026-01-27 14:43:36,2026-02-23 11:27:01,,false,2026-02-22 07:27:01,2026-02-18 14:26:54,2026-02-19 16:26:54,127413,130993,XQM-YY 44,ZZB5SBF35V8058574,Skoda,Fabia,PJ,2013-04-23,150273,,1,Elena,Wendt,Am Alten Sportplatz 101,28203,Bremen,elena.wendt@example.com,+49 (0)162 7203046,863532,9,🏁 Abgeholt,Vorgangsstatus,9|956|1100|1002,1,048915,134,false,1,18,damage,Rangierschaden,Stoßstange hinten|Tür hinten links,leicht,haftpflicht_gegner,abgeschlossen,"Kunde bringt Fzg., Rangierschaden an der Laderampe. Stoßstange hinten ca. 15 cm feine Kratzspuren.
Zusätzlich Tür hinten links betroffen, Lackabrieb.
Kunde fragt nach Reparaturdauer. Hol- und Bringservice gewünscht.
Gegnerische Haftpflicht reguliert, Haftung anerkannt.
Ersatzteil im Rückstand, Kunde informiert.
~~~~~~~~~~~~~
04.02.26 14:43 TS: Rechnung geschrieben"
850163,2026-07-03 16:36:48,2026-07-24 18:55:17,,true,,2026-07-24 10:55:17,,115692,154967,ZQA-K 99,ZZC9X0XZ7TM421600,VW,Polo,AW,2022-12-05,58097,,,Hannah,Hartmann,Espenstrasse 101,30169,Hannover,hhartmann@example.de,+49 174 3319186,080644,92,😀↪🕧Kunde erreicht Meldet sich,Vorgangsstatus,92|952|1512,1,739959,,false,0,0,damage,Rangierschaden,Kotflügel vorne links,mittel,selbstzahler,laufend,"Kunde meldet: Rangierschaden am 26.06. beim Wenden. An Kotflügel vorne links Halterung gebrochen (ca. 3 cm Durchmesser).
Kunde fragt nach Reparaturdauer. Kunde wartet vor Ort.
Selbstzahler, Rechnung an Kunde.
Fzg. steht auf dem Hof."
860598,2026-05-26 13:34:02,2026-06-06 04:45:23,,true,,2026-06-04 13:45:23,,107640,133274,ZQS-PJ 9296,ZZDLZE194YY029773,Seat,Arona,KJ7,2025-06-18,10695,,2,Susanne,Busch,Distelweg 133,95444,Bayreuth,sbusch@example.org,0151 0367608,646603,91,🦊☎Haftung unklar Wiedervorlage,Vorgangsstatus,91|951|1571,1,887827,117,false,0,0,damage,Auffahrunfall,Kotflügel hinten rechts|Kotflügel vorne rechts|Stoßstange hinten links,leicht,vollkasko,laufend,"Lt. Kunde: Auffahrunfall, Polizei war vor Ort. Kotflügel hinten rechts: feine Kratzspuren, über zwei Bauteile.
Zusätzlich Kotflügel vorne rechts betroffen, Druckstelle.
Weiterer Schaden Stoßstange hinten links, Schrammen.
Kunde möchte Fzg. bis Monatsende zurück. Abholung durch Kunde am Nachmittag.
VK mit SB 500 EUR, Freigabe abwarten.
Nach Zerlegung nachkalkulieren."
884084,2026-05-24 09:05:58,2026-05-25 07:05:58,,true,,,,115726,145282,QZ-XJ 1086,ZZER5C3M5RS068450,Skoda,Kodiaq,NS7,2016-06-27,151480,,2,Ingrid,Wendt,Haselnussweg 2,47051,Duisburg,ingrid_wendt@example.net,0155/6786243,258211,88,🙂Vorgang angelegt,Vorgangsstatus,88|241|109,1,204797,,false,3,199,service,Räder und Reifen,,,,neu,"Räder und Reifen: Räderwechsel Sommer auf Winter, Einlagerung vorhanden.
Klimaanlage kühlt schlecht, bitte prüfen.
Kunde holt am Abend ab. Leihwagen ja.
Teile bestellt, Liefertermin offen."
860433,2026-06-01 10:39:38,2026-06-18 03:19:30,,true,,2026-06-16 13:19:30,,114185,151808,QX-X 6574,ZZJYEMK37SK937096,Audi,A1 Sportback,GB,2013-02-06,200512,,1,Gabriele,Pohl,Am Muehlbach 43,52062,Aachen,gabriele.pohl@example.com,+49 (0)176 9641269,501005,495,👽⚡🛒Teil im Rückstand Fzg. teilrepariert beim Kunden,Vorgangsstatus,495|955|612,0,,,false,1,36,damage,Parkschaden,Stoßstange hinten rechts|Heckklappe,mittel,vollkasko,laufend,"Audi A1 Sportback, QX-X 6574
Lt. Kunde: Parkschaden auf dem Parkplatz. Lack abgeplatzt an Stoßstange hinten rechts, über zwei Bauteile.
Weiterer Schaden Heckklappe, Kunststoff eingedrückt.
Kunde fragt nach Smart Repair.
VK, SB 300 EUR, Vers. informiert.
Versicherung: Kiesbach Assekuranz, Schadennr. 60683409.
~~~~~~~~~~~~~
09.06.26 15:39 Teiledienst: Teile bestellt, Nachricht an Dispo
16.06.26 20:39 TS: Nachtrag: Kunde bittet um Verschiebung"
843743,2026-07-19 11:55:44,2026-08-08 17:40:40,,true,,2026-08-07 09:40:40,,128504,148036,QQL-D 45,ZZCWHZDS9V4706054,Seat,Leon,KL1,2017-11-09,66791,,,Elena,Otto,Erlenkamp 105,65183,Wiesbaden,elena.otto@example.com,+49 162 8448141,183983,18,☢️ Auftrag steht ☢️,Vorgangsstatus,18|1139|1086|998,1,356842,121,false,1,34,damage,Steinschlag,Windschutzscheibe,leicht,teilkasko,laufend,"Kunde berichtet: Steinschlag, Riss wird laut Kunde größer. Steinschlag Windschutzscheibe im Sichtfeld Fahrer, Reparatur nicht möglich, Austausch nötig.
KVA erwünscht, bitte per Mail. Hol- und Bringservice gewünscht.
TK vorhanden, SB 150 EUR.
Kunde bekommt Zwischeninfo.
Versicherung: Blauberg Allgemeine, Schadennr. 31679983.
~~~~~~~~~~~~~
21.07.26 12:55 Dispo: Endkontrolle offen
29.07.26 16:55 Teiledienst: Kunde meldet sich wegen Termin"
870270,2026-02-28 16:42:18,2026-02-28 17:42:18,,true,,,,108416,158094,ZQ-PR 9480,ZZBHE3L18VA049888,Seat,Arona,KJ7,2026-07-24,5075,Rheinpfad Logistik e.K.,2,,,Salbeiweg 99,93047,Regensburg,kontakt_riedel@example.net,0176/2068510,092210,1559,"🔧📞 Mechanik Termin bitte vereinbaren /Teile, Freigabe eingetroffen",Vorgangsstatus,1559|186|1027|470,1,537652,,false,1,62,service,Inspektion,,,,neu,"Inspektion: Große Inspektion inkl. Innenraumfilter.
Kunde holt am Abend ab.
Fotos liegen im Vorgang.
~~~~~~~~~~~~~
06.03.26 19:42 Dispo: KD informiert, Termin steht
14.03.26 20:42 D. Hartmann: Kunde meldet sich wegen Termin"
836165,2026-01-05 17:40:51,2026-02-01 07:32:27,,false,2026-01-31 16:32:27,2026-01-24 09:58:36,2026-01-29 14:58:36,118915,136529,XQM-WZ 62,ZZDMJM419VN841286,Audi,Q5,FY,2017-02-28,199642,,3,Claudia,Albrecht,Wacholderweg 39,85049,Ingolstadt,claudia.albrecht@example.net,0155/3292914,560105,1422,Fahrzeug abgeholt (/kommt nochmal),Vorgangsstatus,1422|235|861,2,333993|306765,,false,1,74,service,Inspektion,,,,abgeschlossen,"Audi Q5, XQM-WZ 62, km 199642
Kunde berichtet: Inspektion nach Herstellervorgabe.
Servicerückstellung nicht erfolgt, bitte mitmachen.
Kunde bittet um Kostenvoranschlag. Fzg. bleibt über Nacht da.
Teile bestellt, Liefertermin offen."
854876,2026-03-27 11:49:28,2026-03-27 15:49:28,,true,,,,104334,152715,QQZ-F 14,ZZHTDWUJ4X4898288,Audi,A1 Sportback,GB,2014-09-19,74398,,,Karin,Schaefer,Ulmenstrasse 88,85049,Ingolstadt,karin.schaefer15@example.com,0173 1984267,249739,530,🚀Auftrag erteilt/Teile vorbestellt/Termin wenn Teile da,Vorgangsstatus,530|184|998,3,443134|694229|316065,,false,0,0,service,Bremsen,,,,neu,"Lt. Kunde: Bremsen quietschen, bitte prüfen.
Innenraumfilter riecht, mit tauschen.
Bitte anrufen wenn mehr anfällt als besprochen.
Termin steht, Dauer ca. 2 Tage.
~~~~~~~~~~~~~
28.03.26 15:49 Teiledienst: Fzg. gewaschen, abholbereit
03.04.26 19:49 Teiledienst: Leihwagen reserviert
08.04.26 19:49 L. Brandt: Ersatzteil eingetroffen, Termin vereinbaren"
881044,2026-07-19 17:17:21,2026-08-14 18:37:18,,true,2026-08-14 07:37:18,2026-08-11 12:45:24,2026-08-11 13:45:24,100285,142154,QQR-Y 330,ZZBSFK8VXS0478539,VW,T-Roc,A11,2017-06-21,96750,,,Oliver,Baumann,Ulmenstrasse 122,93047,Regensburg,,0178 7292107,207997,12,👍 Fertig zur Abholung,Vorgangsstatus,12|241|487|997,2,482148|248310,,false,2,109,service,Bremsen,,,,fertig,"Bremsen: Bremsflüssigkeit fällig, Beläge messen.
Innenraumfilter riecht, mit tauschen.
Hol- und Bringservice gewünscht.
Ersatzteil im Rückstand, Kunde informiert.
~~~~~~~~~~~~~
23.07.26 22:17 Dispo: KD informiert, Termin steht"
828374,2026-07-10 17:57:15,2026-07-21 10:22:33,,true,2026-07-21 10:22:33,2026-07-13 10:56:23,2026-07-18 11:56:23,116266,139502,XQC-P 839,ZZFDB3MX5W7749391,Seat,Arona,KJ7,2016-11-02,134641,,1,Christian,Engel,Ulmenstrasse 57,79098,Freiburg,,0174/8817480,336586,39,📞🔜✔️Abholbereit Folgetermin vereinbaren,Vorgangsstatus,39|182|612|1006,1,931494,,false,1,80,service,Bremsen,,,,fertig,"Bremsen: Bremsbeläge vorne unter Mindeststärke.
Kontrollleuchte Reifendruck ist an.
Bitte Rechnung an die Firma.
Termin steht, Dauer ca. 2 Tage."
867951,2026-02-11 13:31:39,2026-03-06 19:45:17,,true,2026-03-05 11:38:02,2026-03-02 13:45:17,2026-03-05 14:45:17,122943,156981,XQS-HS 8986,ZZJLNYEMXY8586549,Audi,Q2,GA,2019-11-16,74952,,3,Jens,Graf,Am Muehlbach 124,76133,Karlsruhe,jgraf@example.de,+49 (0)171 5826634,851713,38,👍 🔜Fertig zur Abholung mit Folgetermin,Vorgangsstatus,38|956|1608|101,1,463859,101,false,0,0,damage,Auffahrunfall,Heckklappe|Stoßstange hinten,schwer,haftpflicht_gegner,fertig,"Bei der Annahme festgestellt: Auffahrunfall an der Ampel, Gegner aufgefahren. Schaden an Heckklappe, großflächig deformiert, über zwei Bauteile.
Stoßstange hinten ebenfalls: Bauteil durchgebrochen.
Hol- und Bringservice gewünscht.
Gegnerische Haftpflicht reguliert, Haftung anerkannt."
887711,2026-02-04 09:52:58,2026-02-26 19:07:38,,false,2026-02-25 16:07:38,2026-02-19 09:16:39,2026-02-22 11:16:39,107758,147156,ZQL-S 848,ZZGH084W8SU611962,Opel,Astra Sports Tourer,L,2019-04-27,178601,Lindenhof Handel e.K.,,Dirk,Zimmer,Birkenweg 79,45127,Essen,dirk_zimmer@example.net,0175/5753635,226605,36,🏁🔜Abgeholt/Ausgeliefert - Folgetermin offen,Vorgangsstatus,36|392|1172,1,465406,,false,3,102,service,Räder und Reifen,,,,abgeschlossen,"Räder und Reifen: Neue Reifen hinten, Kostenangebot Reifen erwünscht.
Servicerückstellung nicht erfolgt, bitte mitmachen.
Kunde wartet, bitte zügig. Kunde wartet vor Ort.
~~~~~~~~~~~~~
08.02.26 13:52 Dispo: Endkontrolle offen"
835520,2026-06-05 07:00:18,2026-06-22 20:25:10,,true,,2026-06-22 11:25:10,,111356,144283,QQT-P 69,ZZD2ZDX84TJ924685,BMW,X3,G01,2017-01-10,122773,Kieswerk Pflegedienst OHG,,,,Buchenallee 104,95444,Bayreuth,kontakt.berger92@example.com,0176 7603621,427482,106,😊📲Kunde erreicht DSA/Bilder angefordert,Vorgangsstatus,106|393|860|1249,0,,,false,2,109,service,Inspektion,,,,laufend,"KD meldet telefonisch: Inspektion fällig, Kunde wünscht Kostenrahmen vorab.
Servicerückstellung nicht erfolgt, bitte mitmachen.
Rückruf erwünscht bevor zusätzliche Arbeiten. Leihwagen ja, Hol- und Bringservice ja.
Ersatzteil im Rückstand, Kunde informiert.
~~~~~~~~~~~~~
12.06.26 08:00 Teiledienst: Fzg. in Halle, Zerlegung begonnen
18.06.26 08:00 Dispo: Freigabe Versicherung eingetroffen
25.06.26 08:00 Karosserie: Teile bestellt, Nachricht an Dispo"
838366,2026-02-14 11:39:15,2026-03-03 19:38:52,,true,,2026-03-02 14:38:52,,106877,131191,QY-TS 3497,ZZCRETZ61VL022586,Seat,Ateca,KH7,2023-03-04,77909,,1,Yvonne,Sommer,Akazienweg 67,79098,Freiburg,yvonne.sommer49@example.net,0157 1744738,259020,1291,Fahrzeug reinholen,Vorgangsstatus,1291|240|2,1,390562,,false,2,87,service,Bremsen,,,,laufend,"Fzg. angeliefert, Bremsbeläge vorne unter Mindeststärke.
Bitte Rechnung an die Firma. Leihwagen ja.
Fzg. steht auf dem Hof.
~~~~~~~~~~~~~
15.02.26 12:39 Servicebüro: Rechnung geschrieben"
827426,2026-07-07 08:22:01,2026-07-18 21:36:09,,true,,2026-07-17 11:36:09,,100743,145792,QQM-P 504,ZZF6Z5RH9YY436746,BMW,1er,F40,2024-12-06,26371,Steinfurt Vertrieb GmbH,,,,Pappelallee 3,99084,Erfurt,kwinkler@example.net,+49 163 2100590,841623,17,♻️In Bearbeitung,Vorgangsstatus,17|1563|1620|489,1,862937,117,false,1,13,damage,Auffahrunfall,Heckklappe,mittel,haftpflicht_gegner,laufend,"Lt. Kunde: Auffahrunfall an der Ampel, Gegner aufgefahren. Schaden an Heckklappe, Delle mit Lackschaden, ca. 3 cm Durchmesser.
Leihwagen ja.
Haftpflicht Gegner, Gutachter beauftragt.
Bitte Lackabgleich, Farbton prüfen.
Versicherung: Weidenhof Sach, Schadennr. 20226090.
~~~~~~~~~~~~~
09.07.26 09:22 TS: Freigabe Versicherung eingetroffen"
896868,2026-02-22 15:07:34,2026-03-17 17:28:53,,true,2026-03-16 07:43:49,2026-03-12 14:28:53,2026-03-16 17:28:53,101092,132393,QQZ-F 74,ZZA806732Y8829302,Ford,Fiesta,JHH,2019-12-24,131846,,,Marco,Pohl,Am Alten Sportplatz 124,06108,Halle (Saale),marco_pohl@example.net,+49 (0)157 8010047,327909,12,👍 Fertig zur Abholung,Vorgangsstatus,12|397|1014,1,763740,,false,0,0,service,Bremsen,,,,fertig,"Anruf Kunde: Bremsbeläge vorne unter Mindeststärke.
Klimaanlage kühlt schlecht, bitte prüfen.
Kunde bittet um Kostenvoranschlag. Ersatzwagen geklärt, Klasse klein.
Termin nach Teileeingang."
847648,2026-07-10 09:50:10,2026-07-26 18:31:25,,true,2026-07-25 09:31:25,2026-07-23 07:26:47,2026-07-23 11:26:47,109051,135860,QX-BN 6258,ZZALT6JZ5V0588716,VW,Caddy,SB,2026-07-19,9825,,1,Bernd,Lang,Schlehenweg 125,76133,Karlsruhe,,0159 1558646,108602,38,👍 🔜Fertig zur Abholung mit Folgetermin,Vorgangsstatus,38|796|998,1,046980,,false,4,197,service,Bremsen,,,,fertig,"Lt. Kunde: Bremsflüssigkeit fällig, Beläge messen.
Zusätzlich Klappern vorne rechts bei Bodenwellen.
Abholung durch Kunde am Nachmittag.
Kunde ist informiert, meldet sich."
887234,2026-06-10 15:28:16,2026-06-18 01:11:20,,true,,2026-06-17 09:11:20,,115864,142674,QQS-XM 7616,ZZD1AU893SN184094,BMW,3er Touring,G21,2025-08-13,24135,Altmuehl Fuhrpark GmbH,,Claudia,Nolte,Zedernweg 50,68159,Mannheim,claudia.nolte@example.net,+49 163 2927427,679624,25,👇🚚 Holservice,Vorgangsstatus,25|937,3,232706|442778|658419,101,false,3,137,damage,Rangierschaden,Außenspiegel rechts,leicht,vollkasko,laufend,"Fzg. angeliefert, Rangierschaden beim Ausparken. Außenspiegel rechts: Kratzer, Lack nicht durch, über zwei Bauteile.
Ersatzwagen geklärt, Klasse klein.
VK mit SB 500 EUR, Freigabe abwarten.
Bitte Wiedervorlage in einer Woche.
~~~~~~~~~~~~~
11.06.26 16:28 G. Keller: Ersatzteil eingetroffen, Termin vereinbaren
12.06.26 21:28 Dispo: Kunde meldet sich wegen Termin"
854935,2026-05-08 07:23:16,2026-05-09 05:23:16,2026-05-13 12:19:25,false,,,,111252,155778,QX-A 7165,ZZH5T82T0RN289191,Skoda,Fabia,PJ,2026-01-17,13963,,3,Laura,Reuter,Amselweg 22,10247,Berlin,laura_reuter@example.de,0174 3661415,511795,40,❌ Auftrag storniert,Vorgangsstatus,40|245|609,1,459005,,false,2,59,service,Räder und Reifen,,,,storniert,"Skoda Fabia, QX-A 7165, km 13963
Kunde berichtet: Reifen vorne abgefahren, Angebot erstellen.
Kunde meldet Vibration ab 120 km/h.
Bitte Rechnung an die Firma. Leihwagen ja.
~~~~~~~~~~~~~
15.05.26 11:23 L. Ziegler: KD inforimert, Termin steht
17.05.26 12:23 Karosserie: Ersatzteil eingetroffen, Termin vereinbaren
24.05.26 16:23 L. Ziegler: Nachtrag: Kunde bittet um Verschiebung"
826694,2026-04-17 11:25:19,2026-04-23 08:25:04,,true,,2026-04-22 14:25:04,,101769,147153,ZQM-F 1580,ZZB5P2VU3TV337256,BMW,X3,G01,2016-06-21,202569,,2,Markus,Brandt,Distelweg 108,95444,Bayreuth,markus.brandt79@example.org,0171 5003668,854654,495,👽⚡🛒Teil im Rückstand Fzg. teilrepariert beim Kunden,Vorgangsstatus,495|956|406,1,222939,109,false,2,100,damage,Vandalismus,Außenspiegel links|Heckklappe|Schweller rechts,leicht,teilkasko,laufend,"Bei der Annahme festgestellt: Vandalismus, Kunde hat Anzeige aufgenommen. Schrammen an Außenspiegel links, handtellergroß.
Weiterer Schaden Heckklappe, feine Kratzspuren.
Schweller rechts ebenfalls: Kratzer, Lack nicht durch.
Kunde fragt nach Reparaturdauer. Kunde wartet vor Ort.
TK vorhanden, SB 150 EUR.
Versicherung: Kiesbach Assekuranz, Schadennr. 78993894.
~~~~~~~~~~~~~
18.04.26 11:25 Teiledienst: KD informiert, Termin steht"
894099,2026-04-18 11:51:11,2026-05-09 11:27:40,,true,,2026-05-08 12:27:40,,113924,137934,QQR-P 59,ZZJHVFDY3YD841127,Audi,A6 Avant,4K,2017-08-21,151185,Nordlicht Elektrotechnik GmbH & Co. KG,3,Sandra,Winkler,Weissdornweg 20,52062,Aachen,sandra.winkler26@example.net,0155 8003966,758273,37,🔜Neuer Folgetermin,Vorgangsstatus,37|184|108,0,,,false,4,239,service,HU/AU,,,,laufend,"Audi A6 Avant, QQR-P 59, km 151185
Fzg. vorgefahren, HU überfällig seit letztem Monat.
Fzg. bleibt über Nacht da."
833248,2026-03-01 15:58:51,2026-03-18 02:03:20,,true,2026-03-16 13:03:20,2026-03-15 07:34:25,2026-03-16 10:34:25,111093,144865,QQS-EU 40,ZZDK3YFY9YY259985,Seat,Arona,KJ7,2026-08-28,7622,Blauberg Fuhrpark e.K.,2,Laura,Martens,Buchenallee 133,20359,Hamburg,,+49 177 4532343,662425,38,👍 🔜Fertig zur Abholung mit Folgetermin,Vorgangsstatus,38|235|1172,1,869484,,false,3,104,service,Räder und Reifen,,,,fertig,"Kunde meldet: Reifen vorne abgefahren, Angebot erstellen.
Bitte Softwarestand prüfen, Rückruf offen.
Bitte Rechnung an die Firma. Kunde wartet vor Ort.
Termin nach Teileeingang.
~~~~~~~~~~~~~
02.03.26 16:58 SB: KV an Kunde verschickt"
823116,2026-01-21 11:22:27,2026-02-15 22:17:52,,false,2026-02-15 14:17:52,2026-02-08 15:55:37,2026-02-12 22:55:37,109412,156399,QQK-KV 24,ZZB952SE0YD893008,Mercedes,A-Klasse,W177,2019-12-20,124321,,3,Maria,Vogt,Feldblumenweg 51,33098,Paderborn,maria.vogt89@example.com,0159/4367264,270106,1422,Fahrzeug abgeholt (/kommt nochmal),Vorgangsstatus,1422|937|1586|1598|996,1,367612,113,false,2,165,damage,Parkschaden,Tür hinten rechts,mittel,gesteuert,abgeschlossen,"Fzg. vorgefahren, Parkschaden, Kunde hat Fotos gemacht. Schaden an Tür hinten rechts, Riss im Lack, über zwei Bauteile.
KVA erwünscht, bitte per Mail. Leihwagen nein, Kunde wartet.
Auftrag über Schadensteuerer, techn. Freigabe offen.
Beilackierung notwendig.
Versicherung: Seeblick Kasko, Schadennr. 30937730."
860577,2026-01-16 11:46:56,2026-01-17 21:46:56,,true,,,,108184,148480,QQW-DR 1821,ZZALXRVD6VY695330,VW,Tiguan,5N,2014-07-07,229923,Weidenhof Elektrotechnik GmbH & Co. KG,1,Fabian,Albrecht,Feldblumenweg 61,45127,Essen,falbrecht@example.de,0152 7938103,853605,28,❓Termin unsicher,Vorgangsstatus,28|236,2,072319|780747,,false,2,107,service,Inspektion,,,,neu,"VW Tiguan, QQW-DR 1821, km 229923
Kunde bringt Fzg., Inspektion fällig, Kunde wünscht Kostenrahmen vorab.
Zusätzlich Klappern vorne rechts bei Bodenwellen.
Kunde fragt nach Ersatzwagen. Leihwagen ja.
Ersatzteil im Rückstand, Kunde informiert."
872526,2026-01-18 10:46:53,2026-02-08 02:00:22,,true,,2026-02-07 12:00:22,,110242,154949,ZQC-S 4968,ZZBD63TK8W8499361,Mercedes,GLC,X254,2021-09-16,76528,Nordlicht Logistik OHG,,Elke,Sommer,Weissdornweg 48,28203,Bremen,elke.sommer89@example.org,+49 (0)175 6702730,153233,37,🔜Neuer Folgetermin,Vorgangsstatus,37|948|438,1,224904,128,true,0,0,damage,Rangierschaden,Stoßstange vorne,mittel,vollkasko,laufend,"Kunde meldet: Rangierschaden beim Rückwärtsfahren, Kamera verschmutzt. Lack abgeplatzt an Stoßstange vorne, ca. 40 cm.
Kunde möchte Fzg. bis Monatsende zurück. Leihwagen nein, Kunde wartet.
Vollkasko, Rückstufung mit Kunde besprochen.
Nach Zerlegung nachkalkulieren.
~~~~~~~~~~~~~
25.01.26 15:46 SB: Kalkulation fertig, an Prüfer"
876742,2026-01-16 10:32:07,2026-01-17 08:32:07,,true,,,,106894,132749,ZQA-G 590,ZZHYKMNY1VT837981,BMW,3er Touring,G21,2012-10-01,101427,,,Florian,Riedel,Sonnenblumenweg 54,04109,Leipzig,friedel@example.net,+49 177 4430637,320139,530,🚀Auftrag erteilt/Teile vorbestellt/Termin wenn Teile da,Vorgangsstatus,530|1562,1,866411,121,true,1,64,damage,Wildunfall,Motorhaube,schwer,teilkasko,neu,"BMW 3er Touring, ZQA-G 590, km 101427
Fzg. vorgefahren, Wildunfall, Tier ist weggelaufen. Motorhaube: großflächig deformiert, handtellergroß.
KVA erwünscht, bitte per Mail. Leihwagen ja.
Teilkasko läuft, SB laut Police 300 EUR.
Nach Zerlegung nachkalkulieren.
Versicherung: Blauberg Allgemeine, Schadennr. 73988685.
~~~~~~~~~~~~~
18.01.26 12:32 S. Lang: KV an Kunde verschickt"
853139,2026-04-14 11:05:22,2026-04-16 02:05:22,,true,,,,106136,134950,QQV-WZ 4244,ZZD87HK0XTP667845,Audi,A3 Sportback,8Y,2023-11-24,68366,,2,Nadine,Scholz,Feldblumenweg 13,34117,Kassel,nadine.scholz@example.de,0175 2536389,042380,88,🙂Vorgang angelegt,Vorgangsstatus,88|918|1566|496,1,702804,,false,3,140,service,Inspektion,,,,neu,"Kunde bringt Fzg., Inspektion fällig, Kunde wünscht Kostenrahmen vorab.
Kunde meldet Geräusch beim Lenken.
Termin steht, Dauer ca. 2 Tage."
883952,2026-01-11 07:36:12,2026-01-11 07:36:12,,true,,,,104818,154541,QQS-W 53,ZZBD028W0XL896486,Ford,Fiesta,JHH,2024-07-07,23329,Steinfurt Bau e.K.,,Tobias,Herrmann,Nelkenstrasse 37,48143,Muenster,tobias.herrmann@example.net,+49 162 8269562,277186,436,👋 Termin bitte vereinbaren /Teile/Freigabe/etc. eingetroffen,Vorgangsstatus,436|957|1586|1596,1,713933,101,false,2,160,damage,Auffahrunfall,Kotflügel hinten rechts,schwer,haftpflicht_gegner,neu,"Ford Fiesta, QQS-W 53
Kunde berichtet: Auffahrunfall, Polizei war vor Ort. Kotflügel hinten rechts ca. 15 cm Bauteil durchgebrochen.
Kunde fragt nach Smart Repair. Leihwagen ja.
Gegnerische Haftpflicht reguliert, Haftung anerkannt.
Kunde bekommt Zwischeninfo.
~~~~~~~~~~~~~
17.01.26 10:36 Lack: Teile bestellt, Nachricht an Dispo
23.01.26 10:36 L. Jung: Fzg. in Halle, Zerlegung begonnen
24.01.26 12:36 L. Jung: Kunde meldet sich wegen Termin"
854832,2026-06-15 13:46:59,2026-06-17 12:07:20,,true,,2026-06-17 10:07:20,,111175,156433,QQB-YC 6505,ZZHV16LBXRU529269,BMW,X3,G01,2015-06-09,232632,,,Ingrid,Horn,Malvenweg 76,45127,Essen,ingrid.horn21@example.de,+49 151 5061474,679913,25,👇🚚 Holservice,Vorgangsstatus,25|918,1,443907,,false,2,136,service,Inspektion,,,,laufend,"Anruf Kunde: Inspektion nach Herstellervorgabe.
Bitte Softwarestand prüfen, Rückruf offen.
Kunde fragt nach Ersatzwagen.
Kunde bekommt Zwischeninfo."
885284,2026-08-10 14:47:03,2026-08-22 13:58:13,,true,,2026-08-21 17:58:13,,114342,145277,QQK-U 146,ZZA9TSVU3W6860339,BMW,X1,U11,2017-04-15,172393,,1,Birgit,Berger,Ahornweg 119,41061,Moenchengladbach,bberger@example.org,0179 6680955,331990,435,🕋🤔Antwort Versicherer/GA/Leasing/Kunde fehlt,Vorgangsstatus,435|936|1087|1595|1001|109,0,,,false,2,21,damage,Rangierschaden,Stoßstange hinten rechts,leicht,gesteuert,laufend,"Anruf Kunde: Rangierschaden, Poller übersehen. Stoßstange hinten rechts feine Kratzspuren, handtellergroß.
Fzg. bleibt über Nacht da.
Auftrag über Schadensteuerer, techn. Freigabe offen.
Bitte Lackabgleich, Farbton prüfen.
Versicherung: Blauberg Allgemeine, Schadennr. 68955991.
~~~~~~~~~~~~~
18.08.26 19:47 Annahme: Freigabe Versicherung eingetroffen
22.08.26 23:47 Lack: Nachtrag: Kunde bittet um Verschiebung"
834742,2026-04-09 07:50:12,2026-04-25 22:43:46,,true,2026-04-25 09:43:46,2026-04-17 16:47:17,2026-04-22 18:47:17,112324,148893,QZ-WW 2,ZZHBPPPH5W0053604,BMW,2er Active Tourer,U06,2026-01-18,5962,,,Daniel,Vogt,Am Muehlbach 17,13407,Berlin,daniel.vogt35@example.net,0177 7966917,870967,12,👍 Fertig zur Abholung,Vorgangsstatus,12|958|1585|861,1,565227,121,false,2,101,damage,Hagelschaden,Dach|Motorhaube|Heckklappe,mittel,teilkasko,fertig,"BMW 2er Active Tourer, QZ-WW 2
Lt. Kunde: Hagelschaden, Fzg. stand im Freien. Hagel: Dach betroffen, Lack laut Sichtprüfung intakt.
Hagel: Motorhaube betroffen, Lack laut Sichtprüfung intakt.
Hagelschlag flächig, Heckklappe mit zahlreichen Dellen.
Kunde bittet um Terminvorschlag. Leihwagen ja, Hol- und Bringservice ja.
Teilkasko, SB 150 EUR, KVA an Vers.
Kunde bekommt Zwischeninfo.
Versicherung: Blauberg Allgemeine, Schadennr. 06222246."
821324,2026-08-05 09:14:39,2026-08-11 20:34:13,,true,,2026-08-10 17:34:13,,109775,159866,QQZ-F 21,ZZG3AD3C2TD056189,BMW,3er Touring,G21,2021-06-11,65540,,3,Manuela,Lorenz,Ahornweg 112,06108,Halle (Saale),manuela_lorenz@example.net,0174/7101915,651515,106,😊📲Kunde erreicht DSA/Bilder angefordert,Vorgangsstatus,106|993|437,1,495919,113,false,2,63,damage,Steinschlag,Windschutzscheibe,leicht,teilkasko,laufend,"BMW 3er Touring, QQZ-F 21, km 65540
KD meldet telefonisch: Steinschlag, Riss wird laut Kunde größer. Windschutzscheibe Steinschlag am Rand, Reparatur laut Prüfung möglich.
Kunde will erst nach Preis entscheiden.
Teilkasko, SB 150 EUR, KVA an Vers.
Termin steht, Dauer ca. 2 Tage.
~~~~~~~~~~~~~
13.08.26 10:14 J. Pohl: Freigabe Versicherung eingetroffen"
885250,2026-02-12 10:18:10,2026-03-09 06:03:39,,false,2026-03-08 13:03:39,2026-03-02 08:41:03,2026-03-05 16:41:03,122351,130772,QQV-E 26,ZZF18F549SH771583,VW,Tiguan,5N,2026-01-07,5252,,,Petra,Fiedler,Veilchenweg 53,40213,Duesseldorf,pfiedler@example.org,+49 159 3475240,276153,36,🏁🔜Abgeholt/Ausgeliefert - Folgetermin offen,Vorgangsstatus,36|1563|1170,1,694544,,true,4,142,damage,Parkschaden,Motorhaube|Schweller links,mittel,selbstzahler,abgeschlossen,"VW Tiguan, QQV-E 26
Fzg. vorgefahren, Parkschaden vom Wochenende. Halterung gebrochen an Motorhaube, ca. 40 cm.
Schweller links ebenfalls: Delle mit Lackschaden.
Kunde möchte Fzg. bis Monatsende zurück. Leihwagen nein, Kunde wartet.
Ohne Versicherung, Kunde entscheidet nach Preis.
Fzg. steht auf dem Hof."
873576,2026-03-09 08:01:08,2026-03-26 17:35:23,,true,2026-03-25 14:35:23,2026-03-23 16:36:59,2026-03-23 21:36:59,103035,135188,ZQB-SN 5130,ZZHBET765YW287545,Mercedes,Vito,W447,2024-01-06,23842,,2,Maria,Horn,Am Alten Sportplatz 107,12587,Berlin,mhorn@example.net,+49 (0)162 7782710,459017,39,📞🔜✔️Abholbereit Folgetermin vereinbaren,Vorgangsstatus,39|393,1,799646,,false,1,86,service,Ölwechsel,,,,fertig,"Anruf Kunde: Ölservice laut Serviceintervall, Öl 5W30.
Batterie schwach, Startprobleme morgens.
Kunde holt am Abend ab.
Fzg. steht auf dem Hof.
~~~~~~~~~~~~~
16.03.26 11:01 Karosserie: Nachtrag: Kunde bittet um Verschiebung"
838936,2026-01-26 16:18:18,2026-02-24 10:31:55,,false,2026-02-22 08:51:57,2026-02-18 14:31:55,2026-02-22 22:31:55,111191,143591,QY-C 5975,ZZEB1Z202VE849854,Audi,Q2,GA,2015-08-06,262490,,3,Dirk,Reuter,Birkenweg 130,33098,Paderborn,dirk_reuter@example.com,0155 1955538,143481,36,🏁🔜Abgeholt/Ausgeliefert - Folgetermin offen,Vorgangsstatus,36|239,2,961833|534394,,false,1,46,service,HU/AU,,,,abgeschlossen,"Fzg. vorgefahren, HU/AU fällig, bitte mit Vorabcheck.
Leihwagen ja.
Termin nach Teileeingang."
857624,2026-06-21 13:19:29,2026-07-02 13:20:40,,true,,2026-07-02 07:20:40,,113854,146870,QQZ-A 87,ZZGVYEN58R4650996,Seat,Ibiza,KJ1,2020-06-05,50295,Nordlicht Fuhrpark GmbH & Co. KG,2,Hannah,Zimmer,Haselnussweg 56,71032,Boeblingen,hannah.zimmer@example.org,0171 7068852,847482,89,😪☎Kunde nicht erreicht,Vorgangsstatus,89|242|610,0,,,false,2,117,service,HU/AU,,,,laufend,"Bei der Annahme festgestellt: HU/AU fällig, bitte mit Vorabcheck.
Klimaanlage kühlt schlecht, bitte prüfen.
Kunde wünscht Kostenrahmen vorab. Hol- und Bringservice gewünscht.
Teile bestellt, Liefertermin offen.
~~~~~~~~~~~~~
22.06.26 17:19 L. Reuter: Endkontrolle offen"
887137,2026-08-08 10:50:18,2026-08-23 19:54:06,,true,,2026-08-22 12:54:06,,124705,144810,QQH-U 175,ZZA7X6FU7X6677741,BMW,5er Limousine,G30,2014-02-21,133906,,2,Simone,Lehmann,Akazienweg 133,20359,Hamburg,simone.lehmann55@example.com,0173/0811517,700947,25,👇🚚 Holservice,Vorgangsstatus,25|397|997|51,2,414323|345332,,false,1,53,service,Ölwechsel,,,,laufend,"Kunde bringt Fzg., Ölservice fällig, Anzeige im Display.
Kunde fragt nach Ersatzwagen. Fzg. bleibt über Nacht da.
Fzg. steht auf dem Hof."
878080,2026-04-12 07:08:45,2026-05-08 04:05:32,,true,,2026-05-07 09:05:32,,119430,148030,XQS-PR 814,ZZB14F9U4SY490024,VW,Golf,5H,2018-09-02,165578,,,Dirk,Zimmer,Am Muehlbach 127,13407,Berlin,,0178 2540186,842891,91,🦊☎Haftung unklar Wiedervorlage,Vorgangsstatus,91|245|1131,1,634896,,false,3,141,service,Räder und Reifen,,,,laufend,"VW Golf, XQS-PR 814
Anruf Kunde: Neue Reifen hinten, Kostenangebot Reifen erwünscht.
Fzg. bleibt über Nacht da.
Kunde ist informiert, meldet sich.
~~~~~~~~~~~~~
18.04.26 10:08 J. Gross: Rückruf nicht erreicht, Mailbox"
879854,2026-03-13 08:40:20,2026-03-20 16:06:16,,false,2026-03-19 15:06:16,2026-03-14 16:10:54,2026-03-18 23:10:54,121261,153116,XQE-Z 66,ZZE3FNYJ6TZ621361,Mercedes,A-Klasse,W177,2020-06-24,54723,,,Diana,Otto,Weissdornweg 100,48143,Muenster,diana_otto@example.net,0162 4087817,032795,14,🚛✅ Ausgeliefert,Vorgangsstatus,14|953|1085|406|997,0,,,false,1,66,damage,Parkschaden,Motorhaube,leicht,vollkasko,abgeschlossen,"Kunde meldet: Parkschaden, kein Zettel hinterlassen. Lackabrieb an Motorhaube, handtellergroß.
Kunde will erst nach Preis entscheiden. Leihwagen ja.
VK mit SB 500 EUR, Freigabe abwarten.
Ersatzteil nur komplett lieferbar, Austausch statt Instandsetzung.
~~~~~~~~~~~~~
18.03.26 13:40 A. Stein: Rechnung geschrieben"
865107,2026-03-26 15:45:03,2026-04-17 20:56:23,,true,2026-04-17 15:56:23,2026-04-09 16:49:01,2026-04-14 19:49:01,101999,152403,XQB-PG 11,ZZBX6TD58RT695517,Skoda,Fabia,PJ,2022-12-25,62183,,2,Marco,Engel,Salbeiweg 11,34117,Kassel,marco.engel29@example.de,+49 177 2640954,460736,39,📞🔜✔️Abholbereit Folgetermin vereinbaren,Vorgangsstatus,39|236|1013,0,,,false,1,32,service,HU/AU,,,,fertig,"Anruf Kunde: HU/AU fällig, bitte mit Vorabcheck.
Scheibenwischer schmieren, bitte erneuern.
Bitte anrufen wenn mehr anfällt als besprochen.
Kunde bekommt Zwischeninfo.
~~~~~~~~~~~~~
01.04.26 15:45 H. Martens: Ersatzteil eingetroffen, Termin vereinbaren"
822311,2026-04-09 07:25:15,2026-04-20 01:19:46,,true,,2026-04-18 17:19:46,,119174,130782,ZQC-FL 691,ZZDXFCPAXWU788710,Seat,Leon,KL1,2022-09-01,78909,,1,Maria,Kliemann,Zypressenweg 98,63065,Offenbach am Main,mkliemann@example.org,+49 (0)159 7427316,561853,1164,FZG in Fremdwerkstatt,Vorgangsstatus,1164|238,1,599107,,false,1,95,service,Bremsen,,,,laufend,"Bremsen: Bremsscheiben hinten riefig, Kunde meldet Rubbeln.
Kunde meldet Geräusch beim Lenken.
Kunde holt am Abend ab.
Bitte Wiedervorlage in einer Woche."
890318,2026-01-09 07:25:53,2026-01-19 11:49:27,,true,,2026-01-19 09:49:27,,109626,159880,XQ-TK 8105,ZZCR1YURXRP492009,Seat,Ateca,KH7,2016-11-16,141138,Nordlicht Elektrotechnik GmbH & Co. KG,,Klaus,Horn,Zypressenweg 25,30169,Hannover,khorn@example.de,0163/5014470,812630,26,👆🚚 Bringservice,Vorgangsstatus,26|953|1084,3,639927|967843|895909,121,false,2,69,damage,Wildunfall,Kotflügel vorne links|Stoßstange vorne rechts,leicht,vollkasko,laufend,"Seat Ateca, XQ-TK 8105
Anruf Kunde: Wildunfall, Bescheinigung vom Jagdpächter kommt nach. Kotflügel vorne links handtellergroß feine Kratzspuren.
Auch Stoßstange vorne rechts beschädigt (kleine Delle).
Kunde fragt nach Reparaturdauer. Leihwagen nein, Kunde wartet.
Vollkasko, Rückstufung mit Kunde besprochen.
Teile bestellt, Liefertermin offen.
~~~~~~~~~~~~~
14.01.26 08:25 Servicebüro: Fzg. in Halle, Zerlegung begonnen
18.01.26 12:25 Annahme: Rückruf nicht erreicht, Mailbox
23.01.26 13:25 Karosserie: KV an Kunde verschickt"
838581,2026-01-26 15:19:59,2026-02-28 01:51:36,,false,2026-02-27 09:51:36,2026-02-20 16:26:54,2026-02-25 17:26:54,116822,143960,QX-Z 4463,ZZB52SPU6VN632317,Seat,Ibiza,KJ1,2019-02-04,136691,Sonnenhang Sanitaer OHG,,Georg,Herrmann,Kastanienallee 101,68159,Mannheim,georg.herrmann@example.net,+49 179 5458472,893204,9,🏁 Abgeholt,Vorgangsstatus,9|993|1512|532|45,1,057836,,false,2,82,damage,Rangierschaden,Tür hinten links,mittel,selbstzahler,abgeschlossen,"Seat Ibiza, QX-Z 4463, km 136691
Anruf Kunde: Rangierschaden, Fahrer meldet Kontakt mit Mauer. Halterung gebrochen an Tür hinten links, ca. 5 cm.
Kunde bittet um Rückruf bis Freitag. Leihwagen ja.
Ohne Versicherung, Kunde entscheidet nach Preis.
Ersatzteil im Rückstand, Kunde informiert.
~~~~~~~~~~~~~
28.01.26 16:19 E. Ziegler: Ersatzteil eingetroffen, Termin vereinbaren"
830264,2026-06-07 13:54:40,2026-06-08 19:54:40,,true,,,,112612,152457,ZQR-S 132,ZZGAR55U7V5307524,Opel,Grandland,A18,2018-02-21,189390,,3,Sven,Winkler,Wacholderweg 2,44137,Dortmund,sven.winkler@example.org,0159 9870817,853730,436,👋 Termin bitte vereinbaren /Teile/Freigabe/etc. eingetroffen,Vorgangsstatus,436|235|1001|498,1,434436,,false,2,120,service,Bremsen,,,,neu,"Kunde bringt Fzg., Bremsbeläge vorne unter Mindeststärke.
Bitte Softwarestand prüfen, Rückruf offen.
Bitte anrufen wenn mehr anfällt als besprochen. Abholung durch Kunde am Nachmittag.
Teile bestellt, Liefertermin offen.
~~~~~~~~~~~~~
08.06.26 14:54 Teiledienst: Leihwagen reserviert
10.06.26 17:54 Karosserie: KD informiert, Termin steht"
851573,2026-05-29 17:33:03,2026-06-12 05:24:41,,false,2026-06-10 13:22:16,2026-06-07 17:24:41,2026-06-10 18:24:41,126030,139717,QQB-K 6885,ZZFRNK4XXY0831362,VW,Polo,AW,2020-11-25,82204,,1,Claudia,Ritter,Distelweg 22,01067,Dresden,critter@example.org,0163 9423392,211192,9,🏁 Abgeholt,Vorgangsstatus,9|948|1576,1,881176,,false,3,119,damage,Parkschaden,Stoßstange vorne,mittel,selbstzahler,abgeschlossen,"VW Polo, QQB-K 6885
Kunde bringt Fzg., Parkschaden, Kunde hat Fotos gemacht. Stoßstange vorne auf ganzer Länge Beule.
Kunde bittet um Terminvorschlag.
Ohne Versicherung, Kunde entscheidet nach Preis.
Termin nach Teileeingang."
857630,2026-01-05 11:39:29,2026-01-07 02:39:29,2026-01-10 10:33:44,false,,,,121750,155435,QQM-A 5326,ZZHRXFV87SH263743,Mercedes,Vito,W447,2014-01-10,91257,,2,Nicole,Maurer,Ahornweg 70,45127,Essen,nicole.maurer20@example.com,0173 3747551,818865,15,🚧Wurde Totalschaden,Vorgangsstatus,15|239,1,392365,,false,1,2,service,Ölwechsel,,,,storniert,"Kunde berichtet: Ölwechsel, Longlife zurücksetzen.
Scheibenwischer schmieren, bitte erneuern.
Kunde bittet um Kostenvoranschlag.
Teile bestellt, Liefertermin offen.
~~~~~~~~~~~~~
08.01.26 13:39 D. Baumann: Rechnung geschrieben
16.01.26 14:39 Servicebüro: Leihwagen reserviert
18.01.26 16:39 D. Baumann: KD informiert, Termin steht"
862646,2026-04-05 15:32:02,2026-05-01 00:32:17,,true,,2026-04-30 17:32:17,,103997,138276,QQD-HV 94,ZZHNCY2D6SP702413,Opel,Vivaro,K0,2025-06-20,10957,,,Fabian,Busch,Fliederweg 65,44137,Dortmund,fabian.busch@example.net,0171 8633995,724315,92,😀↪🕧Kunde erreicht Meldet sich,Vorgangsstatus,92|236|1173,1,391517,,false,0,0,service,Räder und Reifen,,,,laufend,"Räder und Reifen: Neue Reifen hinten, Kostenangebot Reifen erwünscht.
Kunde holt am Abend ab. Kunde wartet vor Ort.
~~~~~~~~~~~~~
08.04.26 15:32 C. Lang: KD informiert, Termin steht
09.04.26 17:32 C. Lang: Endkontrolle offen
14.04.26 18:32 Karosserie: Leihwagen reserviert"
864355,2026-02-03 14:05:36,2026-02-04 10:05:36,,true,,,,127300,142042,QY-BY 654,ZZDR37XRXY1877339,VW,Polo,AW,2022-09-21,75043,,3,Simone,Riedel,Rosmarinweg 120,28203,Bremen,simone_riedel@example.org,+49 (0)170 3423320,785366,1480,Hagel Termin vereinbaren !,Vorgangsstatus,1480|184,3,298582|669934|839386,,false,2,93,service,Bremsen,,,,neu,"Lt. Kunde: Bremsflüssigkeit fällig, Beläge messen.
Kunde meldet Geräusch beim Lenken.
Kunde wartet, bitte zügig. Fzg. bleibt über Nacht da.
Bitte Wiedervorlage in einer Woche.
~~~~~~~~~~~~~
05.02.26 15:05 Servicebüro: Nachtrag: Kunde bittet um Verschiebung"
892061,2026-01-18 10:57:16,2026-02-10 20:18:25,,true,,2026-02-09 15:18:25,,125068,158666,ZQC-N 677,ZZG1WUCW7VW727107,Mercedes,GLC,X254,2020-05-19,107150,,2,Tobias,Berger,Eichenweg 78,45127,Essen,,0177/3493526,334956,37,🔜Neuer Folgetermin,Vorgangsstatus,37|180|51,1,165380,,false,3,169,service,Ölwechsel,,,,laufend,"Anruf Kunde: Ölservice fällig, Anzeige im Display.
Scheibenwischer schmieren, bitte erneuern.
Kunde ist informiert, meldet sich.
~~~~~~~~~~~~~
19.01.26 12:57 K. Kuhn: Kunde meldet sich wegen Termin
24.01.26 16:57 Karosserie: Freigabe Versicherung eingetroffen
25.01.26 20:57 K. Kuhn: Rechnung geschrieben"
884222,2026-02-21 17:10:15,2026-02-22 08:10:15,,true,,,,113830,143501,QQR-RY 28,ZZB5X1SZ5R3143374,Audi,Q3,F3,2012-11-13,140570,Steinfurt Montage OHG,,Georg,Hartmann,Erlenkamp 25,76133,Karlsruhe,ghartmann@example.net,+49 160 4958329,583109,534,📲🔰DSA/Bilder/GA/Infos erhalten bitte Kalkulieren,Vorgangsstatus,534|947|501,1,898935,121,false,2,85,damage,Hagelschaden,Motorhaube|Heckklappe,leicht,teilkasko,neu,"Kunde berichtet: Hagelschaden, Kunde meldet Unwetterschaden. Hagel: Motorhaube betroffen, Lack laut Sichtprüfung intakt.
Heckklappe übersät mit Dellen, Zählung Dellenkarte offen.
Kunde bittt um Rückruf bis Freitag. Fzg. bleibt über Nacht da.
Teilkasko läuft, SB laut Police 300 EUR.
Bitte Wiedervorlage in einer Woche.
~~~~~~~~~~~~~
01.03.26 19:10 L. Albrecht: Freigabe Versicherung eingetroffen"
873129,2026-07-20 15:36:26,2026-07-21 15:36:26,,true,,,,109816,134494,ZQC-YL 157,ZZC0BXLJ4TD046149,Skoda,Fabia,PJ,2020-06-15,131251,,1,Ingrid,Otto,Veilchenweg 47,48143,Muenster,,0176 5107619,603803,436,👋 Termin bitte vereinbaren /Teile/Freigabe/etc. eingetroffen,Vorgangsstatus,436|391|1001|110,1,661421,,false,1,81,service,Ölwechsel,,,,neu,"Ölwechsel: Ölservice laut Serviceintervall, Öl 5W30.
Bitte Softwarestand prüfen, Rückruf offen.
Bitte Rechnung an die Firma. Abholung durch Kunde am Nachmittag."
821277,2026-06-24 08:40:07,2026-07-19 01:57:48,,true,2026-07-17 17:57:48,2026-07-16 10:18:47,2026-07-17 11:18:47,106624,147472,QQ-HR 27,ZZE7KSDE8XY172944,BMW,X3,G01,2012-06-17,327400,,1,Petra,Riedel,Amselweg 98,40213,Duesseldorf,priedel@example.org,0159/7353236,394929,12,👍 Fertig zur Abholung,Vorgangsstatus,12|918|610,0,,,false,2,67,service,Bremsen,,,,fertig,"Kunde kommt ohne Termin, Bremsen quietschen, bitte prüfen.
Scheibenwischer schmieren, bitte erneuern.
Leihwagen ja.
~~~~~~~~~~~~~
27.06.26 11:40 Lack: Leihwagen reserviert
03.07.26 11:40 S. Beck: Nachtrag: Kunde bittet um Verschiebung"
860108,2026-03-31 11:31:21,2026-04-08 01:05:16,,false,2026-04-06 07:09:10,2026-04-02 07:05:16,2026-04-06 14:05:16,115688,152328,QZ-KX 1278,ZZF1D2M76S2222538,VW,Tiguan,5N,2016-11-21,210279,Talblick Handel AG,,,,Quittenweg 128,60313,Frankfurt am Main,kontakt.jung@example.de,+49 (0)151 8475375,926289,1422,Fahrzeug abgeholt (/kommt nochmal),Vorgangsstatus,1422|391|108,1,234603,,false,2,116,service,Räder und Reifen,,,,abgeschlossen,"VW Tiguan, QZ-KX 1278
Räder und Reifen: Räderwechsel mit Wuchten, Reifendruck prüfen.
Rückruf erwünscht bevor zusätzliche Arbeiten.
Bitte Wiedervorlage in einer Woche.
~~~~~~~~~~~~~
04.04.26 15:31 Lack: KV an Kunde verschickt
09.04.26 16:31 Servicebüro: Rechnung geschrieben
11.04.26 19:31 Karosserie: Teile bestellt, Nachricht an Dispo"
879442,2026-02-02 11:02:25,2026-02-21 16:05:46,,true,,2026-02-20 13:05:46,,118041,154516,XQE-D 302,ZZHYUUDM4X1709208,Ford,Kuga,CX482,2024-02-15,25233,,2,Sven,Busch,Veilchenweg 56,01067,Dresden,,0176/4703142,949107,25,👇🚚 Holservice,Vorgangsstatus,25|952,1,882612,117,false,1,14,damage,Vandalismus,Kotflügel hinten links|Fahrertür,leicht,vollkasko,laufend,"Ford Kuga, XQE-D 302
Lt. Kunde: Vandalismus, Verursacher unbekannt. An Kotflügel hinten links Kratzer im Klarlack (ca. 10 cm).
Auch Fahrertür beschädigt (Druckstelle).
Leihwagen ja.
VK, SB 300 EUR, Vers. informiert.
Kunde ist informiert, meldet sich.
~~~~~~~~~~~~~
04.02.26 11:02 B. Vogt: Fzg. in Halle, Zerlegung begonnen
11.02.26 15:02 B. Vogt: Rechnung geschrieben"
893153,2026-05-21 07:19:06,2026-06-16 02:57:25,,true,2026-06-15 17:57:25,2026-06-11 15:21:56,2026-06-13 18:21:56,124594,136710,XQA-R 341,ZZES1F6E3YA875539,BMW,1er,F40,2023-01-02,75055,,3,Michael,Otto,Veilchenweg 131,13407,Berlin,motto@example.org,0175 4087877,273309,1153,👆🚚 Bringservice mit Folgetermin,Vorgangsstatus,1153|240|648|108,1,712140,,false,1,67,service,Räder und Reifen,,,,fertig,"Bei der Annahme festgestellt: Räderwechsel mit Wuchten, Reifendruck prüfen.
Zusätzlich Klappern vorne rechts bei Bodenwellen.
Kunde bittet um Kostenvoranschlag.
~~~~~~~~~~~~~
22.05.26 12:19 Annahme: Rechnung geschrieben
28.05.26 15:19 TS: Fzg. gewaschen, abholbereit"
840566,2026-03-04 12:50:46,2026-03-14 10:42:36,,false,2026-03-13 17:42:36,2026-03-06 07:24:43,2026-03-11 08:24:43,126722,144325,XQ-ZG 76,ZZAZMZZK2ST674012,Mercedes,B-Klasse,W247,2026-06-18,8177,,1,Fabian,Graf,Kiefernweg 33,28203,Bremen,fabian_graf@example.com,0170 2994675,914333,1422,Fahrzeug abgeholt (/kommt nochmal),Vorgangsstatus,1422|946|1571|1607|609|51,1,577092,117,false,0,0,damage,Rangierschaden,Stoßstange vorne rechts,mittel,haftpflicht_gegner,abgeschlossen,"Kunde bringt Fzg., Rangierschaden an der Laderampe. Stoßstange vorne rechts ca. 25 cm Halterung gebrochen.
Kunde bittet um Rückruf bis Freitag.
Haftpflicht Gegner, Gutachter beauftragt.
~~~~~~~~~~~~~
05.03.26 15:50 S. Lang: Freigabe Versicherung eingetroffen
10.03.26 15:50 S. Lang: Kalkulation fertig, an Prüfer"
859828,2026-06-25 15:22:58,2026-07-18 19:19:05,,false,2026-07-17 11:19:05,2026-07-13 09:56:03,2026-07-15 11:56:03,117785,148319,QQA-NX 857,ZZDXF7PG0YJ445548,Skoda,Scala,NW1,2022-05-02,70295,,2,Frank,Hahn,Pappelallee 24,68159,Mannheim,fhahn@example.de,+49 (0)152 5414356,974696,36,🏁🔜Abgeholt/Ausgeliefert - Folgetermin offen,Vorgangsstatus,36|949|1083|485,1,464698,,false,1,68,damage,Parkschaden,Schweller rechts|Stoßstange hinten links,mittel,selbstzahler,abgeschlossen,"Anruf Kunde: Parkschaden vor dem Supermarkt, niemand gemeldet. Lack abgeplatzt an Schweller rechts, ca. 25 cm.
Auch Stoßstange hinten links beschädigt (Beule).
Kunde will erst nach Preis entscheiden. Fzg. bleibt über Nacht da.
Ohne Versicherung, Kunde entscheidet nach Preis.
Termin steht, Dauer ca. 2 Tage.
~~~~~~~~~~~~~
28.06.26 19:22 Y. Gross: Endkontrolle offen"
858084,2026-03-31 10:13:53,2026-04-15 21:26:38,,true,,2026-04-15 11:26:38,,117826,130645,QQN-EV 460,ZZB9EXV16RB256398,Opel,Corsa,F,2020-04-15,133767,,3,Tobias,Frank,Nelkenstrasse 62,68159,Mannheim,,0152 8188458,912219,37,🔜Neuer Folgetermin,Vorgangsstatus,37|392|1172,0,,,false,1,9,service,Räder und Reifen,,,,laufend,"Räder und Reifen: Räderwechsel Sommer auf Winter, Einlagerung vorhanden.
Kunde meldet Geräusch beim Lenken.
Kunde holt am Abend ab. Leihwagen ja.
Kunde bekommt Zwischeninfo.
~~~~~~~~~~~~~
07.04.26 13:13 Dispo: Rückruf nicht erreicht, Mailbox"
847522,2026-03-29 17:26:47,2026-04-17 01:00:13,,false,2026-04-15 11:00:13,2026-04-09 14:39:13,2026-04-13 20:39:13,105870,148292,ZQR-Y 85,ZZHF4M911S9959084,Opel,Astra Sports Tourer,L,2017-10-01,199717,,,Diana,Ritter,Distelweg 26,06108,Halle (Saale),diana.ritter70@example.net,0159 3416327,366665,9,🏁 Abgeholt,Vorgangsstatus,9|1139|1100|101|1002|110,1,299871,104,false,3,172,damage,Hagelschaden,Dach|Heckklappe|Motorhaube,mittel,teilkasko,abgeschlossen,"Opel Astra Sports Tourer, ZQR-Y 85, km 199717
Fzg. angeliefert, Hagelschaden, Kunde meldet Unwetterschaden. Hagelschlag flächig, Dach mit zahlreichen Dellen.
Heckklappe übersät mit Dellen, Zählung Dellenkarte offen.
Hagelschlag flächig, Motorhaube mit zahlreichen Dellen.
Kunde will erst nach Preis entscheiden. Leihwagen nein, Kunde wartet.
TK deckt Glasschaden, SB 150 EUR.
Kunde ist informiert, meldet sich.
Versicherung: Talblick Versicherung, Schadennr. 87466453.
~~~~~~~~~~~~~
03.04.26 20:26 Dispo: Leihwagen reserviert"
845140,2026-02-01 15:43:13,2026-02-24 16:50:57,,true,,2026-02-23 17:50:57,,110408,154883,QQC-KE 4995,ZZA6WR1M5R6143101,Mercedes,B-Klasse,W247,2021-06-28,43291,Altmuehl Handel e.K.,1,Anja,Jung,Am Alten Sportplatz 92,52062,Aachen,ajung@example.de,+49 176 9523706,356454,26,👆🚚 Bringservice,Vorgangsstatus,26|958|1512,1,191276,117,false,3,141,damage,Wildunfall,Kotflügel vorne links,mittel,teilkasko,laufend,"KD meldet telefonisch: Wildunfall am 24.01. früh morgens. Kotflügel vorne links punktuell, mehrere Stellen Beule.
Bitte KVA vor Reparatur abstimmen. Leihwagen ja.
TK vorhanden, SB 150 EUR.
Beilackierung notwendig.
Versicherung: Weidenhof Sach, Schadennr. 20319864.
~~~~~~~~~~~~~
05.02.26 18:43 Annahme: KD informiert, Termin steht"
858814,2026-03-13 08:19:10,2026-04-01 01:12:26,,false,2026-03-31 10:51:33,2026-03-26 08:12:26,2026-03-31 16:12:26,129142,137108,ZQR-L 1249,ZZC7584W1W1604650,Seat,Leon,KL1,2014-12-10,140399,,,Elke,Ludwig,Kiefernweg 44,44137,Dortmund,eludwig@example.org,+49 152 3616433,594891,36,🏁🔜Abgeholt/Ausgeliefert - Folgetermin offen,Vorgangsstatus,36|926|480|1173,3,480204|752851|858533,,false,3,169,service,Bremsen,,,,abgeschlossen,"Seat Leon, ZQR-L 1249
Kunde berichtet: Bremsen quietschen, bitte prüfen.
Kunde meldet Geräusch beim Lenken.
Bitte anrufen wenn mehr anfällt als besprochen. Leihwagen nein, Kunde wartet.
~~~~~~~~~~~~~
15.03.26 11:19 S. Scholz: Rechnung geschrieben
16.03.26 12:19 S. Scholz: Kunde meldet sich wegen Termin"
858424,2026-03-25 09:10:46,2026-04-24 08:42:59,,false,2026-04-22 17:42:59,2026-04-15 10:41:43,2026-04-19 11:41:43,112101,141713,ZQL-ZW 3639,ZZDGMESS6W6273970,Audi,A1 Sportback,GB,2012-10-06,94189,,,Andreas,Herrmann,Amselweg 20,20359,Hamburg,aherrmann@example.com,+49 155 3314190,098370,41,🛑 Wartet auf Abholung durch Verwerter/Leasing/sonstige,Vorgangsstatus,41|952,1,713359,134,false,2,55,damage,Vandalismus,Stoßstange vorne rechts,leicht,vollkasko,abgeschlossen,"Fzg. angeliefert, Vandalismus über Nacht an der Straße. Schaden an Stoßstange vorne rechts, Druckstelle, auf ganzer Länge.
Kunde fragt nach Smart Repair. Leihwagen ja, Hol- und Bringservice ja.
Vollkasko, Rückstufung mit Kunde besprochen.
Freigabe eingetroffen, Teile bestellt.
~~~~~~~~~~~~~
28.03.26 13:10 T. Fiedler: Rechnung geschrieben"
869331,2026-01-08 15:11:21,2026-01-23 11:55:16,,true,,2026-01-22 17:55:16,,112285,138425,QQE-A 80,ZZAKUFU00S6414034,VW,Polo,AW,2021-10-26,95270,,,Jonas,Moser,Kiefernweg 83,45127,Essen,jonas.moser39@example.com,0179/6146132,653085,495,👽⚡🛒Teil im Rückstand Fzg. teilrepariert beim Kunden,Vorgangsstatus,495|785|156,2,167019|935989,,false,1,60,service,Bremsen,,,,laufend,"VW Polo, QQE-A 80
Kunde bringt Fzg., Bremsen quietschen, bitte prüfen.
Scheibenwischer schmieren, bitte erneuern.
~~~~~~~~~~~~~
12.01.26 17:11 Servicebüro: Freigabe Versicherung eingetroffen"
821300,2026-02-16 14:20:14,2026-03-09 03:17:32,,true,,2026-03-08 12:17:32,,112185,144601,XQS-DR 7552,ZZFML7U99S6131318,Audi,Q2,GA,2012-07-01,333787,,,Anja,Busch,Kastanienallee 24,52062,Aachen,abusch@example.org,0175/0651990,126245,18,☢️ Auftrag steht ☢️,Vorgangsstatus,18|957|1080|597|1170,0,,,false,1,35,damage,Parkschaden,Schweller links|Kotflügel hinten rechts,schwer,vollkasko,laufend,"Audi Q2, XQS-DR 7552, km 333787
Kunde kommt ohne Termin, Parkschaden auf dem Parkplatz. Schaden an Schweller links, Aufnahme abgerissen, handtellergroß.
Auch Kotflügel hinten rechts beschädigt (Blech verzogen).
Hol- und Bringservice gewünscht.
Vollkasko, Rückstufung mit Kunde besprochen.
Fotos liegen im Vorgang.
~~~~~~~~~~~~~
21.02.26 17:20 SB: Rechnung geschrieben"
833710,2026-04-01 13:31:43,2026-04-10 16:06:31,,false,2026-04-10 07:06:31,2026-04-05 17:16:14,2026-04-07 19:16:14,107771,155393,QQA-RK 15,ZZDGX29V0R1930138,Mercedes,A-Klasse,W177,2015-03-04,234671,Altmuehl Sanitaer e.K.,,Markus,Zimmer,Wacholderweg 27,52062,Aachen,mzimmer@example.com,0159/6006304,872663,121,abgerechnet ! Auftrag erledigt abgeschlossen,Vorgangsstatus,121|237|107,1,887948,,false,4,161,service,HU/AU,,,,abgeschlossen,"Mercedes A-Klasse, QQA-RK 15
Fzg. vorgefahren, TÜV Termin, Fzg. vorher durchsehen.
Kunde fragt nach Ersatzwagen.
Ersatzteil im Rückstand, Kunde informiert.
~~~~~~~~~~~~~
02.04.26 15:31 Servicebüro: Teile bestellt, Nachricht an Dispo
05.04.26 18:31 Dispo: Kunde meldet sich wegen Termin"
826178,2026-08-02 09:11:16,2026-08-07 01:16:08,,false,2026-08-05 14:16:08,2026-08-04 11:44:20,2026-08-04 15:44:20,100426,130521,XQL-N 630,ZZJLRZ243XC534187,Seat,Arona,KJ7,2013-01-02,203302,,,Frank,Busch,Weissdornweg 81,53111,Bonn,frank.busch36@example.de,0152 0287508,892761,36,🏁🔜Abgeholt/Ausgeliefert - Folgetermin offen,Vorgangsstatus,36|1563|1585|107,0,,,false,2,120,damage,Wildunfall,Motorhaube|Stoßstange vorne links,schwer,teilkasko,abgeschlossen,"Seat Arona, XQL-N 630, km 203302
KD meldet telefonisch: Wildunfall, Reh gegen Front, Wildbescheinigung liegt vor. Schaden an Motorhaube, Aufnahme abgerissen, punktuell, mehrere Stellen.
Weiterer Schaden Stoßstange vorne links, Aufnahme abgerissen.
KVA erwünscht, bitte per Mail. Fzg. bleibt über Nacht da.
Teilkasko, SB 150 EUR, KVA an Vers.
Termin nach Teileeingang.
~~~~~~~~~~~~~
05.08.26 10:11 Servicebüro: Rechnung geschrieben"
892669,2026-02-13 12:10:29,2026-02-24 04:26:35,,false,2026-02-23 15:26:35,2026-02-23 08:32:59,2026-02-23 11:32:59,110645,137312,QQM-SJ 347,ZZBWETJL6RC820628,Opel,Corsa,F,2023-09-04,47285,,1,Jonas,Krause,Amselweg 76,60313,Frankfurt am Main,,0178/2610490,301691,721,🌝 Fzg angekauft,Vorgangsstatus,721|1562|1150|101|1266|156,1,172892,128,false,4,222,damage,Wildunfall,Motorhaube,schwer,vollkasko,abgeschlossen,"Anruf Kunde: Wildunfall, Reh gegen Front, Wildbescheinigung liegt vor. An Motorhaube Träger verformt (ca. 3 cm Durchmesser).
Kunde bittet um Terminvorschlag. Leihwagen ja.
VK mit SB 500 EUR, Freigabe abwarten.
Fotos liegen im Vorgang.
Versicherung: Altmuehl Versicherung, Schadennr. 58386558.
~~~~~~~~~~~~~
20.02.26 14:10 Servicebüro: Leihwagen reserviert"
882855,2026-03-21 12:56:24,2026-03-31 15:27:38,,false,2026-03-30 12:27:38,2026-03-25 09:33:30,2026-03-29 17:33:30,122424,152647,QY-RP 33,ZZCRV91R4Y8310618,Mercedes,Vito,W447,2017-09-24,93741,,,Christian,Stein,Sonnenblumenweg 92,48143,Muenster,,0151 2087945,179663,14,🚛✅ Ausgeliefert,Vorgangsstatus,14|395|532,1,439282,,false,1,15,service,Räder und Reifen,,,,abgeschlossen,"Kunde kommt ohne Termin, Räderwechsel mit Wuchten, Reifendruck prüfen.
Kunde fragt nach Ersatzwagen. Fzg. bleibt über Nacht da.
Termin steht, Dauer ca. 2 Tage.
~~~~~~~~~~~~~
27.03.26 12:56 Dispo: Rechnung geschrieben
29.03.26 13:56 TS: Fzg. gewaschen, abholbereit"
887291,2026-04-09 16:19:55,2026-04-10 15:19:55,,true,,,,110899,150313,QQM-EE 20,ZZGAV7GH9Y3976904,VW,Touran,5T,2021-03-18,105965,,,Diana,Ziegler,Amselweg 105,50667,Koeln,dziegler@example.net,0177 0898849,191233,436,👋 Termin bitte vereinbaren /Teile/Freigabe/etc. eingetroffen,Vorgangsstatus,436|391|489|107,2,593510|382348,,false,1,57,service,HU/AU,,,,neu,"Fzg. vorgefahren, HU/AU fällig, bitte mit Vorabcheck.
Servicerückstellung nicht erfolgt, bitte mitmachen.
Rückruf erwünscht bevor zusätzliche Arbeiten."
841315,2026-02-06 14:06:12,2026-02-07 00:06:12,2026-02-10 07:08:23,false,,,,112717,131568,XQC-BP 6223,ZZFHTWV71SK300747,Ford,Transit Custom,V362,2012-12-25,158852,,1,Marco,Haas,Tannenweg 57,28203,Bremen,marco.haas31@example.com,0157/5603003,630682,13,😢 Kunde nicht erschienen,Vorgangsstatus,13|392|488,1,807279,,false,3,188,service,Räder und Reifen,,,,storniert,"Kunde meldet: Räderwechsel Sommer auf Winter, Einlagerung vorhanden.
Kunde fragt nach Ersatzwagen. Abholung durch Kunde am Nachmittag.
Fotos liegen im Vorgang."
867311,2026-07-14 10:11:56,2026-07-29 21:51:01,,true,,2026-07-29 16:51:01,,127955,141434,ZQS-TP 6332,ZZHY4HZ24W0899353,VW,Touran,5T,2021-11-23,46881,Seeblick Bau GmbH,1,,,Schlehenweg 129,41061,Moenchengladbach,kfrank@example.org,+49 179 1539766,375901,25,👇🚚 Holservice,Vorgangsstatus,25|394|107,1,955527,,false,3,158,service,Bremsen,,,,laufend,"Fzg. vorgefahren, Bremsflüssigkeit fällig, Beläge messen.
Kunde holt am Abend ab. Ersatzwagen geklärt, Klasse klein.
Termin steht, Dauer ca. 2 Tage.
~~~~~~~~~~~~~
17.07.26 14:11 Lack: Leihwagen reserviert
24.07.26 17:11 S. Schaefer: Rückruf nicht erreicht, Mailbox"
881233,2026-05-15 09:59:58,2026-06-09 22:20:41,,false,2026-06-09 14:20:41,2026-06-05 16:26:38,2026-06-06 19:26:38,102796,151615,QY-FC 86,ZZHY9SPG4TA779023,Ford,Kuga,CX482,2018-09-22,113563,,2,Elena,Fiedler,Buchenallee 59,44137,Dortmund,elena_fiedler@example.net,0160/6737369,946559,721,🌝 Fzg angekauft,Vorgangsstatus,721|955,1,003203,109,true,1,46,damage,Wildunfall,Kotflügel vorne links,mittel,teilkasko,abgeschlossen,"Lt. Kunde: Wildunfall, Bescheinigung vom Jagdpächter kommt nach. Kratzer bis auf Grundierung an Kotflügel vorne links, auf ganzer Länge.
Bitte KVA vor Reparatur abstimmen. Kunde wartet vor Ort.
Teilkasko läuft, SB laut Police 300 EUR.
Kunde ist informiert, meldet sich."
871303,2026-02-11 10:49:55,2026-02-13 03:30:24,,true,,2026-02-12 07:30:24,,125615,141971,XQA-DP 85,ZZDCJ59V1T8724729,VW,T6.1 Transporter,SG,2012-10-08,209648,Weidenhof Elektrotechnik GmbH,1,Ralf,Fiedler,Feldblumenweg 69,60313,Frankfurt am Main,ralf_fiedler@example.org,+49 160 5150461,417382,16,⚠️Warte auf Freigabe,Vorgangsstatus,16|938|1088|487|999,2,601903|620914,,false,1,80,damage,Parkschaden,Tür hinten links,mittel,selbstzahler,laufend,"VW T6.1 Transporter, XQA-DP 85, km 209648
Fzg. angeliefert, Parkschaden auf dem Parkplatz. Tür hinten links: Delle mit Lackschaden, ca. 5 cm.
Kunde möchte wissen ob Instandsetzung reicht.
Kunde zahlt selbst, KVA vorab.
Nach Zerlegung nachkalkulieren.
~~~~~~~~~~~~~
17.02.26 11:49 J. Thiel: Kunde meldet sich wegen Termin"
820951,2026-07-10 17:49:33,2026-07-23 01:27:33,,true,,2026-07-21 11:27:33,,126650,153531,QZ-R 532,ZZJPMHNF2YL334300,BMW,2er Active Tourer,U06,2024-05-27,40009,,,Annika,Krause,Wacholderweg 72,52062,Aachen,akrause@example.net,+49 177 3452068,643989,37,🔜Neuer Folgetermin,Vorgangsstatus,37|1308,1,058392,,false,1,91,service,Ölwechsel,,,,laufend,"KD meldet telefonisch: Ölwechsel inkl. Filter nach Serviceplan.
Kunde holt am Abend ab.
Termin steht, Dauer ca. 2 Tage.
~~~~~~~~~~~~~
13.07.26 21:49 SB: Rechnung geschrieben
22.07.26 02:49 TS: Kunde meldet sich wegen Termin"
859982,2026-07-31 07:03:29,2026-08-14 05:23:14,,true,,2026-08-13 12:23:14,,123090,137742,ZQC-V 6892,ZZBHW0L69SK929012,BMW,5er Limousine,G30,2019-03-17,61636,,,Karin,Wendt,Quittenweg 124,38100,Braunschweig,kwendt@example.net,0174/7479582,295649,26,👆🚚 Bringservice,Vorgangsstatus,26|398,0,,,false,2,99,service,Inspektion,,,,laufend,"BMW 5er Limousine, ZQC-V 6892
Kunde meldet: Inspektion mit Pollenfilter und Bremsflüssigkeit.
Kunde meldet Geräusch beim Lenken.
Kunde fragt nach Ersatzwagen. Abholung durch Kunde am Nachmittag."
871781,2026-07-03 15:25:34,2026-07-07 13:08:23,,true,,2026-07-06 14:08:23,,107120,146429,QQB-W 58,ZZD5U5839RR160282,Skoda,Scala,NW1,2013-01-03,308793,,3,Yvonne,Haas,Distelweg 56,01067,Dresden,yhaas@example.org,+49 (0)179 0781584,734694,16,⚠️Warte auf Freigabe,Vorgangsstatus,16|235,0,,,false,0,0,service,Räder und Reifen,,,,laufend,"Skoda Scala, QQB-W 58
Kunde meldet: Neue Reifen hinten, Kostenangebot Reifen erwünscht.
Batterie schwach, Startprobleme morgens.
Kunde bittet um Kostenvoranschlag. Hol- und Bringservice gewünscht.
Fzg. steht auf dem Hof."
875352,2026-06-11 09:25:43,2026-06-17 11:14:24,,true,2026-06-16 09:14:24,2026-06-13 13:55:29,2026-06-14 21:55:29,122575,154977,QQD-F 999,ZZBVW8SY8XK165228,BMW,2er Active Tourer,U06,2012-01-07,264985,,,Birgit,Lang,Distelweg 20,01067,Dresden,birgit.lang57@example.de,0163 1198919,044062,38,👍 🔜Fertig zur Abholung mit Folgetermin,Vorgangsstatus,38|1308|610,2,616128|910548,,false,1,71,service,Ölwechsel,,,,fertig,"BMW 2er Active Tourer, QQD-F 999, km 264985
Kunde kommt ohne Termin, Ölwechsel, Longlife zurücksetzen.
Servicerückstellung nicht erfolgt, bitte mitmachen.
Rückruf erwünscht bevor zusätzliche Arbeiten. Fzg. bleibt über Nacht da."
881785,2026-05-06 08:45:25,2026-05-30 09:44:20,,false,2026-05-29 11:44:20,2026-05-25 17:54:17,2026-05-27 01:54:17,129733,155062,XQ-U 9,ZZJUCBTN2XS235946,BMW,3er Touring,G21,2023-05-25,80879,,,Ralf,Haas,Fliederweg 64,93047,Regensburg,rhaas@example.net,+49 (0)175 9276517,730536,121,abgerechnet ! Auftrag erledigt abgeschlossen,Vorgangsstatus,121|391|1220|99,1,951524,,false,3,187,service,HU/AU,,,,abgeschlossen,"Kunde kommt ohne Termin, HU/AU fällig, bitte mit Vorabcheck.
Kunde wartet vor Ort.
Termin nach Teileeingang."
869938,2026-07-09 13:13:42,2026-07-30 11:01:29,,true,,2026-07-29 17:01:29,,129808,131739,XQC-JF 161,ZZC88G4G1WK828154,Audi,Q3,F3,2024-04-12,27119,,2,Jana,Moser,Drosselgasse 50,45127,Essen,,0172/9181705,127153,17,♻️In Bearbeitung,Vorgangsstatus,17|936|1086,1,108598,,false,1,82,damage,Vandalismus,Motorhaube|Kotflügel vorne rechts|Stoßstange vorne rechts,leicht,selbstzahler,laufend,"Fzg. angeliefert, Vandalismus, Kunde hat Anzeige aufgenommen. Motorhaube: Kratzer, Lack nicht durch, punktuell, mehrere Stellen.
Kotflügel vorne rechts ebenfalls: Kratzer im Klarlack.
Stoßstange vorne rechts ebenfalls: feine Kratzspuren.
Kunde fragt nach Smart Repair. Leihwagen nein, Kunde wartet.
Selbstzahler, Rechnung an Kunde.
Ersatzteil nur komplett lieferbar, Austausch statt Instandsetzung.
~~~~~~~~~~~~~
12.07.26 16:13 Dispo: Rückruf nicht erreicht, Mailbox
19.07.26 19:13 Teiledienst: Leihwagen reserviert"
837083,2026-01-12 12:26:37,2026-01-17 18:26:17,,true,,2026-01-17 09:26:17,,114969,158382,XQB-KA 111,ZZFJWRLC6SZ667547,Skoda,Fabia,PJ,2026-06-04,11502,,,Helmut,Scholz,Sonnenblumenweg 78,06108,Halle (Saale),helmut.scholz36@example.com,0173 6974609,986442,33,⚠️Schadensfeststellung,Vorgangsstatus,33|938|1082|1601|1000|501,0,,,false,3,162,damage,Rangierschaden,Schweller links|Kotflügel vorne rechts,mittel,gesteuert,laufend,"Skoda Fabia, XQB-KA 111
Fzg. vorgefahren, Rangierschaden, Kunde schildert Hergang selbst. An Schweller links Beule (ca. 3 cm Durchmesser).
Auch Kotflügel vorne rechts beschädigt (Kunststoff eingedrückt).
Kunde bittet um KVA. Leihwagen nein, Kunde wartet.
Steuerung über Flottenpartner, Freigabe schriftlich nötig.
Teile bestellt, Liefertermin offen.
Versicherung: Nordstern Direkt, Schadennr. 13095881."
892954,2026-04-25 11:04:39,2026-04-29 10:25:13,,true,,2026-04-28 12:25:13,,108999,154512,ZQC-F 1050,ZZCR789L0R1534841,Audi,A4 Avant,8W,2018-04-03,150391,,,Markus,Schaefer,Ginsterweg 69,01067,Dresden,markus.schaefer80@example.org,+49 159 4689107,813818,1164,FZG in Fremdwerkstatt,Vorgangsstatus,1164|993|614,2,286726|277993,,true,1,70,damage,Vandalismus,Schweller links|Stoßstange hinten links,leicht,selbstzahler,laufend,"Kunde berichtet: Vandalismus, Schaden am 21.04. entdeckt. Schweller links handtellergroß Schrammen.
Zusätzlich Stoßstange hinten links betroffen, kleine Delle.
Kunde bittet um KVA. Kunde wartet vor Ort.
Selbstzahler, Rechnung an Kunde.
Beilackierung notwendig."
833373,2026-06-24 15:06:19,2026-07-16 00:42:12,,true,2026-07-15 16:54:53,2026-07-13 14:42:12,2026-07-15 18:42:12,103703,148441,QQR-F 15,ZZBCLFUE7SF769166,Mercedes,E-Klasse,W213,2018-06-08,123197,,2,Kerstin,Vogt,Sonnenblumenweg 53,48143,Muenster,,0157 0157877,507750,39,📞🔜✔️Abholbereit Folgetermin vereinbaren,Vorgangsstatus,39|391,1,256330,,false,2,123,service,Inspektion,,,,fertig,"Mercedes E-Klasse, QQR-F 15
Kunde bringt Fzg., Inspektion mit Pollenfilter und Bremsflüssigkeit.
Batterie schwach, Startprobleme morgens.
Kunde fragt nach Ersatzwagen. Leihwagen nein, Kunde wartet.
Termin steht, Dauer ca. 2 Tage.
~~~~~~~~~~~~~
30.06.26 17:06 Karosserie: Kunde meldet sich wegen Termin"
822430,2026-06-13 11:42:53,2026-06-13 23:42:53,,true,,,,106240,159407,QQV-N 1223,ZZD5AB7M0XM690359,VW,T6.1 Transporter,SG,2019-11-24,143943,,,Elke,Ritter,Espenstrasse 55,99084,Erfurt,elke.ritter47@example.de,0160/1937099,664131,27,✔️Termin bestätigt,Vorgangsstatus,27|1563|1619|1006,1,883615,128,false,3,158,damage,Parkschaden,Motorhaube,mittel,haftpflicht_gegner,neu,"VW T6.1 Transporter, QQV-N 1223, km 143943
Fzg. angeliefert, Parkschaden vom Wochenende. Motorhaube: Beule, punktuell, mehrere Stellen.
Kunde bittet um Rückruf bis Freitag. Abholung durch Kunde am Nachmittag.
Unfallgegner bekannt, Haftung dem Grunde nach unstrittig.
Nach Zerlegung nachkalkulieren.
Versicherung: Altmuehl Versicherung, Schadennr. 84901521."
884431,2026-07-03 09:16:55,2026-07-20 16:23:58,,false,2026-07-20 15:23:58,2026-07-18 09:19:55,2026-07-19 16:19:55,110025,135911,XQM-BH 6843,ZZGMP1CD9YW077143,Ford,Puma,J2K,2026-07-08,5005,,,Ulrike,Dietrich,Kastanienallee 125,95444,Bayreuth,ulrike.dietrich13@example.com,+49 179 0643494,657773,1422,Fahrzeug abgeholt (/kommt nochmal),Vorgangsstatus,1422|241|406|498,1,380634,,false,2,101,service,Ölwechsel,,,,abgeschlossen,"Ford Puma, XQM-BH 6843
Kunde kommt ohne Termin, Ölservice fällig, Anzeige im Display.
Scheibenwischer schmieren, bitte erneuern.
Kunde bittet um Kostenvoranschlag. Leihwagen ja.
~~~~~~~~~~~~~
06.07.26 12:16 T. Baumann: Endkontrolle offen
12.07.26 15:16 Annahme: Teile bestellt, Nachricht an Dispo"
890691,2026-06-24 07:53:55,2026-07-04 06:09:31,,true,2026-07-03 12:09:31,2026-06-28 10:54:41,2026-07-01 14:54:41,126151,142146,QQL-LV 24,ZZBRXBWJ0SN936975,BMW,2er Active Tourer,U06,2016-03-05,143959,,3,Fabian,Heinrich,Tannenweg 125,12587,Berlin,fheinrich@example.org,0160/0249669,975823,12,👍 Fertig zur Abholung,Vorgangsstatus,12|396,1,690912,,false,2,96,service,HU/AU,,,,fertig,"Kunde kommt ohne Termin, HU überfällig seit letztem Monat.
Kontrollleuchte Reifendruck ist an.
Ersatzwagen geklärt, Klasse klein.
Bitte Wiedervorlage in einer Woche.
~~~~~~~~~~~~~
26.06.26 12:53 Karosserie: KV an Kunde verschickt
30.06.26 12:53 Karosserie: Endkontrolle offen"
854791,2026-05-04 13:56:10,2026-05-26 00:04:40,,false,2026-05-25 09:07:21,2026-05-24 09:04:40,2026-05-25 11:04:40,118141,153607,QQB-JW 54,ZZFJ9PFA8VB449614,VW,T-Roc,A11,2019-07-25,71968,Seeblick Bau OHG,2,,,Lindenweg 131,93047,Regensburg,kontakt.sommer@example.org,0157 0564477,016856,1422,Fahrzeug abgeholt (/kommt nochmal),Vorgangsstatus,1422|952|1151|437|1200,3,329100|517619|069196,,false,4,156,damage,Auffahrunfall,Stoßstange hinten|Stoßstange hinten rechts,leicht,selbstzahler,abgeschlossen,"VW T-Roc, QQB-JW 54
Lt. Kunde: Auffahrunfall im Stau auf der Autobahn. Stoßstange hinten: kleine Delle, ca. 25 cm.
Stoßstange hinten rechts ebenfalls: feine Kratzspuren.
Bitte KVA vor Reparatur abstimmen. Hol- und Bringservice gewünscht.
Selbstzahler, Rechnung an Kunde.
Teile bestellt, Liefertermin offen.
~~~~~~~~~~~~~
09.05.26 17:56 L. Ritter: Fzg. in Halle, Zerlegung begonnen
14.05.26 20:56 TS: Fzg. gewaschen, abholbereit"
889564,2026-04-26 07:56:12,2026-04-28 08:45:55,,true,,2026-04-27 17:45:55,,109011,143440,ZQM-W 8,ZZB0UGMF9YL757237,Opel,Astra Sports Tourer,L,2026-02-12,8169,,1,Sebastian,Keller,Kastanienallee 110,68159,Mannheim,sebastian.keller@example.org,+49 163 7310431,972528,89,😪☎Kunde nicht erreicht,Vorgangsstatus,89|184|602|1449,1,925227,,false,0,0,service,Inspektion,,,,laufend,"Opel Astra Sports Tourer, ZQM-W 8, km 8169
Kunde bringt Fzg., Inspektion mit Pollenfilter und Bremsflüssigkeit.
Bitte Softwarestand prüfen, Rückruf offen.
Leihwagen nein, Kunde wartet.
~~~~~~~~~~~~~
01.05.26 11:56 S. Otto: Nachtrag: Kunde bittet um Verschiebung"
842824,2026-04-09 17:51:07,2026-04-10 12:51:07,,true,,,,116284,139302,ZQA-N 12,ZZDWDS6U3T9335146,Mercedes,A-Klasse,W177,2017-02-07,212650,Rheinpfad Gartenbau e.K.,3,,,Kiefernweg 12,30655,Hannover,kontakt.ludwig12@example.org,+49 176 0027325,138128,530,🚀Auftrag erteilt/Teile vorbestellt/Termin wenn Teile da,Vorgangsstatus,530|184,0,,,false,2,61,service,Ölwechsel,,,,neu,"Kunde bringt Fzg., Ölservice laut Serviceintervall, Öl 5W30.
Kunde wartet, bitte zügig.
~~~~~~~~~~~~~
15.04.26 17:51 C. Riedel: Rechnung geschrieben"
861868,2026-02-20 14:57:33,2026-03-16 00:57:17,,false,2026-03-15 13:57:17,2026-03-14 08:06:51,2026-03-14 09:06:51,121409,136682,XQD-JY 8,ZZAG847G1VS914058,Skoda,Superb Combi,3V5,2016-03-15,91194,,,Thomas,Krause,Ginsterweg 56,30169,Hannover,,0176 7289785,831463,121,abgerechnet ! Auftrag erledigt abgeschlossen,Vorgangsstatus,121|937|1088|497,2,922236|878299,101,false,2,117,damage,Steinschlag,Windschutzscheibe,mittel,teilkasko,abgeschlossen,"Skoda Superb Combi, XQD-JY 8, km 91194
Kunde meldet: Steinschlag vom Lkw vor dem Fzg. Riss in Windschutzscheibe zieht sich über die halbe Breite.
Kunde möchte Fzg. bis Monatsende zurück. Hol- und Bringservice gewünscht.
Teilkasko, SB 150 EUR, KVA an Vers."
866177,2026-03-07 09:37:01,2026-03-17 21:15:47,,true,,2026-03-16 14:15:47,,127250,141994,QQV-KK 723,ZZJTZPYP9VZ798577,VW,Golf,5H,2012-02-06,132663,Seeblick Malerbetrieb GmbH & Co. KG,,Jonas,Haas,Am Muehlbach 20,79098,Freiburg,jonas_haas@example.net,+49 151 9226860,163392,34,🌗✔️Nachbestellung Termin bestätigt,Vorgangsstatus,34|796|3,1,759618,,false,1,44,service,Bremsen,,,,laufend,"Kunde kommt ohne Termin, Bremsbeläge vorne unter Mindeststärke.
Klimaanlage kühlt schlecht, bitte pruefen.
Leihwagen ja.
Fzg. steht auf dem Hof."
871750,2026-05-04 12:11:44,2026-05-05 04:11:44,,true,,,,119198,140028,ZQB-DY 374,ZZFNNU9T4YG013455,Seat,Ateca,KH7,2012-08-16,105531,,,Nicole,Hartmann,Lerchenstrasse 19,99084,Erfurt,nicole.hartmann55@example.com,0173 3395994,182136,1480,Hagel Termin vereinbaren !,Vorgangsstatus,1480|236|434|156,1,734236,,false,3,87,service,HU/AU,,,,neu,"Kunde meldet: HU/AU fällig, bitte mit Vorabcheck.
Rückruf erwünscht bevor zusätzliche Arbeiten.
~~~~~~~~~~~~~
08.05.26 14:11 TS: Ersatzteil eingetroffen, Termin vereinbaren
09.05.26 19:11 U. Winkler: Teile bestellt, Nachricht an Dispo
10.05.26 20:11 Karosserie: Rechnung geschrieben"
824929,2026-04-20 14:16:56,2026-05-07 14:27:33,,true,2026-05-06 11:27:33,2026-04-29 09:08:02,2026-05-04 10:08:02,105981,135197,QQD-UC 85,ZZC1RT673WY443440,BMW,2er Active Tourer,U06,2025-06-16,13856,,2,Fabian,Vogt,Ulmenstrasse 133,30655,Hannover,fabian.vogt@example.org,+49 159 4724782,482436,1153,👆🚚 Bringservice mit Folgetermin,Vorgangsstatus,1153|946|1571|1270,2,850222|286272,,false,2,116,damage,Parkschaden,Kotflügel hinten rechts|Stoßstange vorne rechts,mittel,selbstzahler,fertig,"Kunde kommt ohne Termin, Parkschaden, Schaden am 14.04. entdeckt. Kotflügel hinten rechts Kratzer bis auf Grundierung, ca. 3 cm Durchmesser.
Zusätzlich Stoßstange vorne rechts betroffen, Kratzer bis auf Grundierung.
Kunde fragt nach Reparaturdauer. Fzg. bleibt über Nacht da.
Ohne Versicherung, Kunde entscheidet nach Preis.
Ersatzteil nur komplett lieferbar, Austausch statt Instandsetzung."
876312,2026-03-23 08:59:57,2026-04-22 16:36:21,,false,2026-04-21 13:36:21,2026-04-16 10:47:59,2026-04-20 14:47:59,112659,157147,XQB-N 3181,ZZGH4M5F5VK509871,VW,Tiguan,5N,2013-07-17,127391,,1,Julia,Beck,Lerchenstrasse 120,93047,Regensburg,julia.beck@example.net,0172/0483389,203898,9,🏁 Abgeholt,Vorgangsstatus,9|391|597|501,1,537093,,false,2,55,service,Inspektion,,,,abgeschlossen,"Fzg. vorgefahren, Inspektion fällig, Kunde wünscht Kostenrahmen vorab.
Zusätzlich Klappern vorne rechts bei Bodenwellen.
Kunde holt am Abend ab. Kunde wartet vor Ort.
Fzg. steht auf dem Hof.
~~~~~~~~~~~~~
25.03.26 10:59 SB: Freigabe Versicherung eingetroffen"
830105,2026-03-02 13:28:52,2026-03-02 23:28:52,,true,,,,115603,134905,QQA-DZ 10,ZZATNK7DXWU514331,Skoda,Scala,NW1,2023-04-25,77954,Altmuehl Sanitaer GmbH,1,,,Feldblumenweg 40,93047,Regensburg,kontakt_maurer@example.com,+49 (0)163 7983195,594878,1480,Hagel Termin vereinbaren !,Vorgangsstatus,1480|956|480|994,1,997184,104,false,0,0,damage,Steinschlag,Windschutzscheibe,mittel,teilkasko,neu,"Bei der Annahme festgestellt: Steinschlag, Schaden am 23.02. bemerkt. Riss in Windschutzscheibe zieht sich über die halbe Breite.
Kunde bittet um Terminvorschlag. Abholung durch Kunde am Nachmittag.
TK deckt Glasschaden, SB 150 EUR.
Nach Zerlegung nachkalkulieren.
~~~~~~~~~~~~~
06.03.26 17:28 T. Sauer: Fzg. gewaschen, abholbereit"
883345,2026-08-01 11:21:19,2026-08-01 20:21:19,,true,,,,127189,139774,QQA-Z 3558,ZZDF79HF6W4525829,Mercedes,A-Klasse,W177,2019-10-23,54441,,2,Bernd,Hartmann,Ulmenstrasse 37,06108,Halle (Saale),bernd.hartmann@example.net,+49 177 5725459,156411,44,📆✔Termin vereinbart,Vorgangsstatus,44|936|1576,1,792944,113,false,1,26,damage,Rangierschaden,Schweller links|Stoßstange hinten,leicht,vollkasko,neu,"Lt. Kunde: Rangierschaden an der Laderampe. Kleine Delle an Schweller links, handtellergroß.
Zusätzlich Stoßstange hinten betroffen, Lackabrieb.
Kunde fragt nach Smart Repair. Leihwagen ja.
Vollkasko, Rückstufung mit Kunde besprochen.
Kunde ist informiert, meldet sich.
~~~~~~~~~~~~~
06.08.26 11:21 SB: Kunde meldet sich wegen Termin"
869971,2026-07-26 12:54:46,2026-08-18 03:07:10,,true,,2026-08-17 07:07:10,,110968,145878,XQS-LD 594,ZZC67BV63W3806492,Mercedes,C-Klasse T-Modell,S206,2026-04-22,9166,,,Elke,Zimmer,Espenstrasse 2,28203,Bremen,ezimmer@example.net,0160 5983883,732594,18,☢️ Auftrag steht ☢️,Vorgangsstatus,18|236|1001,2,106185|105474,,false,1,42,service,Ölwechsel,,,,laufend,"Fzg. vorgefahren, Ölwechsel, Longlife zurücksetzen.
Kunde fragt nach Ersatzwagen.
Fotos liegen im Vorgang."
874740,2026-03-21 10:18:36,2026-04-01 12:06:28,,true,,2026-03-31 10:06:28,,104905,133705,QQM-MV 7162,ZZDXVSE9XWY730711,Mercedes,E-Klasse,W213,2014-03-05,97917,,,Klaus,Zimmer,Pappelallee 86,97070,Wuerzburg,,+49 157 0217995,628681,11,👽💣Rückstand ohne Termin! Teilerückstand Fzg. bei uns,Vorgangsstatus,11|950|1084|437|1200|470,2,242235|622784,,false,2,126,damage,Vandalismus,Tür hinten rechts|Schweller links,leicht,selbstzahler,laufend,"Mercedes E-Klasse, QQM-MV 7162
Kunde bringt Fzg., Vandalismus über Nacht an der Straße. Schaden an Tür hinten rechts, Lackabrieb, ca. 15 cm.
Schweller links ebenfalls: kleine Delle.
Kunde möchte Fzg. bis Monatsende zurück. Leihwagen nein, Kunde wartet.
Selbstzahler, keine Vers. im Spiel.
~~~~~~~~~~~~~
22.03.26 11:18 Teiledienst: Ersatzteil eingetroffen, Termin vereinbaren"
837956,2026-06-21 09:48:54,2026-07-06 07:56:42,,false,2026-07-05 13:56:42,2026-07-03 14:34:13,2026-07-03 17:34:13,109161,157358,XQB-X 86,ZZAYPSTP5SN498317,Skoda,Fabia,PJ,2017-07-21,131970,,1,Melanie,Berger,Salbeiweg 77,34117,Kassel,melanie.berger@example.de,0177 5717489,560376,14,🚛✅ Ausgeliefert,Vorgangsstatus,14|956|1572|2|1266,1,110029,104,true,1,67,damage,Auffahrunfall,Heckklappe|Kotflügel vorne links,schwer,gesteuert,abgeschlossen,"Lt. Kunde: Auffahrunfall, Kunde war selbst aufgefahren. Schaden an Heckklappe, Aufnahme abgerissen, ca. 5 cm.
Kotflügel vorne links ebenfalls: Blech verzogen.
Bitte KVA vor Reparatur abstimmen.
Schadensteuerer hat KVA in Prüfung.
Bitte Kalkulation erstellen.
Versicherung: Talblick Versicherung, Schadennr. 69065834."
835826,2026-04-30 17:26:49,2026-05-16 23:54:40,,false,2026-05-15 09:53:19,2026-05-12 17:54:40,2026-05-15 20:54:40,101691,149061,ZQC-F 15,ZZGYTTA75V7073554,Opel,Grandland,A18,2021-12-27,37132,,,Julia,Krause,Birkenweg 47,33098,Paderborn,,0179 0391214,879040,9,🏁 Abgeholt,Vorgangsstatus,9|180|156,1,381626,,false,3,157,service,Räder und Reifen,,,,abgeschlossen,"Räder und Reifen: Räderwechsel Sommer auf Winter, Einlagerung vorhanden.
Innenraumfilter riecht, mit tauschen.
Kunde wünscht Kostenrahmen vorab. Hol- und Bringservice gewünscht.
~~~~~~~~~~~~~
01.05.26 18:26 Lack: Freigabe Versicherung eingetroffen"
894726,2026-03-03 17:35:57,2026-03-19 05:09:38,,true,2026-03-18 08:09:38,2026-03-16 15:26:23,2026-03-16 22:26:23,101531,154393,XQS-X 44,ZZD0LZJZ3XJ763856,Audi,A3 Sportback,8Y,2020-07-05,71700,,2,Susanne,Beck,Ahornweg 18,44137,Dortmund,susanne.beck@example.net,+49 (0)173 1637874,231903,1153,👆🚚 Bringservice mit Folgetermin,Vorgangsstatus,1153|391|1566|469,1,740256,,false,2,137,service,Bremsen,,,,fertig,"Audi A3 Sportback, XQS-X 44
Bremsen: Bremsbeläge vorne unter Mindeststärke.
Kunde meldet Vibration ab 120 km/h.
~~~~~~~~~~~~~
09.03.26 18:35 SB: Rechnung geschrieben"
873795,2026-03-08 08:43:32,2026-03-28 11:55:24,,true,2026-03-28 09:55:24,2026-03-22 11:16:28,2026-03-26 18:16:28,109426,141893,QQR-CG 111,ZZAUARX27XF906602,Audi,Q2,GA,2016-03-15,200598,,1,Jonas,Lorenz,Drosselgasse 13,01067,Dresden,jonas_lorenz@example.de,+49 171 3458429,404330,1153,👆🚚 Bringservice mit Folgetermin,Vorgangsstatus,1153|186|437,3,289546|921017|698361,,false,1,70,service,Räder und Reifen,,,,fertig,"Audi Q2, QQR-CG 111, km 200598
Fzg. angeliefert, Reifen vorne abgefahren, Angebot erstellen.
Bitte anrufen wenn mehr anfällt als besprochen. Hol- und Bringservice gewünscht.
~~~~~~~~~~~~~
11.03.26 12:43 Karosserie: Rechnung geschrieben
12.03.26 17:43 Karosserie: Nachtrag: Kunde bittet um Verschiebung
19.03.26 22:43 TS: Rückruf nicht erreicht, Mailbox"
821314,2026-01-26 13:32:19,2026-02-13 04:54:44,,false,2026-02-12 08:39:54,2026-02-11 14:54:44,2026-02-12 19:54:44,113908,145969,XQC-YS 898,ZZC8T0YW8X1805825,Audi,A6 Avant,4K,2017-01-20,60002,,2,Claudia,Kramer,Ahornweg 9,53111,Bonn,claudia.kramer95@example.org,0163/2209793,450549,36,🏁🔜Abgeholt/Ausgeliefert - Folgetermin offen,Vorgangsstatus,36|953|1174|1000,1,802203,101,false,2,56,damage,Vandalismus,Außenspiegel rechts|Stoßstange vorne rechts|Tür hinten rechts,leicht,vollkasko,abgeschlossen,"Kunde meldet: Vandalismus, Schaden am 25.01. entdeckt. Lackabrieb an Außenspiegel rechts, ca. 5 cm.
Weiterer Schaden Stoßstange vorne rechts, kleine Delle.
Zusätzlich Tür hinten rechts betroffen, Kratzer, Lack nicht durch.
Kunde möchte Fzg. bis Monatsende zurück. Kunde wartet vor Ort.
Vollkasko, SB 500 EUR, Schadenmeldung raus.
Termin steht, Dauer ca. 2 Tage.
~~~~~~~~~~~~~
30.01.26 18:32 Lack: Kunde meldet sich wegen Termin"
855877,2026-07-08 09:23:01,2026-07-23 07:46:21,,true,,2026-07-22 07:46:21,,108692,150908,ZQR-M 2408,ZZHFPY3H3RT287840,BMW,X1,U11,2024-09-20,43406,Kieswerk Gartenbau GmbH,,,,Pappelallee 18,52062,Aachen,kontakt.lehmann@example.com,0157/1662466,959928,91,🦊☎Haftung unklar Wiedervorlage,Vorgangsstatus,91|1139|1151|485|1002,2,108106|891220,,false,2,82,damage,Parkschaden,Heckklappe|Stoßstange vorne links,leicht,selbstzahler,laufend,"BMW X1, ZQR-M 2408, km 43406
Lt. Kunde: Parkschaden vor dem Supermarkt, niemand gemeldet. An Heckklappe Lackabrieb (ca. 3 cm Durchmesser).
Auch Stoßstange vorne links beschädigt (Lackabrieb).
Kunde möchte Fzg. bis Monatsende zurück.
Selbstzahler, keine Vers. im Spiel.
Termin steht, Dauer ca. 2 Tage."
859329,2026-05-26 15:51:39,2026-06-22 14:55:44,,true,2026-06-21 13:55:44,2026-06-18 08:27:00,2026-06-18 14:27:00,110765,153972,QQZ-J 4151,ZZDJ0SC09SP006534,Ford,Focus Turnier,DEH,2018-02-22,107522,,3,Martin,Zimmer,Wacholderweg 51,53111,Bonn,,+49 (0)162 5464653,004382,1153,👆🚚 Bringservice mit Folgetermin,Vorgangsstatus,1153|956|1572,1,963387,,false,4,138,damage,Parkschaden,Tür hinten links,schwer,selbstzahler,fertig,"Ford Focus Turnier, QQZ-J 4151
Kunde bringt Fzg., Parkschaden, Schaden am 22.05. entdeckt. Tür hinten links: Träger verformt, ca. 3 cm Durchmesser.
Kunde bittet um Terminvorschlag. Kunde wartet vor Ort.
Selbstzahler, keine Vers. im Spiel."
839735,2026-02-23 13:08:20,2026-03-14 19:08:16,,false,2026-03-14 12:08:16,2026-03-10 12:00:03,2026-03-13 15:00:03,122027,150216,QQZ-KK 99,ZZGMD16MXRA759337,BMW,2er Active Tourer,U06,2026-08-27,12006,Buchenkamp Sanitaer GmbH,1,Lars,Baumann,Zedernweg 34,63065,Offenbach am Main,lars.baumann88@example.org,+49 171 4796326,155135,14,🚛✅ Ausgeliefert,Vorgangsstatus,14|237|612,1,848344,,false,2,66,service,Inspektion,,,,abgeschlossen,"Kunde meldet: Inspektion nach Herstellervorgabe.
Zusätzlich Klappern vorne rechts bei Bodenwellen.
Fotos liegen im Vorgang.
~~~~~~~~~~~~~
28.02.26 14:08 M. Jung: Teile bestellt, Nachricht an Dispo
04.03.26 18:08 SB: Rechnung geschrieben"
878678,2026-05-07 10:08:39,2026-06-01 18:54:19,,true,2026-05-31 12:54:19,2026-05-26 07:04:43,2026-05-28 12:04:43,124510,139465,QQZ-SU 5052,ZZECRX8L3YY272676,Ford,Puma,J2K,2018-07-23,91230,Seeblick Pflegedienst e.K.,3,,,Ulmenstrasse 82,50667,Koeln,kzimmer@example.net,0173/4419205,780030,39,📞🔜✔️Abholbereit Folgetermin vereinbaren,Vorgangsstatus,39|953|1086|1618,1,880596,109,false,2,95,damage,Auffahrunfall,Stoßstange vorne links,schwer,haftpflicht_gegner,fertig,"Bei der Annahme festgestellt: Auffahrunfall an der Kreuzung, Schadenmeldung liegt vor. Stoßstange vorne links Träger verformt, ca. 3 cm Durchmesser.
Kunde will erst nach Preis entscheiden. Leihwagen ja.
Haftpflicht Gegner, Gutachter beauftragt.
Ersatzteil im Rückstand, Kunde informiert.
Versicherung: Kiesbach Assekuranz, Schadennr. 70341482."
861554,2026-04-27 16:15:02,2026-05-20 16:33:13,,true,2026-05-19 07:33:13,2026-05-15 07:17:28,2026-05-17 08:17:28,101141,151917,ZQ-Z 47,ZZF5DGK48R6649567,Audi,Q3,F3,2022-09-10,87851,,1,Jonas,Winkler,Am Alten Sportplatz 98,97070,Wuerzburg,jonas.winkler@example.net,0155/4862339,249496,1153,👆🚚 Bringservice mit Folgetermin,Vorgangsstatus,1153|937|1099,1,780099,,false,1,46,damage,Rangierschaden,Außenspiegel links,mittel,selbstzahler,fertig,"Kunde berichtet: Rangierschaden beim Rückwärtsfahren, Kamera verschmutzt. Außenspiegel links Beule, handtellergroß.
Kunde fragt nach Reparaturdauer.
Selbstzahler, Rechnung an Kunde.
Ersatzteil im Rückstand, Kunde informiert.
~~~~~~~~~~~~~
03.05.26 17:15 Annahme: Freigabe Versicherung eingetroffen"
865171,2026-04-15 07:35:20,2026-05-12 00:08:16,,false,2026-05-10 17:08:16,2026-05-04 10:18:29,2026-05-08 15:18:29,125826,132125,QY-D 3195,ZZCAB1RV6RL736303,VW,Golf Variant,5H8,2023-03-05,71438,,,Frank,Scholz,Ahornweg 98,40213,Duesseldorf,frank.scholz85@example.org,0174 6877497,070978,1422,Fahrzeug abgeholt (/kommt nochmal),Vorgangsstatus,1422|936|3|1014,3,489444|188607|047234,128,false,0,0,damage,Rangierschaden,Stoßstange hinten links|Stoßstange vorne,mittel,vollkasko,abgeschlossen,"Fzg. angeliefert, Rangierschaden, Fahrer meldet Kontakt mit Mauer. An Stoßstange hinten links Beule (punktuell, mehrere Stellen).
Zusätzlich Stoßstange vorne betroffen, Beule.
Kunde möchte wissen ob Instandsetzung reicht.
VK mit SB 500 EUR, Freigabe abwarten.
Termin steht, Dauer ca. 2 Tage.
~~~~~~~~~~~~~
18.04.26 09:35 S. Horn: Nachtrag: Kunde bittet um Verschiebung"
846834,2026-04-30 07:21:11,2026-05-19 11:38:04,,true,,2026-05-19 07:38:04,,109540,159951,XQ-XL 7190,ZZAA53Z10SZ748720,BMW,3er Touring,G21,2012-05-12,150220,Seeblick Logistik e.K.,2,,,Lindenweg 46,95444,Bayreuth,kontakt.herrmann10@example.org,+49 (0)177 2039153,604332,106,😊📲Kunde erreicht DSA/Bilder angefordert,Vorgangsstatus,106|398|51,1,406645,,false,3,178,service,Inspektion,,,,laufend,"BMW 3er Touring, XQ-XL 7190, km 150220
Kunde kommt ohne Termin, Große Inspektion inkl. Innenraumfilter.
Kunde holt am Abend ab.
Bitte Wiedervorlage in einer Woche.
~~~~~~~~~~~~~
08.05.26 08:21 Teiledienst: Fzg. gewaschen, abholbereit
13.05.26 13:21 Karosserie: Ersatzteil eingetroffen, Termin vereinbaren
15.05.26 16:21 Annahme: Fzg. in Halle, Zerlegung begonnen"
834616,2026-01-11 13:39:45,2026-01-28 02:26:20,,true,,2026-01-27 10:26:20,,108788,139198,QQH-S 7371,ZZDH7X9N1R5584255,Skoda,Octavia Combi,NX5,2014-03-07,173214,,2,Stefan,Riedel,Ginsterweg 121,90402,Nuernberg,sriedel@example.org,0151 7247822,225516,106,😊📲Kunde erreicht DSA/Bilder angefordert,Vorgangsstatus,106|949|470,1,413614,,false,2,87,damage,Rangierschaden,Stoßstange hinten rechts,schwer,selbstzahler,laufend,"KD meldet telefonisch: Rangierschaden am 03.01. beim Wenden. Stoßstange hinten rechts: stark eingedrückt, über zwei Bauteile.
Kunde möchte wissen ob Instandsetzung reicht. Ersatzwagen geklärt, Klasse klein.
Ohne Versicherung, Kunde entscheidet nach Preis.
Beilackierung notwendig."
850634,2026-04-16 09:26:39,2026-05-04 11:52:38,,true,2026-05-04 11:52:38,2026-04-27 15:42:16,2026-05-02 17:42:16,100773,142450,QQH-DJ 614,ZZB7DN638XK015728,VW,Passat Variant,3G5,2016-02-21,177005,,,Simone,Engel,An der Bleiche 87,06108,Halle (Saale),,+49 171 7440256,445216,39,📞🔜✔️Abholbereit Folgetermin vereinbaren,Vorgangsstatus,39|955|1081|488|1170,1,067737,109,true,4,195,damage,Parkschaden,Stoßstange hinten rechts,schwer,vollkasko,fertig,"Anruf Kunde: Parkschaden vor dem Supermarkt, niemand gemeldet. Stoßstange hinten rechts Träger verformt, ca. 40 cm.
VK mit SB 500 EUR, Freigabe abwarten.
Nach Zerlegung nachkalkulieren.
~~~~~~~~~~~~~
18.04.26 13:26 Karosserie: Fzg. in Halle, Zerlegung begonnen"
894789,2026-06-01 17:33:04,2026-06-19 01:18:36,,true,,2026-06-18 08:18:36,,113972,151804,ZQA-UZ 3958,ZZHNVK1TXSH057999,Mercedes,GLC,X254,2024-12-11,12623,,3,Marco,Maurer,Ahornweg 127,38100,Braunschweig,marco.maurer@example.net,0172 4178490,077248,1291,Fahrzeug reinholen,Vorgangsstatus,1291|949|1081|1270,1,296930,117,false,0,0,damage,Rangierschaden,Stoßstange hinten rechts,mittel,gesteuert,laufend,"Kunde kommt ohne Termin, Rangierschaden beim Rangieren am Hof. Stoßstange hinten rechts Halterung gebrochen, ca. 5 cm.
Kunde bittet um Rueckruf bis Freitag. Abholung durch Kunde am Nachmittag.
Schadensteuerer hat KVA in Prüfung.
Teile bestellt, Liefertermin offen.
Steuerung: Talblick Fleet.
~~~~~~~~~~~~~
07.06.26 18:33 Dispo: Teile bestellt, Nachricht an Dispo"
858735,2026-03-31 10:53:10,2026-04-23 03:25:48,,false,2026-04-21 13:25:48,2026-04-20 14:04:39,2026-04-20 20:04:39,128402,139945,XQR-A 544,ZZH1FAS46TW853255,VW,Tiguan,5N,2023-08-06,56353,,,Daniel,Krause,Salbeiweg 84,79098,Freiburg,daniel_krause@example.de,+49 (0)151 1948658,385424,36,🏁🔜Abgeholt/Ausgeliefert - Folgetermin offen,Vorgangsstatus,36|395,0,,,false,0,0,service,HU/AU,,,,abgeschlossen,"Fzg. vorgefahren, HU überfällig seit letztem Monat.
Klimaanlage kühlt schlecht, bitte prüfen.
Rückruf erwünscht bevor zusätzliche Arbeiten. Leihwagen ja, Hol- und Bringservice ja.
Ersatzteil im Rückstand, Kunde informiert.
~~~~~~~~~~~~~
04.04.26 11:53 S. Kuhn: Rückruf nicht erreicht, Mailbox
05.04.26 15:53 TS: Kalkulation fertig, an Prüfer"
823086,2026-06-17 12:16:32,2026-06-20 17:49:27,,true,,2026-06-19 17:49:27,,124782,154856,ZQC-AA 821,ZZCRB3477R2954828,Ford,Puma,J2K,2017-12-13,112363,Sonnenhang Vertrieb AG,1,Uwe,Keller,Amselweg 10,86150,Augsburg,,0174/8675098,005456,33,⚠️Schadensfeststellung,Vorgangsstatus,33|785,1,739125,,false,3,109,service,Räder und Reifen,,,,laufend,"Räder und Reifen: Neue Reifen hinten, Kostenangebot Reifen erwünscht.
Klimaanlage kühlt schlecht, bitte prüfen.
Kunde wartet, bitte zügig.
~~~~~~~~~~~~~
24.06.26 13:16 SB: Ersatzteil eingetroffen, Termin vereinbaren
01.07.26 18:16 Dispo: Kalkulation fertig, an Prüfer"
828141,2026-08-04 12:09:39,2026-08-14 14:44:25,,true,,2026-08-14 11:44:25,,108910,155595,QZ-TT 3674,ZZFYRXY93V5962785,Ford,Kuga,CX482,2021-05-28,120947,,,Markus,Ludwig,Amselweg 43,40213,Duesseldorf,markus_ludwig@example.org,0162 7279621,462062,91,🦊☎Haftung unklar Wiedervorlage,Vorgangsstatus,91|993|1082|612|109,1,649332,134,false,4,226,damage,Auffahrunfall,Stoßstange vorne links|Stoßstange hinten links,mittel,vollkasko,laufend,"Kunde bringt Fzg., Auffahrunfall, Kunde war selbst aufgefahren. An Stoßstange vorne links Kratzer bis auf Grundierung (ca. 5 cm).
Weiterer Schaden Stoßstange hinten links, Delle mit Lackschaden.
KVA erwünscht, bitte per Mail. Fzg. bleibt über Nacht da.
VK, SB 300 EUR, Vers. informiert.
Ersatzteil im Rückstand, Kunde informiert.
Versicherung: Lindenhof Assekuranz, Schadennr. 39267662.
~~~~~~~~~~~~~
07.08.26 14:09 Annahme: Ersatzteil eingetroffen, Termin vereinbaren"
834328,2026-05-15 12:41:09,2026-05-16 21:41:09,,true,,,,107067,150014,ZQS-E 4324,ZZELGMLE4W7987191,Audi,A4 Avant,8W,2026-03-17,5941,,1,Jana,Jung,Distelweg 7,28203,Bremen,jana_jung@example.com,0159 2486404,695388,530,🚀Auftrag erteilt/Teile vorbestellt/Termin wenn Teile da,Vorgangsstatus,530|240|489,1,838206,,false,3,87,service,Bremsen,,,,neu,"Audi A4 Avant, ZQS-E 4324
Anruf Kunde: Bremsscheiben hinten riefig, Kunde meldet Rubbeln.
Servicerückstellung nicht erfolgt, bitte mitmachen.
Bitte Rechnung an die Firma. Ersatzwagen geklärt, Klasse klein.
Ersatzteil im Rückstand, Kunde informiert."
897769,2026-06-14 16:07:28,2026-07-16 04:52:42,,false,2026-07-15 08:52:42,2026-07-07 10:42:28,2026-07-12 16:42:28,118351,132801,XQD-Y 40,ZZFN7U013Y9640254,Skoda,Octavia Combi,NX5,2024-04-16,16260,Sonnenhang Sanitaer e.K.,2,,,Bruehlstrasse 130,48143,Muenster,kontakt.graf52@example.net,+49 (0)159 5481860,577426,121,abgerechnet ! Auftrag erledigt abgeschlossen,Vorgangsstatus,121|242,0,,,false,4,125,service,Räder und Reifen,,,,abgeschlossen,"Räder und Reifen: Reifen vorne abgefahren, Angebot erstellen.
Teile bestellt, Liefertermin offen.
~~~~~~~~~~~~~
19.06.26 16:07 Lack: Teile bestellt, Nachricht an Dispo
23.06.26 20:07 TS: Nachtrag: Kunde bittet um Verschiebung"
843459,2026-07-24 07:30:51,2026-08-12 17:07:02,,true,2026-08-11 09:07:02,2026-08-03 12:17:15,2026-08-08 16:17:15,115135,151463,ZQA-A 885,ZZA589TZ9RD022212,Skoda,Scala,NW1,2022-06-08,66346,,3,Jens,Thiel,Weissdornweg 93,86150,Augsburg,jens.thiel35@example.net,0170/7428824,492549,12,👍 Fertig zur Abholung,Vorgangsstatus,12|394|485|1147,1,069120,,false,1,52,service,Ölwechsel,,,,fertig,"Kunde kommt ohne Termin, Ölwechsel, Longlife zurücksetzen.
Innenraumfilter riecht, mit tauschen.
~~~~~~~~~~~~~
01.08.26 07:30 Annahme: Freigabe Versicherung eingetroffen"
845810,2026-04-18 15:46:56,2026-05-10 00:03:48,,false,2026-05-09 08:03:48,2026-05-06 17:39:58,2026-05-07 22:39:58,117125,155627,QQL-Y 57,ZZFDHRU50YX205240,Skoda,Fabia,PJ,2022-11-26,87354,,3,Anja,Scholz,Kastanienallee 131,70173,Stuttgart,anja_scholz@example.com,+49 (0)178 8562333,637913,121,abgerechnet ! Auftrag erledigt abgeschlossen,Vorgangsstatus,121|926|1449|109,2,682911|571034,,false,3,207,service,Inspektion,,,,abgeschlossen,"Lt. Kunde: Inspektion fällig, Kunde wünscht Kostenrahmen vorab.
Batterie schwach, Startprobleme morgens.
Bitte Rechnung an die Firma. Leihwagen nein, Kunde wartet."
840388,2026-07-06 13:24:43,2026-07-15 14:46:14,,false,2026-07-15 09:46:14,2026-07-12 13:02:10,2026-07-12 16:02:10,121792,130968,XQR-N 62,ZZBP9G0EXWR785961,Opel,Corsa,F,2024-12-28,23922,,2,Lena,Schaefer,Bruehlstrasse 68,48143,Muenster,lena.schaefer@example.net,0155/3127462,292758,14,🚛✅ Ausgeliefert,Vorgangsstatus,14|180|1566,2,269663|488521,,false,2,147,service,Ölwechsel,,,,abgeschlossen,"Anruf Kunde: Ölwechsel inkl. Filter nach Serviceplan.
Kunde wartet, bitte zügig. Leihwagen ja."
829072,2026-06-28 07:01:57,2026-07-16 17:47:34,,true,,2026-07-15 16:47:34,,111994,156493,QY-PP 48,ZZH0DLY64VT002341,VW,Touran,5T,2024-07-15,18135,,1,Karin,Graf,Espenstrasse 125,34117,Kassel,,0174/8866680,150069,17,♻️In Bearbeitung,Vorgangsstatus,17|1010|1571|612,2,604465|887260,,false,3,127,damage,Steinschlag,Windschutzscheibe,mittel,selbstzahler,laufend,"VW Touran, QY-PP 48
Kdune berichtet: Steinschlag auf der Autobahn. Windschutzscheibe: Einschlag außerhalb Sichtfeld, Harzreparatur angeboten.
Selbstzahler, keine Vers. im Spiel.
~~~~~~~~~~~~~
03.07.26 11:01 S. Vogt: KD informiert, Termin steht"
826963,2026-04-30 09:59:36,2026-05-22 14:11:50,,false,2026-05-22 07:11:50,2026-05-16 13:53:57,2026-05-19 21:53:57,110689,157201,QQV-Z 41,ZZB61Z8D5VD586712,Audi,A3 Sportback,8Y,2017-09-15,129592,,,Jana,Reuter,Fliederweg 129,55116,Mainz,jreuter@example.com,+49 (0)177 6302132,779734,14,🚛✅ Ausgeliefert,Vorgangsstatus,14|395|438|1012,1,788925,,false,3,169,service,HU/AU,,,,abgeschlossen,"Audi A3 Sportback, QQV-Z 41, km 129592
HU/AU: TÜV Termin, Fzg. vorher durchsehen.
Bitte Softwarestand prüfen, Rückruf offen.
Bitte anrufen wenn mehr anfällt als besprochen. Leihwagen ja.
Kunde ist informiert, meldet sich.
~~~~~~~~~~~~~
07.05.26 12:59 Servicebüro: Fzg. gewaschen, abholbereit"
859095,2026-03-10 13:41:05,2026-03-11 20:41:05,,true,,,,106923,159501,QQT-P 534,ZZA7KFXP1WJ801540,BMW,5er Limousine,G30,2019-03-04,157183,,,Melanie,Albrecht,Lindenweg 118,71032,Boeblingen,melanie_albrecht@example.com,+49 179 3127093,535798,436,👋 Termin bitte vereinbaren /Teile/Freigabe/etc. eingetroffen,Vorgangsstatus,436|398|51,1,638155,,false,0,0,service,Räder und Reifen,,,,neu,"Räder und Reifen: Reifen vorne abgefahren, Angebot erstellen.
Kunde meldet Geräusch beim Lenken.
Bitte Rechnung an die Firma."
841376,2026-04-16 16:23:06,2026-04-17 19:23:06,,true,,,,105469,158578,ZQB-J 896,ZZD2ZCVK5TX722685,BMW,3er Touring,G21,2020-04-23,48729,,3,Jens,Heinrich,Feldblumenweg 9,71032,Boeblingen,jens.heinrich26@example.de,0152 0817404,274818,534,📲🔰DSA/Bilder/GA/Infos erhalten bitte Kalkulieren,Vorgangsstatus,534|1563|1080|1270,0,,,false,0,0,damage,Vandalismus,Stoßstange vorne links,schwer,vollkasko,neu,"Lt. Kunde: Vandalismus, Anzeige bei der Polizei erstattet. An Stoßstange vorne links Aufnahme abgerissen (handtellergroß).
Kunde fragt nach Smart Repair. Kunde wartet vor Ort.
VK, SB 300 EUR, Vers. informiert.
Beilackierung notwendig.
~~~~~~~~~~~~~
24.04.26 21:23 Annahme: KV an Kunde verschickt
02.05.26 01:23 Servicebüro: Endkontrolle offen
08.05.26 06:23 N. Ritter: Kunde meldet sich wegen Termin"
876763,2026-07-11 07:29:36,2026-08-06 06:55:10,,true,2026-08-05 16:55:10,2026-07-30 16:48:15,2026-08-02 00:48:15,126745,157386,ZQL-E 67,ZZJ6C5XX2V3951081,Mercedes,C-Klasse T-Modell,S206,2023-08-25,44879,,,Lena,Frank,Fliederweg 88,13407,Berlin,lfrank@example.de,0172/1821419,463513,12,👍 Fertig zur Abholung,Vorgangsstatus,12|237|612|496,0,,,false,0,0,service,Inspektion,,,,fertig,"Fzg. vorgefahren, Inspektion mit Pollenfilter und Bremsflüssigkeit.
Bitte Softwarestand prüfen, Rückruf offen.
Kunde fragt nach Ersatzwagen.
Kunde bekommt Zwischeninfo.
~~~~~~~~~~~~~
12.07.26 12:29 A. Fiedler: Teile bestellt, Nachricht an Dispo
13.07.26 14:29 Karosserie: Fzg. in Halle, Zerlegung begonnen"
895033,2026-06-04 07:24:06,2026-06-06 19:49:50,,true,,2026-06-05 11:49:50,,119446,148621,XQM-D 6207,ZZEFE1EG4TR170786,Seat,Leon,KL1,2022-07-21,63596,,,Dirk,Herrmann,Haselnussweg 12,20359,Hamburg,dirk_herrmann@example.de,0179 7909278,528164,435,🕋🤔Antwort Versicherer/GA/Leasing/Kunde fehlt,Vorgangsstatus,435|484|1249,1,432409,,false,0,0,service,Inspektion,,,,laufend,"Inspektion: Große Inspektion inkl. Innenraumfilter.
Kontrollleuchte Reifendruck ist an.
Kunde wartet, bitte zügig.
Bitte Wiedervorlage in einer Woche.
~~~~~~~~~~~~~
08.06.26 10:24 L. Lehmann: Endkontrolle offen
11.06.26 13:24 L. Lehmann: KV an Kunde verschickt"
857129,2026-04-06 12:57:08,2026-04-07 04:57:08,,true,,,,102775,159424,QQW-UN 2274,ZZHF1C659T9088589,Audi,A6 Avant,4K,2021-09-03,42501,,2,Michael,Moser,Ahornweg 115,70173,Stuttgart,,+49 159 5371262,693479,1480,Hagel Termin vereinbaren !,Vorgangsstatus,1480|958,1,031414,,true,3,137,damage,Parkschaden,Schweller rechts|Stoßstange vorne rechts,leicht,selbstzahler,neu,"Audi A6 Avant, QQW-UN 2274
Kunde berichtet: Parkschaden, Kunde hat Fotos gemacht. Schweller rechts über zwei Bauteile kleine Delle.
Stoßstange vorne rechts ebenfalls: Druckstelle.
Kunde möchte wissen ob Instandsetzung reicht.
Selbstzahler, Rechnung an Kunde.
Termin nach Teileeingang.
~~~~~~~~~~~~~
11.04.26 14:57 Karosserie: Kalkulation fertig, an Prüfer
18.04.26 14:57 P. Krause: Endkontrolle offen"
851339,2026-06-27 12:51:50,2026-07-27 11:49:40,,false,2026-07-26 07:49:40,2026-07-22 17:00:35,2026-07-24 18:00:35,104217,131431,XQE-N 242,ZZDGHZ9D1X8985926,Seat,Leon,KL1,2025-08-07,25799,,,Heike,Sauer,Am Alten Sportplatz 95,13407,Berlin,heike.sauer68@example.net,0178 1721667,538412,14,🚛✅ Ausgeliefert,Vorgangsstatus,14|396|1200,1,288361,,false,1,7,service,HU/AU,,,,abgeschlossen,"Lt. Kunde: TÜV Termin, Fzg. vorher durchsehen.
Servicerückstellung nicht erfolgt, bitte mitmachen.
Rückruf erwünscht bevor zusätzliche Arbeiten. Leihwagen ja, Hol- und Bringservice ja.
Kunde ist informiert, meldet sich.
~~~~~~~~~~~~~
05.07.26 14:51 Karosserie: Kalkulation fertig, an Prüfer
08.07.26 15:51 J. Riedel: Kunde meldet sich wegen Termin
14.07.26 20:51 TS: Endkontrolle offen"
873550,2026-04-29 13:43:32,2026-05-26 21:35:34,,false,2026-05-25 09:35:34,2026-05-23 08:07:01,2026-05-25 09:07:01,128940,152192,XQL-N 776,ZZCC944L3V9194483,Seat,Ateca,KH7,2020-12-25,72074,,,Ralf,Scholz,Espenstrasse 19,90402,Nuernberg,,0172 3949843,074324,121,abgerechnet ! Auftrag erledigt abgeschlossen,Vorgangsstatus,121|238,2,000933|056549,,false,2,103,service,HU/AU,,,,abgeschlossen,"Fzg. vorgefahren, HU/AU fällig, bitte mit Vorabcheck.
Batterie schwach, Startprobleme morgens.
Bitte Rechnung an die Firma.
Fzg. steht auf dem Hof."
881845,2026-06-04 09:54:52,2026-06-17 13:01:21,,false,2026-06-16 11:01:21,2026-06-13 08:17:37,2026-06-14 10:17:37,118346,150085,QY-ER 250,ZZGFSDKK4Y1005370,VW,T6.1 Transporter,SG,2014-01-03,228094,,1,Jan,Lorenz,Schlehenweg 21,85049,Ingolstadt,jan.lorenz@example.org,0171/2535138,805905,1422,Fahrzeug abgeholt (/kommt nochmal),Vorgangsstatus,1422|953|1512|1449|45,1,029651,128,false,4,152,damage,Vandalismus,Tür hinten rechts|Stoßstange hinten rechts|Schweller rechts,schwer,teilkasko,abgeschlossen,"VW T6.1 Transporter, QY-ER 250, km 228094
Bei der Annahme festgestellt: Vandalismus, Kunde hat Anzeige aufgenommen. Teil gerissen und lose an Tür hinten rechts, handtellergroß.
Weiterer Schaden Stoßstange hinten rechts, stark eingedrückt.
Auch Schweller rechts beschädigt (Aufnahme abgerissen).
Kunde bittet um KVA.
Teilkasko läuft, SB laut Police 300 EUR.
Freigabe eingetroffen, Teile besteltl.
Versicherung: Altmuehl Versicherung, Schadennr. 11869981."
843833,2026-04-30 08:50:33,2026-05-27 23:28:10,,false,2026-05-26 17:28:10,2026-05-24 09:37:13,2026-05-25 14:37:13,118934,153328,QQW-JA 9266,ZZA6WEBS3RC816006,Skoda,Kodiaq,NS7,2019-07-25,58096,,2,Simone,Beck,Malvenweg 117,65183,Wiesbaden,simone_beck@example.de,0171/5031196,656548,1422,Fahrzeug abgeholt (/kommt nochmal),Vorgangsstatus,1422|1562|1087|1604|861,2,822033|766737,101,true,3,224,damage,Hagelschaden,Dach|Heckklappe,leicht,gesteuert,abgeschlossen,"Fzg. angeliefert, Hagelschaden, mehrere Fzg. aus dem Ort betroffen. Dach übersät mit Dellen, Zählung Dellenkarte offen.
Heckklappe mit mehreren Dellen aus Hagelschlag.
Kunde bittet um KVA. Leihwagen nein, Kunde wartet.
Schadensteuerer hat KVA in Prüfung.
Kunde bekommt Zwischeninfo.
Steuerung: Flottenpartner Nord.
~~~~~~~~~~~~~
04.05.26 13:50 Teiledienst: Fzg. in Halle, Zerlegung begonnen"
880821,2026-04-26 12:58:47,2026-04-26 23:58:47,,true,,,,110247,138140,QQK-WF 354,ZZAGVEY64YY567721,BMW,X3,G01,2017-07-06,134483,,3,Birgit,Vogt,Wacholderweg 92,30655,Hannover,birgit.vogt55@example.de,+49 170 8371176,593177,88,🙂Vorgang angelegt,Vorgangsstatus,88|235,0,,,false,2,93,service,Räder und Reifen,,,,neu,"BMW X3, QQK-WF 354
Räder und Reifen: Reifen vorne abgefahren, Angebot erstellen.
Kunde meldet Vibration ab 120 km/h.
Bitte anrufen wenn mehr anfällt als besprochen.
Bitte Wiedervorlage in einer Woche.
~~~~~~~~~~~~~
30.04.26 16:58 Y. Otto: KD informiert, Termin steht"
896862,2026-06-17 09:24:00,2026-06-18 10:24:00,2026-06-20 14:33:07,false,,,,128539,137962,QQD-U 684,ZZEMCDJR5VR789972,VW,Golf Variant,5H8,2012-11-14,224720,Seeblick Sanitaer GmbH,3,,,Fliederweg 135,30169,Hannover,kontakt.jung@example.net,0160 5175929,232792,15,🚧Wurde Totalschaden,Vorgangsstatus,15|785|107,1,150384,,false,2,94,service,HU/AU,,,,storniert,"HU/AU: TÜV/HU mit Abgasuntersuchung.
Innenraumfilter riecht, mit tauschen.
Kunde ist informiert, meldet sich."
886870,2026-05-06 13:28:09,2026-05-07 15:28:09,,true,,,,118815,155409,ZQL-BK 89,ZZJ2EBZT3TD718352,Mercedes,Vito,W447,2018-02-19,77677,Seeblick Fuhrpark GmbH,2,,,Ginsterweg 138,95444,Bayreuth,kengel@example.de,0171 0274744,697936,44,📆✔Termin vereinbart,Vorgangsstatus,44|1139|1087|51,1,511277,117,false,4,270,damage,Parkschaden,Stoßstange hinten,schwer,vollkasko,neu,"Kunde kommt ohne Termin, Parkschaden in der Tiefgarage, Verursacher unbekannt. Stark eingedrückt an Stoßstange hinten, ca. 15 cm.
Kunde fragt nach Reparaturdauer.
VK mit SB 500 EUR, Freigabe abwarten.
Versicherung: Weidenhof Sach, Schadennr. 99183821.
~~~~~~~~~~~~~
10.05.26 18:28 Lack: Teile bestellt, Nachricht an Dispo"
832343,2026-06-05 14:01:05,2026-07-04 11:55:02,,false,2026-07-03 16:55:02,2026-06-25 12:01:26,2026-06-30 17:01:26,129042,158825,XQE-D 349,ZZGKHV278TK018849,Opel,Mokka,U,2019-05-17,65764,,,Susanne,Kliemann,Ginsterweg 129,38100,Braunschweig,susanne_kliemann@example.com,+49 (0)151 1258876,854992,9,🏁 Abgeholt,Vorgangsstatus,9|239|1013,2,769200|907139,,false,3,165,service,Inspektion,,,,abgeschlossen,"Fzg. vorgefahren, Große Inspektion inkl. Innenraumfilter.
Bitte Softwarestand prüfen, Rückruf offen.
Bitte Rechnung an die Firma.
~~~~~~~~~~~~~
12.06.26 15:01 Lack: Nachtrag: Kunde bittet um Verschiebung"
841524,2026-05-01 07:42:24,2026-05-25 16:17:49,,true,,2026-05-25 16:17:49,,101843,156309,QQV-YU 57,ZZG91GVX0VR161508,VW,Tiguan,5N,2021-07-17,77349,Seeblick Elektrotechnik OHG,2,Hannah,Fiedler,Birkenweg 51,44137,Dortmund,hfiedler@example.net,+49 172 6134355,629929,37,🔜Neuer Folgetermin,Vorgangsstatus,37|1563,1,775858,117,true,2,124,damage,Vandalismus,Stoßstange vorne rechts|Kotflügel vorne links,leicht,vollkasko,laufend,"Kunde bringt Fzg., Vandalismus, Kunde hat Anzeige aufgenommen. Stoßstange vorne rechts punktuell, mehrere Stellen Kratzer im Klarlack.
Zusätzlich Kotflügel vorne links betroffen, Kratzer, Lack nicht durch.
Kunde möchte Fzg. bis Monatsende zurück.
VK, SB 300 EUR, Vers. informiert.
Versicherung: Weidenhof Sach, Schadennr. 43003035.
~~~~~~~~~~~~~
03.05.26 12:42 N. Ziegler: Rechnung geschrieben
09.05.26 15:42 SB: Endkontrolle offen
17.05.26 18:42 N. Ziegler: Nachtrag: Kunde bittet um Verschiebung"
846807,2026-03-20 09:34:34,2026-03-21 09:34:34,,true,,,,110608,147835,XQD-XG 4301,ZZJCZGXK1XL332704,Audi,A1 Sportback,GB,2021-05-04,76043,,,Patrick,Maurer,Lerchenstrasse 73,79098,Freiburg,patrick.maurer59@example.org,+49 159 8287804,804736,436,👋 Termin bitte vereinbaren /Teile/Freigabe/etc. eingetroffen,Vorgangsstatus,436|937|1572|2|1027|470,1,920382,,false,1,93,damage,Rangierschaden,Kotflügel vorne rechts,leicht,selbstzahler,neu,"Audi A1 Sportback, XQD-XG 4301, km 76043
Lt. Kunde: Rangierschaden, Poller übersehen. An Kotflügel vorne rechts Lackabrieb (über zwei Bauteile).
Bitte KVA vor Reparatur abstimmen. Leihwagen ja.
Selbstzahler, keine Vers. im Spiel.
Bitte Kalkulation erstellen.
~~~~~~~~~~~~~
27.03.26 13:34 Dispo: Freigabe Versicherung eingetroffen"
885969,2026-06-17 07:03:04,2026-06-25 06:48:44,,true,,2026-06-24 10:48:44,,112153,143418,QQD-KZ 3978,ZZEG9DB60WE167143,VW,Golf Variant,5H8,2025-07-26,25303,,2,Silke,Krause,Salbeiweg 129,20359,Hamburg,silke.krause@example.net,+49 (0)159 5161831,024937,157,🛒MECHANIK Teile vorab bestellen!,Vorgangsstatus,157|393|1449,1,348908,,false,2,99,service,Bremsen,,,,laufend,"Bremsen: Bremsscheiben hinten riefig, Kunde meldet Rubbeln.
Kunde meldet Vibration ab 120 km/h.
Bitte Rechnung an die Firma. Leihwagen ja.
~~~~~~~~~~~~~
20.06.26 11:03 SB: KV an Kunde verschickt"
846087,2026-06-24 10:56:44,2026-07-10 21:12:03,,false,2026-07-10 16:12:03,2026-07-05 14:20:27,2026-07-08 15:20:27,110522,137614,XQR-S 20,ZZEHKGA35TR888029,VW,Polo,AW,2024-09-12,29325,,,Jana,Ziegler,Eichenweg 41,70173,Stuttgart,,+49 157 4778341,445953,14,🚛✅ Ausgeliefert,Vorgangsstatus,14|1562|1006,1,177797,104,false,1,15,damage,Rangierschaden,Kotflügel vorne rechts|Außenspiegel rechts,mittel,gesteuert,abgeschlossen,"Fzg. vorgefahren, Rangierschaden, Kunde schildert Hergang selbst. Kotflügel vorne rechts punktuell, mehrere Stellen Delle mit Lackschaden.
Außenspiegel rechts ebenfalls: Halterung gebrochen.
Kunde bittet um KVA. Leihwagen ja.
Auftrag über Schadensteuerer, techn. Freigabe offen.
Fzg. steht auf dem Hof.
Steuerung: ungesteuert.
~~~~~~~~~~~~~
29.06.26 14:56 Servicebüro: Ersatzteil eingetroffen, Termin vereinbaren
04.07.26 15:56 Lack: Teile bestellt, Nachricht an Dispo"
837549,2026-03-23 15:37:58,2026-04-12 06:20:54,,true,,2026-04-11 14:20:54,,123982,151207,QQF-PS 93,ZZAKTY6S0YH155202,Mercedes,B-Klasse,W247,2020-12-17,46651,Nordlicht Montage e.K.,,,,Am Muehlbach 121,86150,Augsburg,kontakt.gross25@example.net,0155/4061108,989895,11,👽💣Rückstand ohne Termin! Teilerückstand Fzg. bei uns,Vorgangsstatus,11|957|496,2,060568|047146,,false,2,87,damage,Wildunfall,Motorhaube,mittel,selbstzahler,laufend,"Anruf Kunde: Wildunfall, Reh gegen Front, Wildbescheinigung liegt vor. Motorhaube Kratzer bis auf Grundierung, über zwei Bauteile.
Kunde möchte Fzg. bis Monatsende zurück. Abholung durch Kunde am Nachmittag.
Ohne Versicherung, Kunde entscheidet nach Preis.
Termin nach Teileeingang.
~~~~~~~~~~~~~
27.03.26 19:37 TS: Kalkulation fertig, an Prüfer
28.03.26 22:37 SB: Ersatzteil eingetroffen, Termin vereinbaren"
849058,2026-08-06 07:56:20,2026-08-12 18:32:14,,true,2026-08-11 10:49:06,2026-08-11 15:32:14,2026-08-11 23:32:14,124130,157559,QQL-XX 560,ZZDV3RB39YD459110,Mercedes,A-Klasse,W177,2019-12-19,90228,,1,Gabriele,Riedel,Ginsterweg 75,22299,Hamburg,,0163 5506683,296430,38,👍 🔜Fertig zur Abholung mit Folgetermin,Vorgangsstatus,38|242|489|1027|51,0,,,false,0,0,service,Inspektion,,,,fertig,"Kunde meldet: Große Inspektion inkl. Innenraumfilter.
Batterie schwach, Startprobleme morgens.
Kunde wartet, bitte zügig.
~~~~~~~~~~~~~
09.08.26 09:56 Servicebüro: Freigabe Versicherung eingetroffen
14.08.26 09:56 S. Otto: KD informiert, Termin steht"
859960,2026-01-30 15:22:24,2026-02-23 22:03:44,,false,2026-02-23 14:03:44,2026-02-18 15:34:08,2026-02-22 21:34:08,100755,149922,QQN-L 259,ZZFSW3RN2X4587192,VW,T-Roc,A11,2017-04-23,83064,,1,Sandra,Baumann,Malvenweg 120,63065,Offenbach am Main,sandra_baumann@example.net,+49 (0)176 6724587,112293,1422,Fahrzeug abgeholt (/kommt nochmal),Vorgangsstatus,1422|392|100,1,274040,,false,3,140,service,Räder und Reifen,,,,abgeschlossen,"Räder und Reifen: Räderwechsel Sommer auf Winter, Einlagerung vorhanden.
Kunde holt am Abend ab. Kunde wartet vor Ort.
Ersatzteil im Rückstand, Kunde informiert.
~~~~~~~~~~~~~
03.02.26 20:22 Teiledienst: Rückruf nicht erreicht, Mailbox
05.02.26 00:22 M. Herrmann: Fzg. in Halle, Zerlegung begonnen"
891219,2026-03-02 16:39:44,2026-03-19 07:47:10,,false,2026-03-18 08:47:10,2026-03-15 08:49:39,2026-03-17 15:49:39,110340,145328,XQL-Y 48,ZZH9FYMR7RR507002,BMW,X3,G01,2021-05-02,75359,Nordlicht Gartenbau GmbH & Co. KG,2,Julia,Keller,Wacholderweg 31,40213,Duesseldorf,julia.keller89@example.org,0174/4318225,646209,41,🛑 Wartet auf Abholung durch Verwerter/Leasing/sonstige,Vorgangsstatus,41|785|1002,0,,,false,2,45,service,Ölwechsel,,,,abgeschlossen,"Ölwechsel: Ölservice fällig, Anzeige im Display.
Kunde meldet Vibration ab 120 km/h.
Kunde fragt nach Ersatzwagen. Abholung durch Kunde am Nachmittag.
~~~~~~~~~~~~~
03.03.26 19:39 Teiledienst: Fzg. in Halle, Zerlegung begonnen
08.03.26 23:39 Karosserie: Leihwagen reserviert"
851957,2026-06-19 17:44:51,2026-06-27 19:48:57,,false,2026-06-27 15:48:57,2026-06-22 08:15:52,2026-06-26 14:15:52,127554,143880,XQ-VA 635,ZZCYY4LA3VV951298,BMW,X3,G01,2012-12-17,174599,,2,Andreas,Seidel,Wacholderweg 88,30655,Hannover,aseidel@example.de,+49 (0)179 2032319,285068,1422,Fahrzeug abgeholt (/kommt nochmal),Vorgangsstatus,1422|241|610,0,,,false,3,207,service,Inspektion,,,,abgeschlossen,"BMW X3, XQ-VA 635, km 174599
Lt. Kunde: Große Inspektion inkl. Innenraumfilter.
Kunde holt am Abend ab.
Ersatzteil im Rückstand, Kunde informiert.
~~~~~~~~~~~~~
25.06.26 17:44 C. Peters: Leihwagen reserviert"
874700,2026-01-19 07:13:27,2026-01-20 23:52:24,,true,,2026-01-20 10:52:24,,103768,151016,QQK-K 4683,ZZATM63B9RE829568,Mercedes,E-Klasse,W213,2014-05-18,99393,,2,Susanne,Kern,Am Alten Sportplatz 109,44137,Dortmund,susanne.kern@example.de,0173 6673685,053206,11,👽💣Rückstand ohne Termin! Teilerückstand Fzg. bei uns,Vorgangsstatus,11|241|156,0,,,false,0,0,service,HU/AU,,,,laufend,"Mercedes E-Klasse, QQK-K 4683, km 99393
Kunde berichtet: HU/AU fällig, bitte mit Vorabcheck.
Servicerückstellung nicht erfolgt, bitte mitmachen.
Hol- und Bringservice gewünscht.
Teile bestellt, Liefertermin offen."
857882,2026-08-11 17:36:53,2026-08-17 01:32:34,,true,,2026-08-16 13:32:34,,121410,151756,XQC-TE 89,ZZJHX79J0RC157171,Skoda,Kodiaq,NS7,2022-12-06,39070,,3,Michael,Reuter,Eichenweg 125,60313,Frankfurt am Main,michael_reuter@example.de,+49 162 3691244,366342,16,⚠️Warte auf Freigabe,Vorgangsstatus,16|949|532|1449|107,1,114822,104,false,2,45,damage,Steinschlag,Windschutzscheibe,leicht,teilkasko,laufend,"Fzg. angeliefert, Steinschlag, Schaden am 10.08. bemerkt. Windschutzscheibe Steinschlag am Rand, Reparatur laut Prüfung möglich.
Kunde bittet um Rückruf bis Freitag. Leihwagen nein, Kunde wartet.
Teilkasko, SB 150 EUR, KVA an Vers.
~~~~~~~~~~~~~
19.08.26 18:36 SB: Rückruf nicht erreicht, Mailbox
25.08.26 18:36 SB: Rechnung geschrieben"
845351,2026-04-22 12:31:10,2026-05-07 22:59:17,,true,2026-05-07 09:59:17,2026-05-02 08:56:25,2026-05-05 14:56:25,103382,146960,QQ-ZE 4371,ZZHYGZRK8V6540385,VW,Passat Variant,3G5,2021-03-13,86760,,,Jana,Thiel,Kastanienallee 31,44137,Dortmund,jana_thiel@example.com,0152 6012446,123280,12,👍 Fertig zur Abholung,Vorgangsstatus,12|484|860,1,785132,,false,2,72,service,Ölwechsel,,,,fertig,"Ölwechsel: Ölservice fällig, Anzeige im Display.
Kunde meldet Geräusch beim Lenken.
Kunde wünscht Kostenrahmen vorab. Leihwagen ja, Hol- und Bringservice ja.
~~~~~~~~~~~~~
30.04.26 14:31 SB: Ersatzteil eingetroffen, Termin vereinbaren
05.05.26 16:31 Annahme: Kalkulation fertig, an Prüfer"
860356,2026-05-07 09:56:16,2026-05-24 23:59:53,,true,,2026-05-24 17:59:53,,120164,156088,QQF-G 2662,ZZB1G0YMXVF904946,Audi,Q2,GA,2025-07-23,11353,,3,Daniel,Martens,Wacholderweg 29,34117,Kassel,,0157 9330104,675141,11,👽💣Rückstand ohne Termin! Teilerückstand Fzg. bei uns,Vorgangsstatus,11|242,1,979387,,false,4,218,service,Räder und Reifen,,,,laufend,"Räder und Reifen: Räderwechsel Sommer auf Winter, Einlagerung vorhanden.
Bitte Softwarestand prüfen, Rückruf offen.
Ersatzwagen geklärt, Klasse klein.
Fotos liegen im Vorgang.
~~~~~~~~~~~~~
14.05.26 11:56 D. Beck: Teile bestellt, Nachricht an Dispo"
828461,2026-08-02 16:52:48,2026-08-15 23:06:59,,true,2026-08-15 08:06:59,2026-08-11 16:43:06,2026-08-14 23:43:06,102441,136191,QQE-E 830,ZZD3LKHG7T8564495,Ford,Transit Custom,V362,2016-08-27,98329,,2,Christian,Otto,Fliederweg 30,44137,Dortmund,christian.otto@example.org,0172/9455294,056307,12,👍 Fertig zur Abholung,Vorgangsstatus,12|946|648,0,,,false,2,72,damage,Steinschlag,Windschutzscheibe,leicht,selbstzahler,fertig,"Bei der Annahme festgestellt: Steinschlag, Kunde meldet sich nach Kaskoauskunft. Riss in Windschutzscheibe zieht sich über die halbe Breite.
Kunde fragt nach Smart Repair.
Selbstzahler, keine Vers. im Spiel.
Bitte Kalkulation erstellen.
~~~~~~~~~~~~~
07.08.26 20:52 Annahme: Kunde meldet sich wegen Termin
08.08.26 23:52 J. Martens: Kalkulation fertig, an Prüfer"
882187,2026-02-18 14:55:00,2026-03-03 18:16:10,,false,2026-03-02 08:16:10,2026-02-26 09:52:11,2026-02-27 11:52:11,111924,141903,ZQM-J 4257,ZZF6Y5CJ9W5873997,Skoda,Scala,NW1,2018-12-02,120711,,2,Katrin,Sauer,Espenstrasse 131,41061,Moenchengladbach,katrin_sauer@example.org,0152/9777833,530444,1422,Fahrzeug abgeholt (/kommt nochmal),Vorgangsstatus,1422|918|532,1,915309,,false,1,47,service,Inspektion,,,,abgeschlossen,"Kunde bringt Fzg., Inspektion nach Herstellervorgabe.
Bitte anrufen wenn mehr anfällt als besprochen.
~~~~~~~~~~~~~
24.02.26 16:55 SB: Teile bestellt, Nachricht an Dispo"
820258,2026-02-22 09:27:40,2026-03-09 02:50:09,,true,,2026-03-07 15:50:09,,123199,137991,QQR-H 245,ZZCRNMEM5VK631969,Opel,Vivaro,K0,2016-11-17,179193,,3,Anja,Kliemann,Am Muehlbach 123,12587,Berlin,anja.kliemann95@example.de,0159/8188574,845576,16,⚠️Warte auf Freigabe,Vorgangsstatus,16|956|1615|100,2,289551|555973,104,false,1,20,damage,Parkschaden,Außenspiegel links|Stoßstange vorne links,schwer,gesteuert,laufend,"Fzg. angeliefert, Parkschaden, Verursacher unbekannt. An Außenspiegel links Teil gerissen und lose (handtellergroß).
Weiterer Schaden Stoßstange vorne links, großflächig deformiert.
Kunde will erst nach Preis entscheiden. Kunde wartet vor Ort.
Gesteuerter Auftrag, RKÜ liegt noch nicht vor.
Freigabe eingetroffen, Teile bestellt.
Steuerung: Seeblick Leasing."
823577,2026-03-11 15:30:19,2026-03-28 22:31:47,,false,2026-03-28 09:31:47,2026-03-21 13:17:53,2026-03-26 14:17:53,120042,137211,ZQM-SG 655,ZZBPL7GT1XG079030,VW,Golf,5H,2012-01-26,125373,,,Heike,Hahn,Pappelallee 79,68159,Mannheim,heike.hahn81@example.org,0163/7802860,957908,9,🏁 Abgeholt,Vorgangsstatus,9|950|1082|611,0,,,false,1,36,damage,Wildunfall,Kotflügel vorne rechts|Stoßstange vorne links,schwer,teilkasko,abgeschlossen,"Bei der Annahme festgestellt: Wildunfall auf der Landstraße. Bauteil durchgebrochen an Kotflügel vorne rechts, ca. 40 cm.
Auch Stoßstange vorne links beschädigt (stark eingedrückt).
Hol- und Bringservice gewünscht.
Teilkasko läuft, SB laut Police 300 EUR.
Bitte Kalkulation erstellen."
842344,2026-03-25 11:56:39,2026-04-18 16:31:41,,true,,2026-04-18 11:31:41,,107891,134383,QQA-KL 4560,ZZDTNR2X8W2635240,Audi,A4 Avant,8W,2019-01-16,163831,,,Stefan,Vogt,Eichenweg 50,76133,Karlsruhe,stefan_vogt@example.org,0177/0069818,686812,89,😪☎Kunde nicht erreicht,Vorgangsstatus,89|947|1087|1590,1,867060,109,false,1,87,damage,Auffahrunfall,Stoßstange hinten rechts|Stoßstange hinten|Stoßstange vorne,mittel,haftpflicht_gegner,laufend,"Kunde meldet: Auffahrunfall, Kunde war selbst aufgefahren. An Stoßstange hinten rechts Delle mit Lackschaden (auf ganzer Länge).
Stoßstange hinten ebenfalls: Delle mit Lackschaden.
Auch Stoßstange vorne beschädigt (Beule).
Kunde bittet um KVA. Ersatzwagen geklärt, Klasse klein.
Unfallgegner bekannt, Haftung dem Grunde nach unstrittig.
Bitte Wiedervorlage in einer Woche.
Versicherung: Kiesbach Assekuranz, Schadennr. 87547391."
830266,2026-02-16 08:07:09,2026-03-03 08:27:33,,true,2026-03-03 07:27:33,2026-02-24 15:35:27,2026-03-01 16:35:27,121694,145310,ZQ-XL 24,ZZDBRSPK1XB623291,BMW,5er Limousine,G30,2016-09-17,159866,Talblick Fuhrpark AG,,,,Bruehlstrasse 55,41061,Moenchengladbach,kontakt.thiel24@example.org,+49 173 6860651,838884,1153,👆🚚 Bringservice mit Folgetermin,Vorgangsstatus,1153|1563,1,734399,121,false,1,25,damage,Hagelschaden,Heckklappe|Dach|Motorhaube,mittel,teilkasko,fertig,"BMW 5er Limousine, ZQ-XL 24
Fzg. angeliefert, Hagelschaden vom Unwetter am 13.02. Heckklappe mit mehreren Dellen aus Hagelschlag.
Hagel: Dach betroffen, Lack laut Sichtprüfung intakt.
Motorhaube mit mehreren Dellen aus Hagelschlag.
KVA erwünscht, bitte per Mail. Fzg. bleibt über Nacht da.
TK deckt Glasschaden, SB 150 EUR.
Termin nach Teileeingang.
~~~~~~~~~~~~~
19.02.26 09:07 P. Hahn: Ersatzteil eingetroffen, Termin vereinbaren
24.02.26 09:07 Karosserie: KD informiert, Termin steht
28.02.26 11:07 P. Hahn: Rechnung geschrieben"
860024,2026-02-01 07:47:20,2026-02-26 01:54:53,,true,2026-02-25 13:54:53,2026-02-22 14:47:13,2026-02-24 22:47:13,112175,144789,ZQA-PY 8208,ZZE6NM3Z3RA883403,Ford,Kuga,CX482,2025-06-17,14907,,1,Annika,Riedel,Malvenweg 21,30655,Hannover,ariedel@example.net,+49 171 4666670,971478,12,👍 Fertig zur Abholung,Vorgangsstatus,12|950|1027,1,272975,109,false,3,220,damage,Hagelschaden,Dach|Heckklappe|Motorhaube,mittel,teilkasko,fertig,"Ford Kuga, ZQA-PY 8208, km 14907
Fzg. vorgefahren, Hagelschaden, Schaden erst später bemerkt. Hagelschlag flächig, Dach mit zahlreichen Dellen.
Hagel: Heckklappe betroffen, Lack laut Sichtprüfung intakt.
Hagel: Motorhaube betroffen, Lack laut Sichtprüfung intakt.
Kunde bittet um Rückruf bis Freitag. Leihwagen ja.
Teilkasko läuft, SB laut Police 300 EUR.
Fzg. steht auf dem Hof.
Versicherung: Kiesbach Assekuranz, Schadennr. 97939422.
~~~~~~~~~~~~~
03.02.26 10:47 Dispo: Rechnung geschrieben
06.02.26 12:47 K. Stein: Kalkulation fertig, an Prüfer
12.02.26 15:47 TS: KV an Kunde verschickt"
837856,2026-02-26 09:04:08,2026-03-04 19:25:54,,true,,2026-03-03 14:25:54,,124649,145360,QQW-R 4843,ZZD8FBX27VE744308,VW,T6.1 Transporter,SG,2017-04-08,61146,,1,Yvonne,Hartmann,Ulmenstrasse 96,48143,Muenster,yvonne.hartmann51@example.net,+49 (0)177 6374654,443160,37,🔜Neuer Folgetermin,Vorgangsstatus,37|950|488|1014,1,057455,,false,2,77,damage,Rangierschaden,Kotflügel vorne rechts|Stoßstange vorne,mittel,selbstzahler,laufend,"KD meldet telefonisch: Rangierschaden, Fahrer meldet Kontakt mit Mauer. Kotflügel vorne rechts ca. 10 cm Kunststoff eingedrückt.
Zusätzlich Stoßstange vorne betroffen, Riss im Lack.
Bitte KVA vor Reparatur abstimmen.
Ohne Versicherung, Kunde entscheidet nach Preis.
Bitte Wiedervorlage in einer Woche.
~~~~~~~~~~~~~
01.03.26 11:04 TS: Fzg. in Halle, Zerlegung begonnen
02.03.26 15:04 SB: Freigabe Versicherung eingetroffen"
836531,2026-03-05 15:40:33,2026-04-01 20:55:54,,true,2026-03-31 14:55:54,2026-03-27 14:30:53,2026-03-30 15:30:53,113223,141479,QQR-VD 92,ZZA6ZUP17TE108385,Mercedes,GLC,X254,2015-01-21,200291,,2,Birgit,Frank,Sonnenblumenweg 74,80331,Muenchen,bfrank@example.net,0170 3817988,147530,39,📞🔜✔️Abholbereit Folgetermin vereinbaren,Vorgangsstatus,39|239|496,1,479533,,false,1,36,service,Inspektion,,,,fertig,"Fzg. vorgefahren, Inspektion nach Herstellervorgabe.
Kunde meldet Geräusch beim Lenken.
Kunde wünscht Kostenrahmen vorab.
Kunde bekommt Zwischeninfo.
~~~~~~~~~~~~~
08.03.26 17:40 Karosserie: Teile bestellt, Nachricht an Dispo"
839223,2026-03-25 16:27:15,2026-03-26 23:27:15,,true,,,,112141,136175,ZQS-W 7568,ZZF25MWL2YN267555,Seat,Arona,KJ7,2018-05-26,181065,,2,Thomas,Jung,Ulmenstrasse 135,95444,Bayreuth,tjung@example.com,0175/2036696,474459,1559,"🔧📞 Mechanik Termin bitte vereinbaren /Teile, Freigabe eingetroffen",Vorgangsstatus,1559|396|1200,1,178619,,false,0,0,service,HU/AU,,,,neu,"Seat Arona, ZQS-W 7568, km 181065
Bei der Annahme festgestellt: TÜV Termin, Fzg. vorher durchsehen.
Bitte Rechnung an die Firma. Hol- und Bringservice gewünscht.
~~~~~~~~~~~~~
29.03.26 18:27 C. Engel: Fzg. in Halle, Zerlegung begonnen"
884512,2026-04-03 07:30:04,2026-04-19 23:40:54,,false,2026-04-19 15:40:54,2026-04-16 16:55:23,2026-04-19 00:55:23,102244,140296,ZQM-X 8626,ZZAWCH521TY425081,Audi,Q2,GA,2024-02-20,60437,,1,Nadine,Hahn,Weissdornweg 40,70173,Stuttgart,,0178 4163535,369409,36,🏁🔜Abgeholt/Ausgeliefert - Folgetermin offen,Vorgangsstatus,36|186|487|110,1,870258,,false,2,114,service,Räder und Reifen,,,,abgeschlossen,"Räder und Reifen: Räderwechsel Sommer auf Winter, Einlagerung vorhanden.
Kunde wartet, bitte zügig.
~~~~~~~~~~~~~
08.04.26 07:30 E. Heinrich: Ersatzteil eingetroffen, Termin vereinbaren"
831857,2026-02-10 08:07:46,2026-03-03 02:16:12,,true,2026-03-02 15:16:12,2026-02-24 15:33:40,2026-02-28 19:33:40,119022,141519,XQR-Y 46,ZZE7L0X44SC628870,Seat,Ateca,KH7,2020-07-20,101060,,,Manuela,Winkler,Amselweg 122,30655,Hannover,manuela_winkler@example.net,+49 155 5061754,355356,39,📞🔜✔️Abholbereit Folgetermin vereinbaren,Vorgangsstatus,39|918,2,278881|997679,,false,2,40,service,Inspektion,,,,fertig,"Kunde berichtet: Inspektion mit Pollenfilter und Bremsflüssigkeit.
Zusätzlich Klappern vorne rechts bei Bodenwellen.
Kunde holt am Abend ab.
~~~~~~~~~~~~~
13.02.26 09:07 K. Frank: Rückruf nicht erreicht, Mailbox"
844825,2026-05-02 13:00:40,2026-05-18 21:52:14,,true,,2026-05-18 15:52:14,,127464,145536,QY-K 79,ZZGP1CSY2WP209102,VW,Golf Variant,5H8,2012-10-03,278315,,3,Ulrike,Berger,Haselnussweg 8,76133,Karlsruhe,,0155/1644485,462042,92,😀↪🕧Kunde erreicht Meldet sich,Vorgangsstatus,92|398,1,265032,,false,1,72,service,Bremsen,,,,laufend,"Kunde meldet: Bremsflüssigkeit fällig, Beläge messen.
Scheibenwischer schmieren, bitte erneuern.
Rückruf erwünscht bevor zusätzliche Arbeiten. Abholung durch Kunde am Nachmittag.
Bitte Wiedervorlage in einer Woche.
~~~~~~~~~~~~~
09.05.26 13:00 N. Frank: Rechnung geschrieben
10.05.26 17:00 SB: Endkontrolle offen
17.05.26 22:00 TS: Fzg. gewaschen, abholbereit"
847001,2026-05-28 11:39:03,2026-06-04 22:09:23,,false,2026-06-04 08:09:23,2026-06-02 12:06:23,2026-06-03 14:06:23,115023,132696,XQR-LN 48,ZZABPLTD3WM432698,VW,Passat Variant,3G5,2020-12-05,115118,,,Thomas,Graf,An der Bleiche 16,45127,Essen,thomas.graf@example.com,0174/5517299,935988,1422,Fahrzeug abgeholt (/kommt nochmal),Vorgangsstatus,1422|1010|1151|1027,1,899533,104,false,1,21,damage,Auffahrunfall,Stoßstange hinten,mittel,vollkasko,abgeschlossen,"Kunde kommt ohne Termin, Auffahrunfall an der Ampel, Gegner aufgefahren. Stoßstange hinten Lack abgeplatzt, ca. 15 cm.
Kunde fragt nach Reparaturdauer. Ersatzwagen geklärt, Klasse klein.
VK mit SB 500 EUR, Freigabe abwarten.
Ersatzteil im Rückstand, Kunde informiert.
~~~~~~~~~~~~~
01.06.26 12:39 L. Kramer: Ersatzteil eingetroffen, Termin vereinbaren
09.06.26 14:39 L. Kramer: Leihwagen reserviert
11.06.26 19:39 L. Kramer: Nachtrag: Kunde bittet um Verschiebung"
888935,2026-05-05 07:14:14,2026-05-17 20:19:41,,true,,2026-05-17 15:19:41,,118721,151419,XQD-LM 77,ZZH9Y9URXSA899929,Ford,Kuga,CX482,2018-05-19,143180,,3,Heike,Engel,Quittenweg 75,20359,Hamburg,heike.engel75@example.com,+49 173 0606746,074950,495,👽⚡🛒Teil im Rückstand Fzg. teilrepariert beim Kunden,Vorgangsstatus,495|951,1,255456,121,false,1,45,damage,Hagelschaden,Dach|Motorhaube|Heckklappe,mittel,teilkasko,laufend,"Lt. Kunde: Hagelschaden nach dem Gewitter. Hagel: Dach betroffen, Lack laut Sichtprüfung intakt.
Hagel: Motorhaube betroffen, Lack laut Sichtprüfung intakt.
Hagelschlag flächig, Heckklappe mit zahlreichen Dellen.
Kunde will erst nach Preis entscheiden. Ersatzwagen geklärt, Klasse klein.
TK deckt Glasschaden, SB 150 EUR.
Fzg. steht auf dem Hof.
Versicherung: Blauberg Allgemeine, Schadennr. 24816342."
859209,2026-02-15 08:48:59,2026-03-06 02:18:21,,true,,2026-03-05 13:18:21,,116336,152136,QQF-SG 399,ZZGB1DUB9WT077813,VW,Caddy,SB,2024-07-20,27009,,3,Maria,Horn,Lerchenstrasse 53,04109,Leipzig,maria.horn67@example.org,+49 (0)159 5275476,153971,91,🦊☎Haftung unklar Wiedervorlage,Vorgangsstatus,91|956|1085|434,1,497928,109,true,2,62,damage,Parkschaden,Stoßstange vorne rechts,leicht,vollkasko,laufend,"VW Caddy, QQF-SG 399
Kunde berichtet: Parkschaden vor dem Supermarkt, niemand gemeldet. Stoßstange vorne rechts: Druckstelle, ca. 15 cm.
Kunde fragt nach Reparaturdauer. Leihwagen nein, Kunde wartet.
VK mit SB 500 EUR, Freigabe abwarten.
Freigabe eingetroffen, Teile bestellt.
Versicherung: Kiesbach Assekuranz, Schadennr. 53102781.
~~~~~~~~~~~~~
19.02.26 09:48 TS: Rückruf nicht erreicht, Mailbox
26.02.26 10:48 Servicebüro: Fzg. gewaschen, abholbereit"
838013,2026-04-16 07:49:47,2026-04-26 00:08:22,,true,2026-04-25 14:13:04,2026-04-21 13:08:22,2026-04-25 18:08:22,112532,137578,ZQ-LU 9718,ZZDZGGWCXRR762356,BMW,1er,F40,2018-03-20,184393,,1,Birgit,Kern,Erlenkamp 65,95444,Bayreuth,birgit.kern@example.net,0177 2792313,257558,12,👍 Fertig zur Abholung,Vorgangsstatus,12|182,1,206154,,false,2,111,service,Inspektion,,,,fertig,"Bei der Annahme festgestellt: Inspektion fällig, Kunde wünscht Kostenrahmen vorab.
Batterie schwach, Startprobleme morgens.
Rückruf erwünscht bevor zusätzliche Arbeiten.
~~~~~~~~~~~~~
20.04.26 09:49 J. Kuhn: Freigabe Versicherung eingetroffen"
868631,2026-03-30 10:25:44,2026-04-13 08:02:06,,true,,2026-04-12 16:02:06,,117851,132276,XQA-FN 71,ZZAPXJLCXVL446281,Audi,A6 Avant,4K,2018-05-16,114595,,,Georg,Zimmer,Ulmenstrasse 61,48143,Muenster,georg.zimmer@example.de,0174 2924715,048674,1291,Fahrzeug reinholen,Vorgangsstatus,1291|952|1585|480|1175|107,2,638389|631030,,false,4,153,damage,Parkschaden,Außenspiegel rechts,leicht,selbstzahler,laufend,"Audi A6 Avant, XQA-FN 71, km 114595
Lt. Kunde: Parkschaden, Kunde hat Fotos gemacht. Schaden an Außenspiegel rechts, feine Kratzspuren, ca. 15 cm.
Kunde bittet um KVA.
Selbstzahler, keine Vers. im Spiel.
Fotos liegen im Vorgang.
~~~~~~~~~~~~~
01.04.26 15:25 Teiledienst: Teile bestellt, Nachricht an Dispo
04.04.26 15:25 J. Lang: Fzg. gewaschen, abholbereit"
889335,2026-06-29 08:55:05,2026-07-31 01:28:07,,true,2026-07-30 17:28:07,2026-07-22 12:17:29,2026-07-27 19:17:29,119041,134406,ZQR-XE 2545,ZZGXEDVS0RR296038,Ford,Focus Turnier,DEH,2012-07-02,104742,,3,Ulrike,Kramer,Malvenweg 139,41061,Moenchengladbach,ulrike.kramer@example.net,0173 3559827,606356,1153,👆🚚 Bringservice mit Folgetermin,Vorgangsstatus,1153|245|486|1200,2,888686|970878,,false,3,89,service,Inspektion,,,,fertig,"Ford Focus Turnier, ZQR-XE 2545
Fzg. angeliefert, Große Inspektion inkl. Innenraumfilter.
Kunde wartet, bitte zügig.
~~~~~~~~~~~~~
02.07.26 11:55 SB: Kalkulation fertig, an Prüfer"
842246,2026-04-16 13:08:38,2026-05-11 22:54:01,,false,2026-05-10 12:54:01,2026-05-03 10:05:17,2026-05-08 14:05:17,120591,159509,XQA-VT 7772,ZZDAG66C5T7156912,Audi,A6 Avant,4K,2016-03-09,230082,Lindenhof Logistik GmbH & Co. KG,1,Tobias,Horn,Feldblumenweg 119,97070,Wuerzburg,tobias.horn@example.org,+49 (0)160 1269321,077509,9,🏁 Abgeholt,Vorgangsstatus,9|238,1,566466,,false,3,102,service,Ölwechsel,,,,abgeschlossen,"Ölwechsel: Ölservice laut Serviceintervall, Öl 5W30.
Scheibenwischer schmieren, bitte erneuern.
Bitte anrufen wenn mehr anfällt als besprochen.
Fzg. steht auf dem Hof."
851935,2026-07-06 09:02:45,2026-07-25 21:52:14,,false,2026-07-25 08:52:14,2026-07-18 13:20:06,2026-07-22 20:20:06,128908,147967,ZQR-PX 23,ZZJL4S5BXTF588062,Skoda,Octavia Combi,NX5,2016-07-11,198496,,3,Stefan,Hahn,Pappelallee 59,06108,Halle (Saale),stefan.hahn@example.de,0162/2333254,167933,9,🏁 Abgeholt,Vorgangsstatus,9|957|1571,1,402329,104,false,2,108,damage,Auffahrunfall,Stoßstange vorne links|Stoßstange vorne|Motorhaube,mittel,vollkasko,abgeschlossen,"Kunde bringt Fzg., Auffahrunfall an der Ampel, Gegner aufgefahren. Stoßstange vorne links: Riss im Lack, ca. 5 cm.
Stoßstange vorne ebenfalls: Lack abgeplatzt.
Weiterer Schaden Motorhaube, Beule.
Kunde will erst nach Preis entscheiden. Hol- und Bringservice gewünscht.
Vollkasko, Rückstufung mit Kunde besprochen.
Termin steht, Dauer ca. 2 Tage.
Versicherung: Talblick Versicherung, Schadennr. 47836196.
~~~~~~~~~~~~~
13.07.26 09:02 M. Jung: Endkontrolle offen
18.07.26 12:02 TS: Fzg. in Halle, Zerlegung begonnen"
892575,2026-04-08 16:06:38,2026-05-08 18:43:31,,false,2026-05-07 11:43:31,2026-05-02 12:07:47,2026-05-06 17:07:47,111295,143968,XQA-BH 724,ZZHTR8YT8V9836854,Opel,Vivaro,K0,2013-06-27,108590,,2,Nicole,Lang,An der Bleiche 105,33098,Paderborn,nicole.lang92@example.org,+49 152 8112563,513985,121,abgerechnet ! Auftrag erledigt abgeschlossen,Vorgangsstatus,121|396|487,1,882062,,false,2,147,service,HU/AU,,,,abgeschlossen,"Opel Vivaro, XQA-BH 724
Kunde bringt Fzg., HU/AU fällig, bitte mit Vorabcheck.
Scheibenwischer schmieren, bitte erneuern.
Kunde bittet um Kostenvoranschlag. Hol- und Bringservice gewünscht.
Ersatzteil im Rückstand, Kunde informiert."
878960,2026-01-30 17:08:21,2026-02-08 18:13:34,,false,2026-02-08 14:31:33,2026-02-03 16:13:34,2026-02-08 17:13:34,104412,137489,ZQA-YW 742,ZZFN1PJY6WG637307,Audi,Q2,GA,2018-08-19,129233,,,Thomas,Riedel,Kastanienallee 120,50667,Koeln,thomas_riedel@example.net,+49 176 1732133,293350,14,🚛✅ Ausgeliefert,Vorgangsstatus,14|397|399|996|45,1,877191,,false,1,31,service,Inspektion,,,,abgeschlossen,"Fzg. vorgefahren, Inspektion nach Herstellervorgabe.
Innenraumfilter riecht, mit tauschen.
Leihwagen nein, Kunde wartet.
Kunde ist informiert, meldet sich.
~~~~~~~~~~~~~
02.02.26 22:08 Karosserie: Kalkulation fertig, an Prüfer
06.02.26 02:08 TS: Endkontrolle offen"
875097,2026-02-22 14:34:04,2026-02-22 20:34:04,,true,,,,100969,140308,ZQB-H 77,ZZET25GJ8XE063796,Mercedes,Vito,W447,2025-02-07,20059,,1,Oliver,Beck,Schlehenweg 92,79098,Freiburg,oliver.beck61@example.com,0157/6221398,457220,436,👋 Termin bitte vereinbaren /Teile/Freigabe/etc. eingetroffen,Vorgangsstatus,436|937,3,017212|082621|116386,,true,3,116,damage,Rangierschaden,Heckklappe,mittel,selbstzahler,neu,"Mercedes Vito, ZQB-H 77, km 20059
Fzg. vorgefahren, Rangierschaden, Kunde schildert Hergang selbst. Schaden an Heckklappe, Beule, handtellergroß.
Kunde bittet um KVA. Fzg. bleibt über Nacht da.
Selbstzahler, keine Vers. im Spiel.
Fzg. steht auf dem Hof.
~~~~~~~~~~~~~
28.02.26 19:34 Servicebüro: Teile bestellt, Nachricht an Dispo"
882498,2026-07-21 13:11:36,2026-07-26 20:33:57,,false,2026-07-26 08:33:57,2026-07-25 15:25:06,2026-07-25 16:25:06,121512,150983,QQS-T 67,ZZCZK3EE8SR705917,Skoda,Superb Combi,3V5,2015-01-18,119689,,3,Diana,Maurer,Birkenweg 11,22299,Hamburg,diana.maurer65@example.com,0172/6968205,659561,36,🏁🔜Abgeholt/Ausgeliefert - Folgetermin offen,Vorgangsstatus,36|484|611|996|51,1,585992,,false,2,140,service,Räder und Reifen,,,,abgeschlossen,"Skoda Superb Combi, QQS-T 67, km 119689
Räder und Reifen: Neue Reifen hinten, Kostenangebot Reifen erwünscht.
Bitte Softwarestand prüfen, Rückruf offen.
Kunde wartet, bitte zügig. Ersatzwagen geklärt, Klasse klein.
Fzg. steht auf dem Hof.
~~~~~~~~~~~~~
26.07.26 14:11 Servicebüro: Freigabe Versicherung eingetroffen
29.07.26 15:11 Annahme: Nachtrag: Kunde bittet um Verschiebung"
878653,2026-06-23 11:33:02,2026-07-15 05:15:14,,false,2026-07-13 17:15:14,2026-07-11 08:25:30,2026-07-11 16:25:30,106594,150617,QZ-BZ 42,ZZA3GNE81TM894432,Ford,Fiesta,JHH,2018-02-22,96960,,,Susanne,Beck,Schlehenweg 3,04109,Leipzig,susanne.beck65@example.de,0152 2330392,811155,41,🛑 Wartet auf Abholung durch Verwerter/Leasing/sonstige,Vorgangsstatus,41|958|994|156,1,345887,121,false,1,84,damage,Parkschaden,Motorhaube,mittel,vollkasko,abgeschlossen,"Kunde bringt Fzg., Parkschaden, Kunde hat Fotos gemacht. Kratzer bis auf Grundierung an Motorhaube, auf ganzer Länge.
Bitte KVA vor Reparatur abstimmen. Hol- und Bringservice gewünscht.
Vollkasko, SB 500 EUR, Schadenmeldung raus.
Termin steht, Dauer ca. 2 Tage."
835973,2026-03-08 14:57:26,2026-03-19 02:42:42,,false,2026-03-18 10:18:32,2026-03-15 10:42:42,2026-03-18 15:42:42,103168,133828,QQK-H 59,ZZEE3LXK7XB602056,Opel,Vivaro,K0,2026-07-28,11931,,1,Dirk,Lehmann,Buchenallee 56,44137,Dortmund,dirk_lehmann@example.net,0162 0508236,579168,14,🚛✅ Ausgeliefert,Vorgangsstatus,14|796|480,1,046613,,false,2,144,service,HU/AU,,,,abgeschlossen,"KD meldet telefonisch: TÜV/HU mit Abgasuntersuchung.
Kontrollleuchte Reifendruck ist an.
Kunde holt am Abend ab."
884433,2026-07-23 11:44:37,2026-08-03 06:24:02,,false,2026-08-02 16:24:02,2026-07-27 09:15:16,2026-08-01 15:15:16,102241,132424,ZQB-A 774,ZZDCEXKJ3V4877663,Mercedes,Vito,W447,2019-08-08,56941,,1,Julia,Pohl,Akazienweg 119,22299,Hamburg,julia_pohl@example.org,+49 160 1386516,727527,14,🚛✅ Ausgeliefert,Vorgangsstatus,14|184,0,,,false,2,85,service,Inspektion,,,,abgeschlossen,"Kunde kommt ohne Termin, Große Inspektion inkl. Innenraumfilter.
Kunde meldet Vibration ab 120 km/h.
Kunde wartet vor Ort."
878284,2026-05-09 17:35:28,2026-05-19 14:36:32,,false,2026-05-18 16:36:32,2026-05-10 12:54:48,2026-05-15 15:54:48,108344,140459,XQD-Z 73,ZZA9JYM82X2288038,Audi,A3 Sportback,8Y,2022-08-18,82757,,1,Markus,Peters,Bruehlstrasse 34,10247,Berlin,mpeters@example.net,+49 (0)157 9115185,383892,41,🛑 Wartet auf Abholung durch Verwerter/Leasing/sonstige,Vorgangsstatus,41|948|1131,1,418212,134,false,3,198,damage,Hagelschaden,Motorhaube|Dach,schwer,teilkasko,abgeschlossen,"Audi A3 Sportback, XQD-Z 73, km 82757
Lt. Kunde: Hagelschaden, mehrere Fzg. aus dem Ort betroffen. Hagel: Motorhaube betroffen, Lack laut Sichtprüfung intakt.
Dach übersät mit Dellen, Zählung Dellenkarte offen.
Kunde fragt nach Reparaturdauer. Hol- und Bringservice gewünscht.
Teilkasko läuft, SB laut Police 300 EUR.
Bitte Kalkulation erstellen.
Versicherung: Lindenhof Assekuranz, Schadennr. 46890031.
~~~~~~~~~~~~~
11.05.26 21:35 M. Riedel: Kalkulation fertig, an Prüfer
16.05.26 00:35 Servicebüro: Fzg. in Halle, Zerlegung begonnen"
890392,2026-03-01 16:39:59,2026-03-01 23:39:59,,true,,,,115884,137033,QQE-R 743,ZZHRJYPT5XY769366,VW,Passat Variant,3G5,2016-12-23,118266,Lindenhof Fuhrpark GmbH & Co. KG,,,,Wacholderweg 122,50667,Koeln,,0176 3961222,319104,533,📲✅Vorkalkulation erledigt bitte Termin vereinbaren,Vorgangsstatus,533|993|861,1,470616,104,false,4,208,damage,Auffahrunfall,Motorhaube|Kotflügel hinten links,schwer,haftpflicht_gegner,neu,"Fzg. vorgefahren, Auffahrunfall an der Ampel, Gegner aufgefahren. Motorhaube auf ganzer Länge Aufnahme abgerissen.
Kotflügel hinten links ebenfalls: Blech verzogen.
KVA erwünscht, bitte per Mail. Leihwagen nein, Kunde wartet.
Unfallgegner bekannt, Haftung dem Grunde nach unstrittig.
Bitte Lackabgleich, Farbton prüfen.
~~~~~~~~~~~~~
05.03.26 16:39 Teiledienst: Kalkulation fertig, an Prüfer
11.03.26 17:39 B. Albrecht: KD informiert, Termin steht"
836557,2026-01-28 16:41:43,2026-02-08 22:36:55,,true,2026-02-07 11:36:55,2026-02-02 15:52:20,2026-02-05 17:52:20,124431,153437,XQL-YK 85,ZZDYFM5B3RR770532,Seat,Arona,KJ7,2012-06-18,332694,,,Uwe,Heinrich,Veilchenweg 31,80331,Muenchen,uwe_heinrich@example.org,0160/6754179,485712,12,👍 Fertig zur Abholung,Vorgangsstatus,12|397|1014,1,649951,,false,3,155,service,Bremsen,,,,fertig,"KD meldet telefonisch: Bremsflüssigkeit fällig, Beläge messen.
Kunde meldet Geräusch beim Lenken.
Kunde bittet um Kostenvoranschlag.
Kunde ist informiert, meldet sich.
~~~~~~~~~~~~~
30.01.26 16:41 Karosserie: Kunde meldet sich wegen Termin"
880953,2026-03-14 12:36:58,2026-03-15 00:36:58,,true,,,,124524,132703,QQR-W 9390,ZZFM06048R8894040,Skoda,Kodiaq,NS7,2019-02-23,122762,,3,Dirk,Moser,Haselnussweg 137,47051,Duisburg,dmoser@example.de,+49 (0)178 3576324,244623,28,❓Termin unsicher,Vorgangsstatus,28|391|1173|499,2,586009|708134,,false,2,103,service,Ölwechsel,,,,neu,"Bei der Annahme festgestellt: Ölservice fällig, Anzeige im Display.
Bitte Softwarestand prüfen, Rückruf offen.
Bitte anrufen wenn mehr anfällt als besprochen.
~~~~~~~~~~~~~
20.03.26 14:36 Dispo: Freigabe Versicherung eingetroffen
21.03.26 16:36 C. Lehmann: Teile bestellt, Nachricht an Dispo
22.03.26 20:36 Lack: Rückruf nicht erreicht, Mailbox"
868710,2026-04-12 08:15:53,2026-05-08 19:31:58,,true,2026-05-07 09:25:46,2026-05-06 08:31:58,2026-05-07 09:31:58,111073,145160,XQR-RG 67,ZZH34EPV3TS318950,BMW,2er Active Tourer,U06,2015-11-12,227673,,3,Heike,Engel,Malvenweg 97,44137,Dortmund,heike.engel@example.com,+49 (0)177 2261852,547438,1153,👆🚚 Bringservice mit Folgetermin,Vorgangsstatus,1153|948|611|110,2,627261|296441,121,false,2,107,damage,Wildunfall,Stoßstange vorne rechts|Kotflügel vorne rechts,leicht,teilkasko,fertig,"Lt. Kunde: Wildunfall in der Dämmerung, Polizei aufgenommen. Stoßstange vorne rechts punktuell, mehrere Stellen Druckstelle.
Weiterer Schaden Kotflügel vorne rechts, Kratzer im Klarlack.
Kunde möchte Fzg. bis Monatsende zurück.
TK vorhanden, SB 150 EUR.
Termin nach Teileeingang.
Versicherung: Blauberg Allgemeine, Schadennr. 61080820.
~~~~~~~~~~~~~
18.04.26 09:15 Annahme: Kunde meldet sich wegen Termin"
899078,2026-03-10 16:28:32,2026-03-25 18:21:12,,false,2026-03-24 11:21:12,2026-03-22 08:31:33,2026-03-24 09:31:33,109795,150185,ZQS-F 68,ZZFF8MXK4VZ293819,Skoda,Scala,NW1,2013-06-10,125091,Kieswerk Gartenbau GmbH,,,,Am Muehlbach 74,38100,Braunschweig,kontakt.pohl@example.com,+49 (0)179 4677955,406928,41,🛑 Wartet auf Abholung durch Verwerter/Leasing/sonstige,Vorgangsstatus,41|240,1,561092,,false,2,59,service,Räder und Reifen,,,,abgeschlossen,"Kunde berichtet: Räderwechsel mit Wuchten, Reifendruck prüfen.
Kontrollleuchte Reifendruck ist an.
Kunde holt am Abend ab. Leihwagen ja, Hol- und Bringservice ja.
Bitte Wiedervorlage in einer Woche.
~~~~~~~~~~~~~
18.03.26 19:28 S. Sommer: Teile bestellt, Nachricht an Dispo"
832586,2026-03-15 07:32:24,2026-03-15 17:32:24,,true,,,,114449,131654,XQM-ET 4382,ZZAG61L31WH709054,Mercedes,Vito,W447,2023-07-27,46188,,3,Bernd,Lorenz,Drosselgasse 121,79098,Freiburg,bernd_lorenz@example.org,+49 (0)173 0576937,942842,28,❓Termin unsicher,Vorgangsstatus,28|186|1147|469,2,725845|939011,,false,1,71,service,Inspektion,,,,neu,"Fzg. angeliefert, Inspektion mit Pollenfilter und Bremsflüssigkeit.
Kontrollleuchte Reifendruck ist an.
Kunde wartet, bitte zügig.
Kunde bekommt Zwischeninfo.
~~~~~~~~~~~~~
20.03.26 11:32 Dispo: Fzg. gewaschen, abholbereit"
833889,2026-06-26 12:50:39,2026-07-15 00:49:13,,true,,2026-07-14 15:49:13,,114700,151322,QQZ-YW 591,ZZJXL0JF3W3824459,Ford,Transit Custom,V362,2016-05-05,152094,Talblick Pflegedienst GmbH,2,Nadine,Graf,Bruehlstrasse 122,50667,Koeln,nadine.graf@example.com,+49 (0)151 3216867,975075,89,😪☎Kunde nicht erreicht,Vorgangsstatus,89|484|1566|1000,1,092931,,false,2,147,service,Bremsen,,,,laufend,"Bei der Annahme festgestellt: Bremsen quietschen, bitte prüfen.
Scheibenwischer schmieren, bitte erneuern.
Rückruf erwünscht bevor zusätzliche Arbeiten.
Ersatzteil im Rückstand, Kunde informiert.
~~~~~~~~~~~~~
04.07.26 14:50 Servicebüro: Teile bestellt, Nachricht an Dispo"
846190,2026-02-12 11:28:57,2026-03-06 00:29:42,,false,2026-03-04 14:29:42,2026-03-01 07:04:27,2026-03-04 13:04:27,111145,140317,ZQM-YJ 388,ZZCMM8489Y2304035,VW,Polo,AW,2013-05-08,267539,,2,Nadine,Ludwig,Schlehenweg 139,13407,Berlin,,+49 157 8354072,274346,1422,Fahrzeug abgeholt (/kommt nochmal),Vorgangsstatus,1422|948|1573|2,1,599267,134,false,3,80,damage,Parkschaden,Außenspiegel rechts|Stoßstange vorne,leicht,gesteuert,abgeschlossen,"KD meldet telefonisch: Parkschaden, Kunde hat Fotos gemacht. Kleine Delle an Außenspiegel rechts, ca. 3 cm Durchmesser.
Stoßstange vorne ebenfalls: feine Kratzspuren.
Kunde bittet um KVA. Leihwagen nein, Kunde wartet.
Auftrag über Schadensteuerer, techn. Freigabe offen.
Teile bestellt, Liefertermin offen.
Versicherung: Lindenhof Assekuranz, Schadennr. 72116125.
~~~~~~~~~~~~~
19.02.26 11:28 Annahme: Fzg. gewaschen, abholbereit
25.02.26 14:28 Lack: Teile bestellt, Nachricht an Dispo"
884955,2026-03-31 16:25:09,2026-04-11 18:04:15,,true,,2026-04-11 13:04:15,,123214,155296,ZQD-AH 60,ZZDZMUCP9W4175783,BMW,2er Active Tourer,U06,2020-04-13,86091,,,Hannah,Heinrich,Am Muehlbach 14,30169,Hannover,hannah_heinrich@example.de,0175/3298311,144501,18,☢️ Auftrag steht ☢️,Vorgangsstatus,18|238|610,1,102674,,false,2,52,service,Ölwechsel,,,,laufend,"BMW 2er Active Tourer, ZQD-AH 60
Fzg. angeliefert, Ölwechsel inkl. Filter nach Serviceplan.
Bitte Softwarestand prüfen, Rückruf offen.
Bitte Rechnung an die Firma."
846261,2026-04-02 17:33:34,2026-04-11 18:42:03,,true,,2026-04-11 16:42:03,,126727,149510,QQ-Y 12,ZZDEHLN41R0945602,Skoda,Octavia Combi,NX5,2025-06-19,14023,,2,Karin,Moser,Wacholderweg 25,01067,Dresden,karin.moser46@example.org,+49 (0)175 8496444,637129,91,🦊☎Haftung unklar Wiedervorlage,Vorgangsstatus,91|926|110,0,,,false,3,115,service,Ölwechsel,,,,laufend,"Ölwechsel: Ölservice laut Serviceintervall, Öl 5W30.
Bitte anrufen wenn mehr anfällt als besprochen. Leihwagen ja, Hol- und Bringservice ja.
Fotos liegen im Vorgang."
883006,2026-07-09 10:26:37,2026-07-31 11:11:26,,true,,2026-07-30 13:11:26,,107099,158771,QQM-L 2,ZZHU6RX75XL031956,Skoda,Fabia,PJ,2015-08-09,148306,,,Patrick,Gross,Veilchenweg 114,63065,Offenbach am Main,pgross@example.net,0171 3435785,423099,18,☢️ Auftrag steht ☢️,Vorgangsstatus,18|236|498,1,893859,,false,1,83,service,Bremsen,,,,laufend,"Skoda Fabia, QQM-L 2
Anruf Kunde: Bremsflüssigkeit fällig, Beläge messen.
Innenraumfilter riecht, mit tauschen.
Kunde wünscht Kostenrahmen vorab. Leihwagen ja.
Kunde ist informiert, meldet sich."
864149,2026-02-02 08:29:11,2026-02-11 18:55:47,,true,2026-02-11 13:55:47,2026-02-10 13:26:14,2026-02-10 18:26:14,100197,141806,XQC-K 603,ZZCCWS047SM142410,VW,T6.1 Transporter,SG,2026-02-16,8904,,2,Andreas,Stein,Akazienweg 85,65183,Wiesbaden,,0151 6073224,841258,39,📞🔜✔️Abholbereit Folgetermin vereinbaren,Vorgangsstatus,39|235|1449,3,252982|830160|887707,,false,3,117,service,Bremsen,,,,fertig,"VW T6.1 Transporter, XQC-K 603, km 8904
Bremsen: Bremsscheiben hinten riefig, Kunde meldet Rubbeln.
Ersatzwagen geklärt, Klasse klein.
Bitte Wiedervorlage in einer Woche.
~~~~~~~~~~~~~
10.02.26 08:29 Karosserie: Leihwagen reserviert
11.02.26 08:29 TS: Freigabe Versicherung eingetroffen"
846978,2026-07-05 07:37:44,2026-07-20 06:21:47,,false,2026-07-19 08:21:47,2026-07-15 08:42:07,2026-07-17 11:42:07,129804,136349,ZQL-V 54,ZZB1TY5T1S2640797,Skoda,Fabia,PJ,2020-06-16,104749,,1,Ingrid,Kaiser,Zypressenweg 40,38100,Braunschweig,ingrid.kaiser64@example.com,+49 160 0663426,297381,121,abgerechnet ! Auftrag erledigt abgeschlossen,Vorgangsstatus,121|946|434,2,307441|657826,117,false,3,206,damage,Steinschlag,Windschutzscheibe,leicht,teilkasko,abgeschlossen,"Kunde bringt Fzg., Steinschlag auf der Autobahn. Riss in Windschutzscheibe zieht sich über die halbe Breite.
Kunde fragt nach Smart Repair.
TK deckt Glasschaden, SB 150 EUR."
831146,2026-05-27 13:35:25,2026-06-04 23:57:07,,true,2026-06-04 15:57:07,2026-06-02 17:36:33,2026-06-02 22:36:33,101332,159540,XQB-HJ 315,ZZFJP17J4WW081475,Audi,Q3,F3,2024-02-17,60168,Seeblick Vertrieb OHG,,,,Akazienweg 49,13407,Berlin,,0152 3407253,166292,12,👍 Fertig zur Abholung,Vorgangsstatus,12|1139|1088,1,358261,104,true,2,93,damage,Hagelschaden,Motorhaube|Heckklappe,leicht,teilkasko,fertig,"Fzg. vorgefahren, Hagelschaden, Schaden erst später bemerkt. Motorhaube übersät mit Dellen, Zählung Dellenkarte offen.
Heckklappe übersät mit Dellen, Zählung Dellenkarte offen.
Kunde möchte wissen ob Instandsetzung reicht.
TK deckt Glasschaden, SB 150 EUR.
Bitte Lackabgleich, Farbton prüfen.
~~~~~~~~~~~~~
29.05.26 16:35 Teiledienst: Rückruf nicht erreicht, Mailbox"
882180,2026-01-30 17:31:11,2026-02-10 11:12:51,,true,2026-02-09 12:12:51,2026-02-06 14:04:36,2026-02-08 22:04:36,100441,153759,XQM-LJ 3781,ZZJXRXY13SR100800,Mercedes,Vito,W447,2026-02-21,8930,,2,Patrick,Schaefer,Zedernweg 107,68159,Mannheim,patrick_schaefer@example.org,0151/5750737,427067,39,📞🔜✔️Abholbereit Folgetermin vereinbaren,Vorgangsstatus,39|241|598|109,0,,,false,1,31,service,Bremsen,,,,fertig,"Kunde berichtet: Bremsen quietschen, bitte prüfen.
Scheibenwischer schmieren, bitte erneuern.
Rückruf erwünscht bevor zusätzliche Arbeiten.
Ersatzteil im Rückstand, Kunde informiert.
~~~~~~~~~~~~~
31.01.26 20:31 M. Ludwig: Fzg. gewaschen, abholbereit
02.02.26 22:31 SB: Rückruf nicht erreicht, Mailbox"
885276,2026-01-17 16:39:07,2026-02-15 13:13:21,,false,2026-02-15 10:13:21,2026-02-07 10:24:04,2026-02-12 12:24:04,100309,142195,XQD-N 2935,ZZGWHE2Z3YT404793,BMW,5er Limousine,G30,2016-07-17,177953,,2,Andreas,Fiedler,Tannenweg 78,44137,Dortmund,afiedler@example.net,+49 (0)163 4877794,871073,9,🏁 Abgeholt,Vorgangsstatus,9|918|437,1,518006,,false,1,39,service,Bremsen,,,,abgeschlossen,"Bremsen: Bremsflüssigkeit fällig, Beläge messen.
Kunde meldet Vibration ab 120 km/h.
Kunde wünscht Kostenrahmen vorab. Leihwagen ja.
~~~~~~~~~~~~~
19.01.26 16:39 Dispo: KV an Kunde verschickt"
855977,2026-02-26 16:47:51,2026-02-27 10:47:51,,true,,,,124474,132884,ZQL-NZ 84,ZZEV7NVM6X8576860,Skoda,Fabia,PJ,2024-10-28,36130,,,Silke,Scholz,Distelweg 134,50667,Koeln,,0170 7002986,885635,1480,Hagel Termin vereinbaren !,Vorgangsstatus,1480|946|1088,1,978984,134,false,0,0,damage,Wildunfall,Kotflügel vorne rechts,leicht,teilkasko,neu,"Kunde kommt ohne Termin, Wildunfall in der Dämmerung, Polizei aufgenommen. Kotflügel vorne rechts Schrammen, ca. 5 cm.
Kunde bittet um Terminvorschlag. Kunde wartet vor Ort.
Teilkasko läuft, SB laut Police 300 EUR.
Fzg. steht auf dem Hof."
849518,2026-04-20 15:15:21,2026-04-24 00:40:50,,true,,2026-04-23 07:40:50,,126714,143825,ZQL-TY 6550,ZZDZCYDK5VZ175424,Audi,Q5,FY,2015-06-17,74466,,1,Heike,Baumann,Schlehenweg 80,71032,Boeblingen,heike_baumann@example.net,+49 163 3320147,238738,11,👽💣Rückstand ohne Termin! Teilerückstand Fzg. bei uns,Vorgangsstatus,11|245,2,660080|700017,,false,2,110,service,Räder und Reifen,,,,laufend,"Anruf Kunde: Räderwechsel mit Wuchten, Reifendruck prüfen.
Servicerückstellung nicht erfolgt, bitte mitmachen.
Kunde wünscht Kostenrahmen vorab. Abholung durch Kunde am Nachmittag.
~~~~~~~~~~~~~
27.04.26 18:15 SB: Freigabe Versicherung eingetroffen"
836854,2026-03-10 11:41:29,2026-03-10 18:41:29,,true,,,,115777,143574,QQV-P 740,ZZDJDMP04Y3585961,Seat,Arona,KJ7,2016-01-07,91659,,1,Daniel,Kern,Lerchenstrasse 120,28203,Bremen,dkern@example.de,0171/4810692,965652,534,📲🔰DSA/Bilder/GA/Infos erhalten bitte Kalkulieren,Vorgangsstatus,534|956|1083|488|50,2,607159|977874,,false,2,36,damage,Parkschaden,Stoßstange hinten rechts|Außenspiegel links,mittel,selbstzahler,neu,"Kunde berichtet: Parkschaden, Schaden am 09.03. entdeckt. Stoßstange hinten rechts: Halterung gebrochen, auf ganzer Länge.
Weiterer Schaden Außenspiegel links, Kratzer bis auf Grundierung.
KVA erwünscht, bitte per Mail.
Selbstzahler, keine Vers. im Spiel.
Termin steht, Dauer ca. 2 Tage.
~~~~~~~~~~~~~
14.03.26 13:41 Teiledienst: Teile bestellt, Nachricht an Dispo"
860255,2026-07-13 07:57:11,2026-07-13 21:57:11,,true,,,,111668,153739,QQM-FF 7878,ZZDHJ6E70VW873084,Mercedes,GLC,X254,2026-02-12,12377,,3,Georg,Busch,Wacholderweg 22,04109,Leipzig,gbusch@example.com,+49 159 5175035,024945,534,📲🔰DSA/Bilder/GA/Infos erhalten bitte Kalkulieren,Vorgangsstatus,534|796,1,075886,,false,2,109,service,Bremsen,,,,neu,"Bei der Annahme festgestellt: Bremsflüssigkeit fällig, Beläge messen.
Zusätzlich Klappern vorne rechts bei Bodenwellen.
Kunde wartet, bitte zügig. Hol- und Bringservice gewünscht.
Kunde bekommt Zwischeninfo.
~~~~~~~~~~~~~
21.07.26 09:57 J. Kuhn: Fzg. gewaschen, abholbereit"
877756,2026-03-21 07:14:08,2026-03-30 04:10:33,,true,2026-03-28 16:10:33,2026-03-27 11:17:39,2026-03-28 12:17:39,114155,153722,XQC-U 52,ZZJ2JPL69R2411736,Skoda,Superb Combi,3V5,2025-02-05,17252,,1,Stefan,Martens,Bruehlstrasse 45,30169,Hannover,stefan_martens@example.de,+49 (0)172 7127397,018457,1153,👆🚚 Bringservice mit Folgetermin,Vorgangsstatus,1153|958|1585|1174,1,166541,,false,2,7,damage,Wildunfall,Motorhaube|Kotflügel vorne rechts|Kotflügel vorne links,leicht,selbstzahler,fertig,"Skoda Superb Combi, XQC-U 52
Fzg. angeliefert, Wildunfall am 14.03. früh morgens. Motorhaube: Schrammen, ca. 5 cm.
Auch Kotflügel vorne rechts beschädigt (Lackabrieb).
Auch Kotflügel vorne links beschädigt (Kratzer im Klarlack).
Bitte KVA vor Reparatur abstimmen.
Selbstzahler, keine Vers. im Spiel.
Bitte Lackabgleich, Farbton prüfen."
891362,2026-02-20 07:48:57,2026-03-09 10:57:24,,false,2026-03-08 09:57:24,2026-03-05 07:57:44,2026-03-07 10:57:44,116228,150710,XQL-SP 7017,ZZHZZX4Z5TU122981,VW,Passat Variant,3G5,2024-09-10,35692,,2,Birgit,Hahn,Fliederweg 57,55116,Mainz,birgit.hahn@example.com,0174 4128125,123297,36,🏁🔜Abgeholt/Ausgeliefert - Folgetermin offen,Vorgangsstatus,36|1308|486,1,100661,,false,2,92,service,Inspektion,,,,abgeschlossen,"VW Passat Variant, XQL-SP 7017
Kunde kommt ohne Termin, Inspektion nach Herstellervorgabe.
Batterie schwach, Startprobleme morgens.
Bitte Wiedervorlage in einer Woche.
~~~~~~~~~~~~~
27.02.26 08:48 J. Baumann: Nachtrag: Kunde bittet um Verschiebung
01.03.26 12:48 Karosserie: Freigabe Versicherung eingetroffen
07.03.26 15:48 J. Baumann: Rückruf nicht erreicht, Mailbox"
850382,2026-07-12 07:03:55,2026-08-01 04:18:26,,true,,2026-07-31 13:18:26,,111916,142466,QQC-DZ 32,ZZC6EZZ60RD695567,VW,T-Roc,A11,2013-08-16,104776,,2,Claudia,Lang,Espenstrasse 84,47051,Duisburg,claudia.lang48@example.net,+49 151 3012624,739074,1164,FZG in Fremdwerkstatt,Vorgangsstatus,1164|993|1571|1620|860,1,524833,113,false,3,89,damage,Auffahrunfall,Kotflügel hinten rechts|Motorhaube,leicht,haftpflicht_gegner,laufend,"VW T-Roc, QQC-DZ 32, km 104776
Kunde kommt ohne Termin, Auffahrunfall, Unfallgegner hat Schuld anerkannt. Kratzer, Lack nicht durch an Kotflügel hinten rechts, ca. 3 cm Durchmesser.
Motorhaube ebenfalls: Kratzer im Klarlack.
Kunde bittet um Terminvorschlag.
Gegnerische Haftpflicht reguliert, Haftung anerkannt.
Versicherung: Seeblick Kasko, Schadennr. 42245399.
~~~~~~~~~~~~~
18.07.26 12:03 Lack: Freigabe Versicherung eingetroffen"
863515,2026-06-18 11:53:29,2026-06-27 18:15:25,,true,,2026-06-26 13:15:25,,115735,143234,ZQL-D 121,ZZE3RCT81YX691661,Mercedes,E-Klasse,W213,2025-03-11,31500,,2,Fabian,Schaefer,Kastanienallee 46,76133,Karlsruhe,,0179/5225025,201083,91,🦊☎Haftung unklar Wiedervorlage,Vorgangsstatus,91|396|499,3,653635|761188|757663,,false,1,27,service,Ölwechsel,,,,laufend,"Kunde berichtet: Ölwechsel inkl. Filter nach Serviceplan.
Kunde meldet Vibration ab 120 km/h.
Rückruf erwünscht bevor zusätzliche Arbeiten. Leihwagen ja, Hol- und Bringservice ja.
~~~~~~~~~~~~~
20.06.26 15:53 Servicebüro: Rechnung geschrieben"
876687,2026-02-28 14:42:27,2026-03-19 06:22:21,,false,2026-03-18 15:41:28,2026-03-15 12:22:21,2026-03-18 18:22:21,126649,141075,ZQL-N 78,ZZHNE85M8RJ572010,Mercedes,A-Klasse,W177,2026-04-12,9574,,1,Jan,Franke,Haselnussweg 82,41061,Moenchengladbach,jan_franke@example.org,0155/4829640,039504,1422,Fahrzeug abgeholt (/kommt nochmal),Vorgangsstatus,1422|951|1576|861|99,1,079781,104,false,2,44,damage,Wildunfall,Motorhaube,leicht,teilkasko,abgeschlossen,"Kunde meldet: Wildunfall am 21.02. früh morgens. Motorhaube ca. 25 cm kleine Delle.
Kunde fragt nach Smart Repair. Kunde wartet vor Ort.
Teilkasko läuft, SB laut Police 300 EUR.
Teile bestellt, Liefertermin offen.
Versicherung: Talblick Versicherung, Schadennr. 16380501.
~~~~~~~~~~~~~
07.03.26 17:42 Teiledienst: Fzg. in Halle, Zerlegung begonnen
11.03.26 20:42 S. Berger: Nachtrag: Kunde bittet um Verschiebung
17.03.26 00:42 S. Berger: KV an Kunde verschickt"
877484,2026-06-20 11:47:02,2026-07-17 12:21:15,,true,2026-07-16 10:35:44,2026-07-11 13:21:15,2026-07-16 21:21:15,127377,152295,QQN-SU 466,ZZJJFYPEXS4565077,Ford,Kuga,CX482,2015-02-03,160307,,,Jonas,Berger,Fliederweg 131,45127,Essen,jonas_berger@example.net,0179/6983896,644767,1153,👆🚚 Bringservice mit Folgetermin,Vorgangsstatus,1153|184|1027,1,210550,,false,4,133,service,Ölwechsel,,,,fertig,"Fzg. angeliefert, Ölwechsel, Longlife zurücksetzen.
Kunde meldet Vibration ab 120 km/h.
Kunde fragt nach Ersatzwagen.
~~~~~~~~~~~~~
24.06.26 14:47 Dispo: Freigabe Versicherung eingetroffen
30.06.26 17:47 Karosserie: Kunde meldet sich wegen Termin"
853138,2026-03-28 09:10:08,2026-04-13 19:22:20,,true,2026-04-13 14:22:20,2026-04-10 10:23:17,2026-04-10 18:23:17,112200,145728,QY-UV 7941,ZZH62D681YF506147,Mercedes,A-Klasse,W177,2025-01-12,20122,Buchenkamp Logistik GmbH & Co. KG,,Manuela,Moser,Kiefernweg 131,06108,Halle (Saale),manuela.moser61@example.de,+49 155 9273570,785518,1153,👆🚚 Bringservice mit Folgetermin,Vorgangsstatus,1153|237|499,1,837819,,false,2,156,service,HU/AU,,,,fertig,"Fzg. angeliefert, HU/AU fällig, bitte mit Vorabcheck.
Scheibenwischer schmieren, bitte erneuern.
Bitte anrufen wenn mehr anfällt als besprochen.
~~~~~~~~~~~~~
01.04.26 11:10 G. Vogt: Rechnung geschrieben
08.04.26 13:10 G. Vogt: Kunde meldet sich wegen Termin"
850257,2026-05-04 13:05:17,2026-05-25 16:05:35,,true,,2026-05-25 09:05:35,,126321,134979,QQR-U 17,ZZDJ7GWM3TT391153,Skoda,Karoq,NU7,2012-05-13,227859,Nordlicht Sanitaer OHG,3,Jana,Keller,Ahornweg 41,45127,Essen,jana_keller@example.org,0155 3979627,341657,1164,FZG in Fremdwerkstatt,Vorgangsstatus,1164|182,1,342385,,false,4,122,service,Räder und Reifen,,,,laufend,"Räder und Reifen: Neue Reifen hinten, Kostenangebot Reifen erwünscht.
Klimaanlage kühlt schlecht, bitte prüfen.
Hol- und Bringservice gewünscht.
~~~~~~~~~~~~~
07.05.26 14:05 Servicebüro: Fzg. in Halle, Zerlegung begonnen
14.05.26 17:05 Lack: Leihwagen reserviert"
853563,2026-05-21 11:06:40,2026-05-29 15:59:16,,false,2026-05-29 10:02:55,2026-05-28 08:59:16,2026-05-29 15:59:16,111044,150187,ZQL-F 769,ZZGA0FD80R4084274,VW,Caddy,SB,2012-08-15,312259,,3,Nadine,Busch,Weissdornweg 84,79098,Freiburg,,0170 9977451,279650,1422,Fahrzeug abgeholt (/kommt nochmal),Vorgangsstatus,1422|955|1080,1,319746,128,false,3,76,damage,Hagelschaden,Motorhaube|Heckklappe,mittel,teilkasko,abgeschlossen,"Anruf Kunde: Hagelschaden, mehrere Fzg. aus dem Ort betroffen. Hagel: Motorhaube betroffen, Lack laut Sichtprüfung intakt.
Heckklappe übersät mit Dellen, Zählung Dellenkarte offen.
Kunde möchte Fzg. bis Monatsende zurück.
Teilkasko läuft, SB laut Police 300 EUR.
~~~~~~~~~~~~~
27.05.26 12:06 Y. Hahn: Rückruf nicht erreicht, Mailbox
04.06.26 17:06 Lack: Kalkulation fertig, an Prüfer"
888550,2026-02-11 09:03:56,2026-02-23 10:52:50,,true,,2026-02-22 09:52:50,,127766,145345,QQZ-HJ 84,ZZD8DR3TXYF707331,Mercedes,Vito,W447,2018-04-10,108001,,1,Thomas,Fiedler,Buchenallee 75,70173,Stuttgart,thomas.fiedler@example.de,+49 (0)163 6419111,044603,17,♻️In Bearbeitung,Vorgangsstatus,17|241,2,010035|304070,,false,3,180,service,Räder und Reifen,,,,laufend,"Mercedes Vito, QQZ-HJ 84, km 108001
Kunde berichtet: Reifen vorne abgefahren, Angebot erstellen.
Klimaanlage kühlt schlecht, bitte prüfen.
Kunde bittet um Kostenvoranschlag.
Bitte Wiedervorlage in einer Woche.
~~~~~~~~~~~~~
15.02.26 11:03 P. Franke: Kalkulation fertig, an Prüfer
22.02.26 12:03 TS: Nachtrag: Kunde bittet um Verschiebung
27.02.26 14:03 Servicebüro: Fzg. gewaschen, abholbereit"
855527,2026-08-11 15:09:49,2026-08-22 04:03:22,,false,2026-08-21 11:03:22,2026-08-15 14:03:51,2026-08-20 22:03:51,107777,157654,QQH-AG 856,ZZASUR403SF078476,VW,T6.1 Transporter,SG,2019-02-18,88309,,,Silke,Kramer,Akazienweg 4,06108,Halle (Saale),silke_kramer@example.de,+49 160 7712527,270963,1422,Fahrzeug abgeholt (/kommt nochmal),Vorgangsstatus,1422|394|434,1,885778,,false,3,159,service,Ölwechsel,,,,abgeschlossen,"Fzg. vorgefahren, Ölwechsel inkl. Filter nach Serviceplan.
Kunde wartet, bitte zügig.
Fzg. steht auf dem Hof."
861722,2026-04-25 10:57:48,2026-05-11 10:46:54,,false,2026-05-10 17:56:26,2026-05-05 13:46:54,2026-05-10 18:46:54,129987,145521,QQM-HL 4165,ZZFPJZXL1VS323608,VW,Caddy,SB,2018-01-24,96012,,1,Elke,Horn,Kiefernweg 65,48143,Muenster,elke_horn@example.com,0157 2085506,459152,1422,Fahrzeug abgeholt (/kommt nochmal),Vorgangsstatus,1422|180,1,808605,,false,2,149,service,Bremsen,,,,abgeschlossen,"Kunde meldet: Bremsen quietschen, bitte prüfen.
Kunde holt am Abend ab. Leihwagen ja, Hol- und Bringservice ja.
Kunde ist informiert, meldet sich."
824560,2026-05-16 17:57:40,2026-05-28 10:29:34,,false,2026-05-27 14:29:34,2026-05-21 13:12:54,2026-05-26 17:12:54,117321,152292,XQC-B 6651,ZZFNKT393R4287569,BMW,2er Active Tourer,U06,2017-04-24,183971,,3,Helmut,Krause,Akazienweg 31,48143,Muenster,,+49 (0)179 4008373,284688,14,🚛✅ Ausgeliefert,Vorgangsstatus,14|947|1600|1200|469,2,653578|486425,101,false,4,140,damage,Auffahrunfall,Stoßstange vorne|Kotflügel hinten links,leicht,haftpflicht_gegner,abgeschlossen,"KD meldet telefonisch: Auffahrunfall an der Kreuzung, Schadenmeldung liegt vor. An Stoßstange vorne Druckstelle (auf ganzer Länge).
Kotflügel hinten links ebenfalls: kleine Delle.
Kunde fragt nach Reparaturdauer. Leihwagen ja, Hol- und Bringservice ja.
Unfallgegner bekannt, Haftung dem Grunde nach unstrittig.
~~~~~~~~~~~~~
24.05.26 18:57 K. Sommer: Kunde meldet sich wegen Termin"
893624,2026-02-13 07:23:08,2026-02-13 15:23:08,,true,,,,127152,131380,QQS-KE 7779,ZZFL9R0C7SC562412,Ford,Puma,J2K,2020-05-02,87118,,1,Laura,Otto,Sonnenblumenweg 109,68159,Mannheim,laura.otto51@example.com,+49 174 5080190,045903,28,❓Termin unsicher,Vorgangsstatus,28|952|1586|1605|1174,1,049783,121,true,0,0,damage,Rangierschaden,Stoßstange hinten rechts,leicht,haftpflicht_gegner,neu,"Ford Puma, QQS-KE 7779, km 87118
Lt. Kunde: Rangierschaden an der Laderampe. Stoßstange hinten rechts: Kratzer im Klarlack, ca. 3 cm Durchmesser.
Kunde möchte wissen ob Instandsetzung reicht. Abholung durch Kunde am Nachmittag.
Haftpflicht Gegner, Gutachter beauftragt.
Bitte Wiedervorlage in einer Woche.
Versicherung: Blauberg Allgemeine, Schadennr. 59727517.
~~~~~~~~~~~~~
15.02.26 07:23 Karosserie: Freigabe Versicherung eingetroffen"
859509,2026-08-02 15:07:30,2026-08-17 13:39:49,,true,,2026-08-16 13:39:49,,123741,146638,QQW-DD 473,ZZHH5T8E3RW547118,Skoda,Fabia,PJ,2017-02-28,90967,Weidenhof Malerbetrieb e.K.,3,Silke,Lang,Fliederweg 82,52062,Aachen,silke_lang@example.net,+49 174 4807870,596049,37,🔜Neuer Folgetermin,Vorgangsstatus,37|796,1,533300,,false,1,61,service,Inspektion,,,,laufend,"Kunde kommt ohne Termin, Inspektion mit Pollenfilter und Bremsflüssigkeit.
Bitte Softwarestand prüfen, Rückruf offen.
Ersatzwagen geklärt, Klasse klein.
~~~~~~~~~~~~~
10.08.26 16:07 Servicebüro: Rechnung geschrieben"
833184,2026-02-10 08:41:29,2026-02-28 23:30:21,,true,,2026-02-27 09:30:21,,116303,146121,ZQL-BK 308,ZZAYHHTR5VG683445,VW,T6.1 Transporter,SG,2018-11-25,85813,,1,Florian,Maurer,Quittenweg 130,85049,Ingolstadt,florian.maurer98@example.net,+49 (0)172 0847234,628975,157,🛒MECHANIK Teile vorab bestellen!,Vorgangsstatus,157|938|1151|1131|470,2,226343|969806,109,true,1,24,damage,Wildunfall,Motorhaube|Kotflügel vorne rechts,mittel,teilkasko,laufend,"Fzg. angeliefert, Wildunfall auf der Landstraße. Schaden an Motorhaube, Halterung gebrochen, handtellergroß.
Kotflügel vorne rechts ebenfalls: Kratzer bis auf Grundierung.
Kunde fragt nach Reparaturdauer.
Teilkasko läuft, SB laut Police 300 EUR.
~~~~~~~~~~~~~
12.02.26 11:41 Teiledienst: Leihwagen reserviert
18.02.26 13:41 G. Stein: Nachtrag: Kunde bittet um Verschiebung
20.02.26 15:41 TS: KD informiert, Termin steht"
826776,2026-01-25 10:33:27,2026-02-14 01:10:47,,false,2026-02-13 12:10:47,2026-02-07 17:02:14,2026-02-13 01:02:14,116057,132208,QQ-C 369,ZZFP7XFE5W6027152,Opel,Corsa,F,2015-11-14,207276,,,Heike,Albrecht,Rosmarinweg 111,68159,Mannheim,heike.albrecht94@example.org,+49 179 2438334,937668,41,🛑 Wartet auf Abholung durch Verwerter/Leasing/sonstige,Vorgangsstatus,41|235|861|1147,1,940925,,false,3,119,service,Ölwechsel,,,,abgeschlossen,"Fzg. angeliefert, Ölwechsel inkl. Filter nach Serviceplan.
Innenraumfilter riecht, mit tauschen.
Kunde holt am Abend ab."
825590,2026-01-10 08:11:52,2026-01-11 04:11:52,,true,,,,109254,136109,QQ-J 9602,ZZDLMDDY5RW532155,BMW,1er,F40,2016-09-25,145038,,,Christian,Frank,Veilchenweg 117,40213,Duesseldorf,christian_frank@example.de,+49 155 1512923,628175,1480,Hagel Termin vereinbaren !,Vorgangsstatus,1480|393|1200,3,225866|006046|106850,,false,2,110,service,Räder und Reifen,,,,neu,"Anruf Kunde: Neue Reifen hinten, Kostenangebot Reifen erwünscht.
Zusätzlich Klappern vorne rechts bei Bodenwellen.
Hol- und Bringservice gewünscht.
Fotos liegen im Vorgang.
~~~~~~~~~~~~~
16.01.26 13:11 Dispo: KV an Kunde verschickt
19.01.26 17:11 Servicebüro: Fzg. gewaschen, abholbereit"
850302,2026-05-31 09:54:56,2026-06-07 02:57:01,,false,2026-06-06 09:48:47,2026-06-04 10:57:01,2026-06-06 16:57:01,118177,138256,QQH-KJ 637,ZZGC8TNV6TA024092,VW,Caddy,SB,2026-03-19,11208,,1,Florian,Kuhn,Malvenweg 123,28203,Bremen,florian.kuhn@example.de,0152/2444555,678080,721,🌝 Fzg angekauft,Vorgangsstatus,721|397|2|1000,0,,,false,0,0,service,Bremsen,,,,abgeschlossen,"VW Caddy, QQH-KJ 637
Anruf Kunde: Bremsen quietschen, bitte prüfen.
Kunde fragt nach Ersatzwagen.
Kunde ist informiert, meldet sich.
~~~~~~~~~~~~~
03.06.26 09:54 SB: Rechnung geschrieben"
843965,2026-03-09 13:46:35,2026-03-14 04:01:27,,false,2026-03-12 15:56:52,2026-03-10 15:01:27,2026-03-12 22:01:27,124945,141992,QZ-CC 36,ZZAS3RHB3X2206261,VW,Tiguan,5N,2018-11-28,153381,,,Jens,Stein,Ulmenstrasse 58,48143,Muenster,jstein@example.com,+49 (0)157 2817502,909977,121,abgerechnet ! Auftrag erledigt abgeschlossen,Vorgangsstatus,121|237|100,1,567569,,false,3,113,service,Bremsen,,,,abgeschlossen,"VW Tiguan, QZ-CC 36
Kunde bringt Fzg., Bremsbeläge vorne unter Mindeststärke.
Klimaanlage kühlt schlecht, bitte prüfen.
Bitte Rechnung an die Firma. Hol- und Bringservice gewünscht.
Fotos liegen im Vorgang.
~~~~~~~~~~~~~
10.03.26 16:46 Dispo: Endkontrolle offen
16.03.26 17:46 SB: Teile besteltl, Nachricht an Dispo"
838289,2026-06-24 08:43:49,2026-06-25 22:43:49,2026-06-26 10:21:53,false,,,,123621,148756,QQZ-F 1071,ZZD7SXYW4XW102373,Opel,Mokka,U,2018-07-05,189664,,,Oliver,Heinrich,Nelkenstrasse 21,12587,Berlin,oheinrich@example.com,0175/1708298,989459,13,😢 Kunde nicht erschienen,Vorgangsstatus,13|391,2,536129|703534,,false,2,163,service,Ölwechsel,,,,storniert,"Opel Mokka, QQZ-F 1071, km 189664
Bei der Annahme festgestellt: Ölwechsel, Longlife zurücksetzen.
Bitte Softwarestand prüfen, Rückruf offen.
Kunde wünscht Kostenrahmen vorab.
~~~~~~~~~~~~~
29.06.26 09:43 N. Horn: Rechnung geschrieben
03.07.26 09:43 N. Horn: Fzg. gewaschen, abholbereit"
864629,2026-01-25 16:22:47,2026-01-30 21:44:10,,true,,2026-01-30 11:44:10,,108128,144010,XQE-H 182,ZZH9YJXC6SP997684,Audi,Q2,GA,2023-04-23,70408,,1,Dirk,Lorenz,Fliederweg 28,95444,Bayreuth,dirk_lorenz@example.org,+49 (0)159 2657595,966226,25,👇🚚 Holservice,Vorgangsstatus,25|954|1012,0,,,false,3,168,damage,Vandalismus,Schweller rechts,leicht,teilkasko,laufend,"Fzg. angeliefert, Vandalismus, Anzeige bei der Polizei erstattet. Schaden an Schweller rechts, Kratzer, Lack nicht durch, ca. 5 cm.
Kunde bittet um Rückruf bis Freitag. Leihwagen ja, Hol- und Bringservice ja.
Teilkasko, SB 150 EUR, KVA an Vers.
Termin steht, Dauer ca. 2 Tage.
Versicherung: Lindenhof Assekuranz, Schadennr. 24663171."
895649,2026-07-28 15:42:38,2026-08-21 04:45:57,,true,,2026-08-20 15:45:57,,108569,139282,QZ-UT 813,ZZG73KBW3V8866826,VW,Tiguan,5N,2018-07-13,160445,,3,Gabriele,Lang,Espenstrasse 50,40213,Duesseldorf,gabriele.lang@example.org,+49 177 8986408,278164,37,🔜Neuer Folgetermin,Vorgangsstatus,37|238|1014,1,909804,,false,0,0,service,Räder und Reifen,,,,laufend,"Räder und Reifen: Räderwechsel Sommer auf Winter, Einlagerung vorhanden.
Kdune meldet Vibration ab 120 km/h.
Kunde holt am Abend ab. Leihwagen nein, Kunde wartet.
Termiin steht, Dauer ca. 2 Tage."
861889,2026-06-29 07:10:31,2026-07-25 01:40:39,,true,,2026-07-24 15:40:39,,118431,135424,XQS-KL 4962,ZZG3GFNR6VU771362,Mercedes,E-Klasse,W213,2020-03-03,65793,,1,Hannah,Dietrich,Schlehenweg 136,97070,Wuerzburg,hannah.dietrich@example.net,+49 (0)152 2535695,967056,37,🔜Neuer Folgetermin,Vorgangsstatus,37|956|1572|107,0,,,false,2,116,damage,Wildunfall,Stoßstange vorne,mittel,teilkasko,laufend,"Anruf Kunde: Wildunfall am 25.06. früh morgens. Stoßstange vorne: Kratzer bis auf Grundierung, ca. 15 cm.
Kunde möchte wissen ob Instandsetzung reicht. Hol- und Bringservice gewünscht.
TK vorhanden, SB 150 EUR.
Ersatzteil im Rückstand, Kunde informiert.
~~~~~~~~~~~~~
05.07.26 10:10 J. Kaiser: Kunde meldet sich wegen Termin"
893565,2026-01-11 13:34:51,2026-02-07 22:06:26,,false,2026-02-06 15:06:26,2026-02-02 08:21:41,2026-02-03 15:21:41,101784,139332,QQF-C 66,ZZAUBEC70SE635226,Ford,Transit Custom,V362,2015-05-13,105673,,,Laura,Herrmann,Haselnussweg 14,45127,Essen,,0171/4583812,271275,9,🏁 Abgeholt,Vorgangsstatus,9|396|1147,1,878500,,false,0,0,service,HU/AU,,,,abgeschlossen,"Anruf Kunde: TÜV/HU mit Abgasuntersuchung.
Scheibenwischer schmieren, bitte erneuern.
Kunde bittet um Kostenvoranschlag. Kunde wartet vor Ort.
Ersatzteil im Rückstand, Kunde informiert.
~~~~~~~~~~~~~
17.01.26 14:34 Servicebüro: KD informiert, Termin steht"
870831,2026-06-16 07:25:03,2026-07-07 00:26:35,,true,,2026-07-06 15:26:35,,101534,157344,QQE-FF 78,ZZF7J9S80SE903476,BMW,3er Touring,G21,2018-03-06,129204,Altmuehl Bau GmbH,2,,,Tannenweg 126,04109,Leipzig,kontakt_schaefer@example.com,+49 171 7808029,065071,16,⚠️Warte auf Freigabe,Vorgangsstatus,16|245,1,554945,,false,1,76,service,HU/AU,,,,laufend,"Kunde kommt ohne Termin, HU/AU fällig, bitte mit Vorabcheck.
Kunde fragt nach Ersatzwagen.
~~~~~~~~~~~~~
24.06.26 10:25 U. Vogt: Rückruf nicht erreicht, Mailbox
30.06.26 14:25 U. Vogt: Endkontrolle offen"
878818,2026-06-09 07:37:50,2026-06-27 22:27:46,,true,,2026-06-26 07:27:46,,120650,142128,ZQC-G 76,ZZDYLJRE8WA296745,Mercedes,E-Klasse,W213,2018-01-03,84047,Weidenhof Pflegedienst AG,1,Bernd,Otto,Nelkenstrasse 6,40213,Duesseldorf,botto@example.org,+49 (0)170 9579468,573753,25,👇🚚 Holservice,Vorgangsstatus,25|182|51,1,338866,,false,1,40,service,Inspektion,,,,laufend,"Kunde kommt ohne Termin, Inspektion nach Herstellervorgabe.
Kontrollleuchte Reifendruck ist an.
Bitte anrufen wenn mehr anfällt als besprochen. Abholung durch Kunde am Nachmittag.
Bitte Wiedervorlage in einer Woche."
820558,2026-02-23 17:35:07,2026-03-25 22:49:05,,false,2026-03-25 16:49:05,2026-03-19 13:53:10,2026-03-23 14:53:10,114805,155467,ZQA-EZ 14,ZZAK3T2G2S1039438,BMW,1er,F40,2014-02-24,132451,,,Ingrid,Lang,An der Bleiche 60,93047,Regensburg,ilang@example.de,0159/4230842,652560,14,🚛✅ Ausgeliefert,Vorgangsstatus,14|937|1576|406,1,218382,,false,1,87,damage,Rangierschaden,Kotflügel hinten rechts|Kotflügel hinten links,leicht,selbstzahler,abgeschlossen,"BMW 1er, ZQA-EZ 14
Fzg. angeliefert, Rangierschaden, Kunde schildert Hergang selbst. Schaden an Kotflügel hinten rechts, kleine Delle, ca. 25 cm.
Zusätzlich Kotflügel hinten links betroffen, kleine Delle.
Bitte KVA vor Reparatur abstimmen. Leihwagen nein, Kunde wartet.
Kunde zahlt selbst, KVA vorab.
Kunde ist informiert, meldet sich.
~~~~~~~~~~~~~
28.02.26 22:35 S. Herrmann: Rechnung geschrieben"
844715,2026-01-14 16:19:13,2026-01-29 07:35:30,,true,2026-01-28 17:35:30,2026-01-25 10:35:08,2026-01-26 18:35:08,117629,137209,QY-HM 893,ZZJCBXSG4XB342446,VW,Tiguan,5N,2023-05-14,70476,,1,Katrin,Reuter,Akazienweg 89,70173,Stuttgart,katrin.reuter17@example.com,0151/1315045,006495,38,👍 🔜Fertig zur Abholung mit Folgetermin,Vorgangsstatus,38|796,1,656993,,false,0,0,service,Ölwechsel,,,,fertig,"VW Tiguan, QY-HM 893, km 70476
Kunde bringt Fzg., Ölwechsel, Longlife zurücksetzen.
Klimaanlage kühlt schlecht, bitte prüfen.
Bitte anrufen wenn mehr anfällt als besprochen.
~~~~~~~~~~~~~
15.01.26 16:19 L. Zimmer: Freigabe Versicherung eingetroffen
17.01.26 16:19 L. Zimmer: Rechnung geschrieben"
895208,2026-03-28 14:46:14,2026-03-29 05:46:14,,true,,,,101082,135234,XQA-H 570,ZZEBNCV03YG271558,Mercedes,A-Klasse,W177,2013-03-11,83978,,,Lena,Reuter,Lindenweg 121,86150,Augsburg,lena_reuter@example.org,+49 152 1986602,130148,530,🚀Auftrag erteilt/Teile vorbestellt/Termin wenn Teile da,Vorgangsstatus,530|397,1,629816,,false,1,7,service,Räder und Reifen,,,,neu,"Mercedes A-Klasse, XQA-H 570, km 83978
Räder und Reifen: Räderwechsel Sommer auf Winter, Einlagerung vorhanden.
Kunde bittet um Kostenvoranschlag. Kunde wartet vor Ort.
~~~~~~~~~~~~~
30.03.26 18:46 Teiledienst: Leihwagen reserviert"
835514,2026-04-28 09:21:24,2026-05-14 07:07:53,,true,,2026-05-13 11:07:53,,124754,148867,XQC-H 1677,ZZG669YTXWR415946,Skoda,Kodiaq,NS7,2017-03-15,175220,,,Christian,Kaiser,Zypressenweg 133,71032,Boeblingen,christian_kaiser@example.com,+49 171 6331359,426336,106,😊📲Kunde erreicht DSA/Bilder angefordert,Vorgangsstatus,106|241|1220,1,060924,,false,3,110,service,HU/AU,,,,laufend,"HU/AU: TÜV/HU mit Abgasuntersuchung.
Scheibenwischer schmieren, bitte erneuern.
Bitte anrufen wenn mehr anfällt als besprochen. Ersatzwagen geklärt, Klasse klein.
Teile bestellt, Liefertermin offen.
~~~~~~~~~~~~~
03.05.26 11:21 Annahme: Kalkulation fertig, an Prüfer
07.05.26 15:21 TS: Endkontrolle offen"
837339,2026-07-03 16:52:35,2026-08-02 08:56:14,,true,2026-07-31 17:56:14,2026-07-24 12:21:07,2026-07-28 16:21:07,126016,143295,QQB-NC 41,ZZJRZ2BG6WS811723,Audi,Q2,GA,2026-06-03,8748,,2,Fabian,Stein,Am Alten Sportplatz 114,68159,Mannheim,fabian.stein78@example.com,+49 (0)171 8708275,500834,12,👍 Fertig zur Abholung,Vorgangsstatus,12|953|1100|1619|865,1,262468,134,false,3,156,damage,Parkschaden,Schweller rechts|Außenspiegel rechts,mittel,haftpflicht_gegner,fertig,"KD meldet telefonisch: Parkschaden vor dem Supermarkt, niemand gemeldet. Schweller rechts Beule, ca. 15 cm.
Zusätzlich Außenspiegel rechts betroffen, Halterung gebrochen.
Haftpflicht Gegner, Gutachter beauftragt.
Ersatzteil nur komplett lieferbar, Austausch statt Instandsetzung."
862480,2026-01-21 08:00:27,2026-01-29 00:37:04,,false,2026-01-28 12:00:54,2026-01-26 14:37:04,2026-01-28 19:37:04,103175,131785,ZQ-EH 49,ZZDCE8F46SC160315,Skoda,Kodiaq,NS7,2013-06-01,255318,,2,Petra,Horn,Amselweg 4,38100,Braunschweig,petra.horn81@example.de,0172/0247804,479656,121,abgerechnet ! Auftrag erledigt abgeschlossen,Vorgangsstatus,121|957|1585|480|501,1,192577,109,false,3,133,damage,Steinschlag,Windschutzscheibe,mittel,teilkasko,abgeschlossen,"Fzg. vorgefahren, Steinschlag vom Lkw vor dem Fzg. Riss in Windschutzscheibe zieht sich über die halbe Breite.
Bitte KVA vor Reparatur abstimmen. Leihwagen ja.
Teilkasko, SB 150 EUR, KVA an Vers.
~~~~~~~~~~~~~
23.01.26 10:00 P. Peters: Teile bestellt, Nachricht an Dispo
28.01.26 10:00 Dispo: Freigabe Versicherung eingetroffen"
890031,2026-01-29 09:13:44,2026-02-03 08:50:16,,true,,2026-02-02 08:50:16,,108160,155203,QQV-CC 119,ZZGPNJSBXW2454070,Audi,Q5,FY,2026-06-16,3129,,,Nicole,Thiel,Nelkenstrasse 41,95444,Bayreuth,,0173/1904071,394850,18,☢️ Auftrag steht ☢️,Vorgangsstatus,18|936|3|1170,1,846293,101,false,2,50,damage,Vandalismus,Stoßstange hinten rechts|Tür hinten rechts|Fahrertür,schwer,teilkasko,laufend,"Audi Q5, QQV-CC 119
Lt. Kunde: Vandalismus, Kunde hat Anzeige aufgenommen. Schaden an Stoßstange hinten rechts, Blech verzogen, ca. 40 cm.
Weiterer Schaden Tür hinten rechts, großflächig deformiert.
Fahrertür ebenfalls: Bauteil durchgebrochen.
Kunde will erst nach Preis entscheiden. Kunde wartet vor Ort.
Teilkasko, SB 150 EUR, KVA an Vers.
Ersatzteil im Rückstand, Kunde informiert.
~~~~~~~~~~~~~
04.02.26 12:13 Karosserie: KD informiert, Termin steht"
886217,2026-07-11 13:29:59,2026-07-11 16:29:59,,true,,,,108099,132775,XQ-JJ 7,ZZDVKA3NXVM024127,Audi,A3 Sportback,8Y,2012-11-27,301201,,,Hannah,Dietrich,Veilchenweg 24,93047,Regensburg,hdietrich@example.com,0176/9292986,723711,1480,Hagel Termin vereinbaren !,Vorgangsstatus,1480|182|1001,1,497370,,false,2,172,service,Bremsen,,,,neu,"Fzg. angeliefert, Bremsflüssigkeit fällig, Beläge messen.
Innenraumfilter riecht, mit tauschen.
Kunde wartet vor Ort.
Teile bestellt, Liefertermin offen."
877050,2026-01-22 08:07:12,2026-01-23 13:07:12,,true,,,,105154,151727,XQD-ZD 8143,ZZDCFTRL7TR153861,VW,Polo,AW,2026-02-07,6142,,2,Florian,Seidel,Kiefernweg 49,63065,Offenbach am Main,florian.seidel@example.org,0155 0194414,392573,436,👋 Termin bitte vereinbaren /Teile/Freigabe/etc. eingetroffen,Vorgangsstatus,436|239,0,,,false,1,17,service,Ölwechsel,,,,neu,"Anruf Kunde: Ölservice fällig, Anzeige im Display.
Kunde meldet Geräusch beim Lenken.
Kunde ist informiert, meldet sich.
~~~~~~~~~~~~~
23.01.26 11:07 K. Wendt: Ersatzteil eingetroffen, Termin vereinbaren"
841729,2026-07-09 09:40:33,2026-07-18 20:55:15,,false,2026-07-17 09:55:15,2026-07-12 14:05:32,2026-07-16 15:05:32,106835,137171,ZQM-H 571,ZZJZYT1T1TF655005,Skoda,Fabia,PJ,2017-08-15,135068,Rheinpfad Handel GmbH,,,,Am Muehlbach 87,90402,Nuernberg,kontakt_beck@example.net,0170 9155339,130865,36,🏁🔜Abgeholt/Ausgeliefert - Folgetermin offen,Vorgangsstatus,36|240|501,2,813447|036221,,false,1,74,service,Räder und Reifen,,,,abgeschlossen,"Skoda Fabia, ZQM-H 571
Räder und Reifen: Räderwechsel mit Wuchten, Reifendruck prüfen.
Bitte anrufen wenn mehr anfällt als besprochen. Hol- und Bringservice gewünscht.
Fzg. steht auf dem Hof."
897062,2026-05-07 12:52:51,2026-05-18 11:11:49,,true,,2026-05-17 10:11:49,,127404,141438,QQS-W 249,ZZAF5DFU9X0468607,Mercedes,B-Klasse,W247,2020-08-07,43313,Sonnenhang Handel GmbH,,,,Distelweg 13,63065,Offenbach am Main,kontakt.maurer77@example.com,0163 5835155,272963,157,🛒MECHANIK Teile vorab bestellen!,Vorgangsstatus,157|947|1042|110,1,551301,134,false,0,0,damage,Hagelschaden,Motorhaube|Dach|Heckklappe,leicht,teilkasko,laufend,"Mercedes B-Klasse, QQS-W 249, km 43313
Kunde berichtet: Hagelschaden vom Unwetter am 29.04. Hagel: Motorhaube betroffen, Lack laut Sichtprüfung intakt.
Dach übersät mit Dellen, Zählung Dellenkarte offen.
Heckklappe mit mehreren Dellen aus Hagelschlag.
Kunde möchte wissen ob Instandsetzung reicht. Fzg. bleibt über Nacht da.
TK deckt Glasschaden, SB 150 EUR.
Kunde ist informiert, meldet sich.
Versicherung: Lindenhof Assekuranz, Schadennr. 31425001.
~~~~~~~~~~~~~
12.05.26 17:52 J. Peters: Freigabe Versicherung eingetroffen
19.05.26 20:52 Dispo: KV an Kunde verschickt
22.05.26 23:52 J. Peters: Leihwagen reserviert"
837808,2026-04-06 08:22:37,2026-04-06 14:22:37,,true,,,,126902,153712,QQM-PE 526,ZZBVVUUL9TN241979,Seat,Arona,KJ7,2012-09-01,304245,,,Yvonne,Berger,Erlenkamp 113,79098,Freiburg,,+49 177 9891900,074262,534,📲🔰DSA/Bilder/GA/Infos erhalten bitte Kalkulieren,Vorgangsstatus,534|398|488|470,1,730846,,false,1,34,service,Ölwechsel,,,,neu,"Kunde meldet: Ölwechsel, Longlife zurücksetzen.
Kunde meldet Geräusch beim Lenken.
Bitte anrufen wenn mehr anfällt als besprochen. Leihwagen ja, Hol- und Bringservice ja.
Teile bestellt, Liefertermin offen.
~~~~~~~~~~~~~
09.04.26 09:22 Servicebüro: Fzg. in Halle, Zerlegung begonnen
13.04.26 14:22 Servicebüro: Endkontrolle offen"
825886,2026-06-22 09:05:53,2026-07-04 03:18:02,,true,,2026-07-02 12:18:02,,124141,158999,ZQA-J 33,ZZG7Z0NZ7YU885271,Mercedes,Sprinter,W907,2013-08-18,189805,,3,Jan,Gross,Zypressenweg 11,63065,Offenbach am Main,,0175 7298276,120293,106,😊📲Kunde erreicht DSA/Bilder angefordert,Vorgangsstatus,106|235|110,1,564816,,false,2,155,service,Räder und Reifen,,,,laufend,"Räder und Reifen: Reifen vorne abgefahren, Angebot erstellen.
Klimaanlage kühlt schlecht, bitte prüfen.
Kunde wartet, bitte zügig.
Kunde bekommt Zwischeninfo.
~~~~~~~~~~~~~
24.06.26 09:05 U. Engel: Rückruf nicht erreicht, Mailbox"
899442,2026-08-04 10:51:37,2026-08-04 11:51:37,,true,,,,113971,137481,ZQL-V 95,ZZAHWDWW6YU923575,VW,T-Roc,A11,2015-05-25,191150,,1,Petra,Sommer,Birkenweg 84,55116,Mainz,petra.sommer@example.de,+49 177 3837052,929741,534,📲🔰DSA/Bilder/GA/Infos erhalten bitte Kalkulieren,Vorgangsstatus,534|955|1088,2,620039|567122,104,true,0,0,damage,Auffahrunfall,Stoßstange vorne links|Stoßstange hinten rechts|Heckklappe,leicht,gesteuert,neu,"KD meldet telefonisch: Auffahrunfall an der Kreuzung, Schadenmeldung liegt vor. Stoßstange vorne links Kratzer, Lack nicht durch, ca. 5 cm.
Zusätzlich Stoßstange hinten rechts betroffen, Schrammen.
Zusätzlich Heckklappe betroffen, Lackabrieb.
Steuerung über Flottenpartner, Freigabe schriftlich nötig.
Kunde bekommt Zwischeninfo.
~~~~~~~~~~~~~
05.08.26 15:51 Servicebüro: Endkontrolle offen
10.08.26 17:51 F. Fiedler: Nachtrag: Kunde bittet um Verschiebung
15.08.26 20:51 SB: Rückruf nicht erreicht, Mailbox"
825880,2026-02-28 16:11:36,2026-03-14 21:29:25,,true,2026-03-14 16:29:25,2026-03-09 12:45:13,2026-03-13 15:45:13,112443,136108,XQL-XU 10,ZZJD87L34WY954978,VW,Caddy,SB,2012-11-27,210859,Talblick Fuhrpark GmbH,1,Daniel,Dietrich,Quittenweg 93,60313,Frankfurt am Main,,+49 (0)176 9591351,893204,1153,👆🚚 Bringservice mit Folgetermin,Vorgangsstatus,1153|951,1,345915,117,false,2,76,damage,Steinschlag,Windschutzscheibe,schwer,teilkasko,fertig,"VW Caddy, XQL-XU 10
KD meldet telefonisch: Steinschlag bei der Baustellenfahrt. Windschutzscheibe mit Einschlag ca. 2 cm, Fahrerseite unten.
Bitte KVA vor Reparatur abstimmen. Leihwagen ja.
Teilkasko, SB 150 EUR, KVA an Vers.
Bitte Lackabgleich, Farbton prüfen.
Versicherung: Weidenhof Sach, Schadennr. 28434785.
~~~~~~~~~~~~~
05.03.26 20:11 Dispo: Ersatzteil eingetroffen, Termin vereinbaren
08.03.26 20:11 E. Lang: Freigabe Versicherung eingetroffen
11.03.26 20:11 E. Lang: Nachtrag: Kunde bittet um Verschiebung"
826236,2026-07-26 17:05:02,2026-08-11 14:16:13,,true,,2026-08-11 10:16:13,,127270,149085,ZQL-M 7,ZZBD62HV5WM204902,VW,Polo,AW,2012-02-06,327510,,,Martin,Lehmann,Ahornweg 98,99084,Erfurt,,0176 9664695,640196,1164,FZG in Fremdwerkstatt,Vorgangsstatus,1164|951|1002|51,0,,,false,0,0,damage,Rangierschaden,Außenspiegel links,mittel,vollkasko,laufend,"Kunde berichtet: Rangierschaden beim Rangieren am Hof. Außenspiegel links ca. 40 cm Halterung gebrochen.
Hol- und Bringservice gewünscht.
Vollkasko, SB 500 EUR, Schadenmeldung raus.
~~~~~~~~~~~~~
30.07.26 19:05 S. Kaiser: Nachtrag: Kunde bittet um Verschiebung"
833465,2026-04-03 16:19:26,2026-04-12 04:23:32,,true,2026-04-11 14:23:32,2026-04-05 11:18:59,2026-04-09 12:18:59,100165,147304,ZQL-A 4918,ZZC5BDRB8X5615525,VW,Tiguan,5N,2023-11-06,35511,,3,Tobias,Kliemann,Kiefernweg 67,20359,Hamburg,tkliemann@example.org,+49 151 1544862,940141,12,👍 Fertig zur Abholung,Vorgangsstatus,12|182|1170,2,889713|004126,,false,0,0,service,HU/AU,,,,fertig,"HU/AU: TÜV/HU mit Abgasuntersuchung.
Batterie schwach, Startprobleme morgens.
Kunde wartet, bitte zügig. Leihwagen nein, Kunde wartet.
Termin steht, Dauer ca. 2 Tage."
894518,2026-05-02 16:14:44,2026-05-03 17:14:44,,true,,,,108401,156260,QQZ-LC 436,ZZHELDWA7TY683519,Mercedes,E-Klasse,W213,2024-11-08,36401,Weidenhof Handel GmbH,2,,,Drosselgasse 71,20359,Hamburg,kontakt.brandt@example.net,+49 (0)152 7457440,293808,436,👋 Termin bitte vereinbaren /Teile/Freigabe/etc. eingetroffen,Vorgangsstatus,436|946,1,835688,104,false,1,71,damage,Parkschaden,Stoßstange hinten|Stoßstange vorne rechts,schwer,vollkasko,neu,"Anruf Kunde: Parkschaden, Kunde hat Fotos gemacht. Stoßstange hinten: Blech verzogen, handtellergroß.
Weiterer Schaden Stoßstange vorne rechts, Träger verformt.
Leihwagen ja, Hol- und Bringservice ja.
Vollkasko, Rückstufung mit Kunde besprochen.
Fotos liegen im Vorgang.
~~~~~~~~~~~~~
07.05.26 20:14 S. Berger: KD informiert, Termin steht
14.05.26 21:14 S. Berger: Fzg. gewaschen, abholbereit"
880383,2026-08-09 13:56:58,2026-08-10 04:56:58,,true,,,,107349,131325,QQZ-KU 91,ZZH0WE3A2XX526245,Skoda,Octavia Combi,NX5,2018-11-21,182290,,1,Sven,Kern,Espenstrasse 79,30655,Hannover,sven_kern@example.org,0155 2480776,661115,436,👋 Termin bitte vereinbaren /Teile/Freigabe/etc. eingetroffen,Vorgangsstatus,436|484|99,1,235859,,false,0,0,service,Räder und Reifen,,,,neu,"Lt. Kunde: Reifen vorne abgefahren, Angebot erstellen.
Innenraumfilter riecht, mit tauschen.
Kunde wünscht Kostenrahmen vorab.
Fotos liegen im Vorgang."
898540,2026-02-22 13:06:59,2026-03-04 07:00:46,,false,2026-03-03 10:50:40,2026-02-27 16:00:46,2026-03-03 23:00:46,117141,156985,QQD-P 86,ZZGNLAAV7VH527755,Audi,A1 Sportback,GB,2024-11-01,40123,,1,Tobias,Albrecht,Rosmarinweg 13,86150,Augsburg,,+49 (0)155 6886275,439277,721,🌝 Fzg angekauft,Vorgangsstatus,721|396,1,872122,,false,1,6,service,HU/AU,,,,abgeschlossen,"KD meldet telefonisch: HU/AU fällig, bitt mit Vorabcheck.
Kdune fragt nach Ersatzwagen. Kunde wartet vor Ort.
Kunde ist informiert, meldet sich.
~~~~~~~~~~~~~
26.02.26 14:06 Lack: Kalkulation fertig, an Prüfer
01.03.26 18:06 Dispo: Freigabe Versicherung eingetroffen"
895593,2026-07-04 14:55:17,2026-07-14 13:46:08,,false,2026-07-13 13:46:08,2026-07-08 08:52:53,2026-07-10 11:52:53,123742,139127,QQD-M 890,ZZEZLVMF7YS165682,Ford,Kuga,CX482,2025-12-19,6381,Nordlicht Pflegedienst AG,,Lars,Busch,Am Muehlbach 129,55116,Mainz,lars_busch@example.org,0176 3750970,109533,36,🏁🔜Abgeholt/Ausgeliefert - Folgetermin offen,Vorgangsstatus,36|958|1585|406,2,854761|410544,,true,1,32,damage,Parkschaden,Kotflügel vorne rechts|Tür hinten links,mittel,selbstzahler,abgeschlossen,"Ford Kuga, QQD-M 890
Kunde meldet: Parkschaden auf dem Parkplatz. Schaden an Kotflügel vorne rechts, Kunststoff eingedrückt, punktuell, mehrere Stellen.
Weiterer Schaden Tür hinten links, Beule.
Kunde will erst nach Preis entscheiden. Leihwagen nein, Kunde wartet.
Selbstzahler, keine Vers. im Spiel.
~~~~~~~~~~~~~
11.07.26 16:55 L. Berger: Rechnung geschrieben
14.07.26 16:55 Teiledienst: Endkontrolle offen"
852292,2026-07-10 08:16:49,2026-07-30 18:43:55,,true,,2026-07-30 11:43:55,,116008,148033,XQA-F 87,ZZB48R5C8SH007277,VW,T6.1 Transporter,SG,2015-09-16,178580,,,Jonas,Krause,Amselweg 19,65183,Wiesbaden,jonas_krause@example.de,0172 7899956,114139,435,🕋🤔Antwort Versicherer/GA/Leasing/Kunde fehlt,Vorgangsstatus,435|393,1,180378,,false,3,188,service,Räder und Reifen,,,,laufend,"Lt. Kunde: Räderwechsel mit Wuchten, Reifendruck prüfen.
Kunde wartet, bitte zügig. Kunde wartet vor Ort.
~~~~~~~~~~~~~
15.07.26 09:16 S. Ludwig: Rückruf nicht erreicht, Mailbox
18.07.26 09:16 TS: KD informiert, Termin steht"
833783,2026-07-20 10:43:24,2026-08-07 15:55:32,,true,,2026-08-06 12:55:32,,113011,155177,QQL-F 22,ZZGB6VPW2YP202328,Opel,Grandland,A18,2019-03-14,105624,Weidenhof Fuhrpark GmbH & Co. KG,2,,,Distelweg 126,28203,Bremen,kontakt.kramer58@example.org,+49 (0)163 5316327,033033,157,🛒MECHANIK Teile vorab bestellen!,Vorgangsstatus,157|918,1,504990,,false,3,179,service,Ölwechsel,,,,laufend,"Bei der Annahme festgestellt: Ölwechsel inkl. Filter nach Serviceplan.
Innenraumfilter riecht, mit tauschen.
Kunde holt am Abend ab. Abholung durch Kunde am Nachmittag.
Kunde ist informiert, meldet sich.
~~~~~~~~~~~~~
21.07.26 13:43 TS: Endkontrolle offen
29.07.26 18:43 TS: Fzg. gewaschen, abholbereit
31.07.26 18:43 TS: Ersatzteil eingetroffen, Termin vereinbaren"
861394,2026-05-24 13:25:51,2026-06-23 09:26:21,,false,2026-06-22 17:26:21,2026-06-17 16:23:32,2026-06-20 19:23:32,115456,141989,ZQ-D 22,ZZF4DJZX2ST245258,Opel,Vivaro,K0,2021-03-01,119823,,3,Fabian,Moser,Amselweg 43,28203,Bremen,fabian_moser@example.de,+49 172 8682964,700432,36,🏁🔜Abgeholt/Ausgeliefert - Folgetermin offen,Vorgangsstatus,36|241|1014,1,475791,,false,1,6,service,Bremsen,,,,abgeschlossen,"KD meldet telefonisch: Bremsscheiben hinten riefig, Kunde meldet Rubbeln.
Batterie schwach, Startprobleme morgens.
Kunde holt am Abend ab. Leihwagen nein, Kunde wartet.
~~~~~~~~~~~~~
01.06.26 18:25 TS: Kunde meldet sich wegen Termin"
823016,2026-06-16 14:29:44,2026-06-16 23:29:44,,true,,,,115762,152943,QY-AW 782,ZZD30ZPF8WH509133,Ford,Puma,J2K,2012-11-03,188849,,1,Andreas,Haas,Sonnenblumenweg 41,95444,Bayreuth,andreas.haas@example.org,+49 (0)162 5001807,204657,27,✔️Termin bestätigt,Vorgangsstatus,27|395|610,1,259943,,false,1,54,service,Inspektion,,,,neu,"KD meldet telefonisch: Inspektion fällig, Kunde wünscht Kostenrahmen vorab.
Servicerückstellung nicht erfolgt, bitte mitmachen.
Kunde fragt nach Ersatzwagen. Kunde wartet vor Ort.
~~~~~~~~~~~~~
24.06.26 15:29 Lack: Nachtrag: Kunde bittet um Verschiebung"
832802,2026-01-18 07:51:33,2026-01-19 20:51:33,2026-01-22 17:33:27,false,,,,115369,157767,XQC-Z 11,ZZFFFRHR7Y8863451,VW,Touran,5T,2019-10-19,140314,,3,Manuela,Albrecht,Amselweg 119,48143,Muenster,,0151 9918954,179242,15,🚧Wurde Totalschaden,Vorgangsstatus,15|392|499,1,827868,,false,3,82,service,Räder und Reifen,,,,storniert,"VW Touran, XQC-Z 11, km 140314
Räder und Reifen: Neue Reifen hinten, Kostenangebot Reifen erwünscht.
Kunde fragt nach Ersatzwagen.
~~~~~~~~~~~~~
22.01.26 08:51 H. Ziegler: Leihwagen reserviert"
832614,2026-04-03 17:47:09,2026-04-05 07:47:09,,true,,,,124000,144346,XQA-AX 8835,ZZF00PCA3W5567032,BMW,1er,F40,2015-09-10,247426,,,Ingrid,Peters,Wacholderweg 10,90402,Nuernberg,,0163 4462682,157899,27,✔️Termin bestätigt,Vorgangsstatus,27|956|1099|610,1,339929,121,false,4,165,damage,Parkschaden,Stoßstange vorne,mittel,vollkasko,neu,"KD meldet telefonisch: Parkschaden, Verursacher unbekannt. Stoßstange vorne: Kratzer bis auf Grundierung, ca. 40 cm.
Kunde will erst nach Preis entscheiden. Abholung durch Kunde am Nachmittag.
VK, SB 300 EUR, Vers. informiert.
Bitte Wiedervorlage in einer Woche."
896468,2026-04-13 12:28:49,2026-04-14 16:28:49,,true,,,,100018,132907,QQL-ST 5186,ZZA7686H7S1017464,BMW,X1,U11,2014-02-08,78413,,,Hannah,Sauer,Bruehlstrasse 139,40213,Duesseldorf,,0151/2640568,695484,88,🙂Vorgang angelegt,Vorgangsstatus,88|184|999,1,125999,,false,1,10,service,Räder und Reifen,,,,neu,"BMW X1, QQL-ST 5186, km 78413
Räder und Reifen: Räderwechsel Sommer auf Winter, Einlagerung vorhanden.
Kunde meldet Geräusch beim Lenken.
Kunde wartet, bitte zügig. Leihwagen ja, Hol- und Bringservice ja.
Termin steht, Dauer ca. 2 Tage.
~~~~~~~~~~~~~
14.04.26 14:28 Teiledienst: Rechnung geschrieben
18.04.26 16:28 S. Fiedler: Fzg. gewaschen, abholbereit
21.04.26 19:28 Lack: Nachtrag: Kunde bittet um Verschiebung"
866895,2026-07-04 10:56:55,2026-07-05 15:56:55,2026-07-05 15:28:10,false,,,,101290,149433,QQF-M 5626,ZZHERFN7XY7543879,Mercedes,GLC,X254,2021-07-20,66023,Sonnenhang Pflegedienst GmbH & Co. KG,3,Uwe,Lang,Espenstrasse 134,34117,Kassel,uwe.lang@example.net,0151 6730559,469407,13,😢 Kunde nicht erschienen,Vorgangsstatus,13|184|2|1170|108,1,906815,,false,0,0,service,Inspektion,,,,storniert,"Fzg. vorgefahren, Große Inspektion inkl. Innenraumfilter.
Fotos liegen im Vorgang.
~~~~~~~~~~~~~
11.07.26 15:56 Dispo: Endkontrolle offen"
890593,2026-05-22 09:56:27,2026-05-22 19:56:27,2026-05-27 07:12:41,false,,,,129227,148751,QQF-VV 1871,ZZAWTGJB8R6380340,BMW,X3,G01,2021-11-24,68947,,,Julia,Lang,Zypressenweg 51,30169,Hannover,julia_lang@example.de,+49 178 4328362,877410,35,☹️Absage Termin,Vorgangsstatus,35|395|1002,1,122045,,false,4,185,service,Ölwechsel,,,,storniert,"Kunde meldet: Ölwechsel, Longlife zurücksetzen.
Bitte anrufen wenn mehr anfällt als besprochen.
Kunde ist informiert, meldet sich."
838710,2026-03-14 13:55:11,2026-04-02 19:28:28,,false,2026-04-02 17:28:28,2026-04-01 09:45:47,2026-04-02 16:45:47,116776,139794,QQC-LE 5302,ZZCTR5439WY918710,VW,Caddy,SB,2024-02-21,53682,,3,Elena,Kaiser,Am Alten Sportplatz 45,68159,Mannheim,elena_kaiser@example.de,0160 9925489,058366,721,🌝 Fzg angekauft,Vorgangsstatus,721|948|1081|1591|612|1173|50,2,249590|795794,113,false,2,72,damage,Parkschaden,Außenspiegel rechts,schwer,gesteuert,abgeschlossen,"Kunde meldet: Parkschaden, Verursacher unbekannt. Außenspiegel rechts ca. 15 cm großflächig deformiert.
Kunde fragt nach Reparaturdauer. Leihwagen nein, Kunde wartet.
Gesteuerter Auftrag, RKÜ liegt noch nicht vor.
~~~~~~~~~~~~~
18.03.26 18:55 TS: KD informiert, Termin steht"
867060,2026-06-26 14:45:01,2026-07-08 13:29:44,,true,,2026-07-08 10:29:44,,107332,157223,ZQ-T 793,ZZBSD76F6YU692802,Skoda,Karoq,NU7,2014-02-18,235274,,1,Michael,Moser,Wacholderweg 43,34117,Kassel,,+49 157 4894403,484508,1164,FZG in Fremdwerkstatt,Vorgangsstatus,1164|393,2,183501|901982,,false,1,29,service,Ölwechsel,,,,laufend,"Ölwechsel: Ölservice fällig, Anzeige im Display.
Servicerückstellung nicht erfolgt, bitte mitmachen.
Kunde bittet um Kostenvoranschlag.
~~~~~~~~~~~~~
29.06.26 14:45 A. Nolte: Kalkulation fertig, an Prüfer"
874946,2026-05-05 08:01:37,2026-05-11 18:58:22,,true,2026-05-10 08:58:22,2026-05-06 16:42:58,2026-05-09 20:42:58,122092,145047,QQL-H 9953,ZZEAHTY34SH909875,Skoda,Kodiaq,NS7,2016-09-07,216571,,2,Gabriele,Dietrich,Pappelallee 118,41061,Moenchengladbach,gdietrich@example.de,+49 (0)162 8845888,064663,39,📞🔜✔️Abholbereit Folgetermin vereinbaren,Vorgangsstatus,39|186|609|501,1,697000,,false,1,68,service,Bremsen,,,,fertig,"Kunde berichtet: Bremsbeläge vorne unter Mindeststärke.
Kunde fragt nach Ersatzwagen.
Fzg. steht auf dem Hof."
841981,2026-08-06 17:45:47,2026-08-23 16:29:39,,false,2026-08-22 16:29:39,2026-08-17 16:30:41,2026-08-19 22:30:41,112513,135752,ZQA-DS 9,ZZJ3A4MN3VY767146,Seat,Ibiza,KJ1,2019-11-07,51515,,,Frank,Beck,Nelkenstrasse 72,13407,Berlin,frank.beck43@example.org,0157/3028703,364208,121,abgerechnet ! Auftrag erledigt abgeschlossen,Vorgangsstatus,121|1010|1572|1620|438,0,,,false,2,125,damage,Parkschaden,Kotflügel vorne rechts|Kotflügel hinten links,leicht,haftpflicht_gegner,abgeschlossen,"Kunde berichtet: Parkschaden vom Wochenende. An Kotflügel vorne rechts Kratzer im Klarlack (ca. 5 cm).
Kotflügel hinten links ebenfalls: Kratzer, Lack nicht durch.
Kunde bittet um Terminvorschlag. Kunde wartet vor Ort.
Unfallgegner bekannt, Haftung dem Grunde nach unstrittig.
Bitte Lackabgleich, Farbton prüfen.
Versicherung: Nordstern Direkt, Schadennr. 76308664.
~~~~~~~~~~~~~
11.08.26 21:45 SB: Kunde meldet sich wegen Termin
18.08.26 02:45 Annahme: Fzg. gewaschen, abholbereit"
871366,2026-07-04 07:22:50,2026-08-04 04:06:11,,false,2026-08-02 17:06:11,2026-07-29 08:33:18,2026-07-30 14:33:18,113308,137492,QQC-C 6085,ZZHHRJ502RA610451,Seat,Ateca,KH7,2013-08-19,171178,Blauberg Montage e.K.,2,Silke,Horn,Am Muehlbach 70,30169,Hannover,shorn@example.com,+49 175 6331155,980804,36,🏁🔜Abgeholt/Ausgeliefert - Folgetermin offen,Vorgangsstatus,36|955|1083,1,096524,109,false,2,45,damage,Steinschlag,Windschutzscheibe,leicht,teilkasko,abgeschlossen,"Fzg. vorgefahren, Steinschlag, Riss wird laut Kunde größer. Riss in Windschutzscheibe zieht sich über die halbe Breite.
KVA erwünscht, bitte per Mail. Leihwagen ja, Hol- und Bringservice ja.
Teilkasko läuft, SB laut Police 300 EUR.
Bitte Kalkulation erstellen."
892400,2026-03-04 10:16:05,2026-03-05 07:16:05,,true,,,,128063,149697,ZQ-N 211,ZZDFB2RV1WR159700,Audi,Q3,F3,2021-07-02,59906,,3,Dirk,Heinrich,Rosmarinweg 61,60313,Frankfurt am Main,,0174/8865502,856755,530,🚀Auftrag erteilt/Teile vorbestellt/Termin wenn Teile da,Vorgangsstatus,530|391,1,255064,,false,1,64,service,Räder und Reifen,,,,neu,"Räder und Reifen: Reifen vorne abgefahren, Angebot erstellen.
Kunde meldet Vibration ab 120 km/h.
Kunde holt am Abend ab.
Teile bestellt, Liefertermin offen."
840632,2026-02-04 11:28:00,2026-02-23 01:22:55,,true,,2026-02-22 14:22:55,,106440,155040,XQA-N 2,ZZFCR88P2XH163001,Skoda,Fabia,PJ,2025-12-02,7169,,,Jan,Ziegler,Birkenweg 84,30655,Hannover,jan_ziegler@example.org,+49 (0)151 1815783,360305,37,🔜Neuer Folgetermin,Vorgangsstatus,37|1010|1571|1592,1,619051,128,false,2,157,damage,Parkschaden,Kotflügel hinten rechts,leicht,haftpflicht_gegner,laufend,"Skoda Fabia, XQA-N 2, km 7169
Lt. Kunde: Parkschaden vor dem Supermarkt, niemand gemeldet. Kotflügel hinten rechts über zwei Bauteile Kratzer, Lack nicht durch.
Leihwagen ja, Hol- und Bringservice ja.
Gegnerische Haftpflicht reguliert, Haftung anerkannt.
Bitte Lackabgleich, Farbton prüfen."
892941,2026-04-11 17:25:54,2026-04-30 12:16:26,,true,,2026-04-29 17:16:26,,128713,139153,ZQB-L 79,ZZHHW8R97XY111174,Ford,Fiesta,JHH,2022-02-11,63821,,,Maria,Pohl,Espenstrasse 108,34117,Kassel,maria.pohl69@example.com,0162 0996962,006094,91,🦊☎Haftung unklar Wiedervorlage,Vorgangsstatus,91|395|532,1,375098,,false,2,119,service,Räder und Reifen,,,,laufend,"Räder und Reifen: Räderwechsel mit Wuchten, Reifendruck prüfen.
Kunde meldet Vibration ab 120 km/h.
Leihwagen ja.
Bitte Wiedervorlage in einer Woche.
~~~~~~~~~~~~~
16.04.26 22:25 Karosserie: Freigabe Versicherung eingetroffen"
887161,2026-08-11 11:54:45,2026-08-24 09:00:24,,false,2026-08-23 12:00:24,2026-08-22 17:05:01,2026-08-22 20:05:01,113671,155718,QY-Y 8410,ZZC4MRLH8YT745270,Skoda,Scala,NW1,2024-03-19,53576,,,Maria,Albrecht,Nelkenstrasse 114,13407,Berlin,maria.albrecht59@example.org,+49 (0)162 9016414,177095,1422,Fahrzeug abgeholt (/kommt nochmal),Vorgangsstatus,1422|396|1270,1,483958,,false,2,154,service,Bremsen,,,,abgeschlossen,"Skoda Scala, QY-Y 8410, km 53576
Bremsen: Bremsflüssigkeit fällig, Beläge messen.
Zusätzlich Klappern vorne rechts bei Bodenwellen.
~~~~~~~~~~~~~
15.08.26 16:54 TS: Kalkulation fertig, an Prüfer
20.08.26 18:54 TS: Freigabe Versicherung eingetroffen
21.08.26 20:54 U. Stein: Kunde meldet sich wegen Termin"
883714,2026-06-14 07:27:20,2026-07-01 07:30:27,,false,2026-06-30 14:20:28,2026-06-27 16:30:27,2026-06-30 21:30:27,129612,145418,QQF-UW 675,ZZHNZFTB0XJ886564,Mercedes,Vito,W447,2024-01-24,21743,,,Sven,Nolte,Zypressenweg 4,71032,Boeblingen,snolte@example.org,+49 (0)179 3637584,150768,36,🏁🔜Abgeholt/Ausgeliefert - Folgetermin offen,Vorgangsstatus,36|951,1,983049,,false,1,48,damage,Vandalismus,Motorhaube|Außenspiegel links|Schweller rechts,schwer,selbstzahler,abgeschlossen,"Fzg. vorgefahren, Vandalismus, Schaden am 12.06. entdeckt. Motorhaube: Blech verzogen, ca. 25 cm.
Außenspiegel links ebenfalls: stark eingedrückt.
Auch Schweller rechts beschädigt (stark eingedrückt).
Bitte KVA vor Reparatur abstimmen. Kunde wartet vor Ort.
Ohne Versicherung, Kunde entscheidet nach Preis.
Ersatzteil im Rückstand, Kunde informiert.
~~~~~~~~~~~~~
16.06.26 07:27 T. Brandt: Freigabe Versicherung eingetroffen
17.06.26 11:27 Dispo: Leihwagen reserviert
18.06.26 13:27 Teiledienst: Rechnung geschrieben"
828042,2026-03-06 16:18:13,2026-03-07 20:18:13,,true,,,,100129,131047,QQK-J 277,ZZHVYAV28TU969042,Audi,Q5,FY,2017-09-07,131594,,3,Jana,Hartmann,Ginsterweg 112,90402,Nuernberg,jhartmann@example.com,0170 1464958,557482,436,👋 Termin bitte vereinbaren /Teile/Freigabe/etc. eingetroffen,Vorgangsstatus,436|238|406,2,551162|428225,,false,2,85,service,HU/AU,,,,neu,"Bei der Annahme festgestellt: HU/AU fällig, bitte mit Vorabcheck.
Kunde wartet, bitte zügig. Ersatzwagen geklärt, Klasse klein.
Kunde ist informiert, meldet sich.
~~~~~~~~~~~~~
14.03.26 18:18 Teiledienst: Ersatzteil eingetroffen, Termin vereinbaren"
856854,2026-01-16 07:14:20,2026-02-15 06:56:31,,false,2026-02-14 16:56:31,2026-02-10 07:37:55,2026-02-14 09:37:55,102715,156900,ZQS-LG 111,ZZEMPUR82TL243923,Audi,A6 Avant,4K,2021-04-13,96488,,3,Stefan,Franke,Distelweg 19,80331,Muenchen,stefan_franke@example.org,+49 (0)176 9659430,831556,1422,Fahrzeug abgeholt (/kommt nochmal),Vorgangsstatus,1422|937|1585|434,0,,,false,0,0,damage,Parkschaden,Kotflügel hinten links|Kotflügel hinten rechts,mittel,haftpflicht_gegner,abgeschlossen,"Audi A6 Avant, ZQS-LG 111, km 96488
Kunde meldet: Parkschaden, kein Zettel hinterlassen. Kotflügel hinten links ca. 40 cm Kunststoff eingedrückt.
Kotflügel hinten rechts ebenfalls: Beule.
Kunde will erst nach Preis entscheiden. Kunde wartet vor Ort.
Gegnerische Haftpflicht reguliert, Haftung anerkannt.
Ersatzteil nur komplett lieferbar, Austausch statt Instandsetzung.
Versicherung: Lindenhof Assekuranz, Schadennr. 91650044."
829622,2026-03-16 17:59:21,2026-03-31 08:19:14,,true,2026-03-30 08:19:14,2026-03-25 08:51:23,2026-03-29 12:51:23,120063,130210,QQB-W 7513,ZZAW7J5JXSJ842256,Mercedes,B-Klasse,W247,2019-05-12,109893,,,Lena,Otto,Lindenweg 27,40213,Duesseldorf,lena.otto@example.org,+49 (0)176 9094066,575519,1153,👆🚚 Bringservice mit Folgetermin,Vorgangsstatus,1153|1563|1083|1590,1,142913,134,false,1,11,damage,Parkschaden,Kotflügel vorne links|Stoßstange hinten rechts,leicht,gesteuert,fertig,"Fzg. vorgefahren, Parkschaden, Schaden am 15.03. entdeckt. Kotflügel vorne links Lackabrieb, über zwei Bauteile.
Stoßstange hinten rechts ebenfalls: kleine Delle.
Kunde bittet um Rückruf bis Freitag.
Gesteuerter Auftrag, RKÜ liegt noch nicht vor.
~~~~~~~~~~~~~
24.03.26 22:59 Servicebüro: Endkontrolle offen
29.03.26 22:59 M. Jung: KD informiert, Termin steht"
821533,2026-06-17 12:36:27,2026-07-18 12:44:38,,true,2026-07-17 10:44:38,2026-07-11 17:28:39,2026-07-15 19:28:39,101135,146754,QQ-UW 8574,ZZCRRKJG5YG999746,Mercedes,B-Klasse,W247,2016-04-20,105276,,2,Sandra,Kramer,Malvenweg 98,76133,Karlsruhe,,+49 176 0625913,431172,39,📞🔜✔️Abholbereit Folgetermin vereinbaren,Vorgangsstatus,39|950|1087,0,,,false,2,151,damage,Parkschaden,Kotflügel hinten links|Fahrertür,leicht,selbstzahler,fertig,"Lt. Kunde: Parkschaden, Verursacher unbekannt. Kotflügel hinten links kleine Delle, punktuell, mehrere Stellen.
Auch Fahrertür beschädigt (feine Kratzspuren).
Kunde fragt nach Reparaturdauer. Leihwagen nein, Kunde wartet.
Selbstzahler, Rechnung an Kunde.
Freigabe eingetroffen, Teile bestellt.
~~~~~~~~~~~~~
20.06.26 12:36 O. Otto: Kalkulation fertig, an Prüfer"
826460,2026-07-10 10:45:36,2026-08-06 00:54:40,,false,2026-08-05 07:54:40,2026-08-02 16:37:11,2026-08-03 20:37:11,126094,148446,QQA-Y 46,ZZHWUCPC8Y1657281,Mercedes,GLC,X254,2012-12-06,133740,,3,Martin,Scholz,Schlehenweg 20,65183,Wiesbaden,,0178 0948296,095216,1422,Fahrzeug abgeholt (/kommt nochmal),Vorgangsstatus,1422|1139|1082|496,1,082055,,false,4,212,damage,Vandalismus,Stoßstange hinten rechts|Stoßstange vorne|Stoßstange hinten links,leicht,selbstzahler,abgeschlossen,"Mercedes GLC, QQA-Y 46, km 133740
Kunde berichtet: Vandalismus über Nacht an der Straße. Stoßstange hinten rechts ca. 5 cm feine Kratzspuren.
Auch Stoßstange vorne beschädigt (Lackabrieb).
Zusätzlich Stoßstange hinten links betroffen, Kratzer im Klarlack.
Kunde fragt nach Smart Repair. Kunde wartet vor Ort.
Selbstzahler, Rechnung an Kunde.
Termin nach Teileeingang.
~~~~~~~~~~~~~
11.07.26 10:45 TS: KD informiert, Termin steht"
834108,2026-01-23 08:34:14,2026-01-24 20:24:14,,true,,2026-01-24 12:24:14,,125156,141726,QQM-HF 71,ZZFFZDGHXWH280467,Ford,Focus Turnier,DEH,2014-04-04,254698,,,Jan,Sommer,Espenstrasse 106,60313,Frankfurt am Main,,0155 1732730,190863,89,😪☎Kunde nicht erreicht,Vorgangsstatus,89|949|1592|997,1,046793,121,false,1,57,damage,Parkschaden,Stoßstange hinten links|Schweller links,mittel,haftpflicht_gegner,laufend,"Anruf Kunde: Parkschaden, Schaden am 22.01. entdeckt. Stoßstange hinten links: Kunststoff eingedrückt, punktuell, mehrere Stellen.
Schweller links ebenfalls: Lack abgeplatzt.
Kunde fragt nach Smart Repair. Leihwagen ja.
Unfallgegner bekannt, Haftung dem Grunde nach unstrittig."
886758,2026-05-15 07:31:09,2026-05-18 15:16:31,,true,,2026-05-17 12:16:31,,118331,149199,QQC-Y 570,ZZHV5K4E3TF995515,Mercedes,Vito,W447,2023-06-08,33336,Sonnenhang Logistik GmbH & Co. KG,,Sandra,Moser,Ulmenstrasse 40,48143,Muenster,smoser@example.de,0157 3095918,253723,621,🕐⚡🛒 Teil immer noch nicht geliefert Termin kann nicht gehalten werden,Vorgangsstatus,621|785|434|1175,1,762277,,false,2,58,service,Inspektion,,,,laufend,"Kdune bringt Fzg., Große Inspektion inkl. Innenraumfilter.
Innenraumfilter riecht, mit tauschen.
Kunde holt am Abend ab.
Kunde ist inforimert, meldet sich.
~~~~~~~~~~~~~
19.05.26 09:31 P. Dietrich: Teile bestellt, Nachricht an Dispo"
853741,2026-01-28 07:16:03,2026-02-20 15:52:46,,true,,2026-02-19 16:52:46,,115855,148551,QQZ-PZ 2414,ZZCBE2H2XYE931946,Audi,Q5,FY,2021-02-25,37289,,2,Jonas,Stein,Zedernweg 106,71032,Boeblingen,jonas_stein@example.org,+49 151 1205760,511219,91,🦊☎Haftung unklar Wiedervorlage,Vorgangsstatus,91|952,1,503550,134,false,1,89,damage,Rangierschaden,Motorhaube,leicht,haftpflicht_gegner,laufend,"Bei der Annahme festgestellt: Rangierschaden beim Rangieren am Hof. Schaden an Motorhaube, Lackabrieb, ca. 15 cm.
Kunde möchte wissen ob Instandsetzung reicht.
Unfallgegner bekannt, Haftung dem Grunde nach unstrittig.
Ersatzteil nur komplett lieferbar, Austausch statt Instandsetzung."
841770,2026-03-17 11:25:09,2026-03-18 08:25:09,,true,,,,124463,144281,QQM-EA 4963,ZZAPLXYWXTG033882,Audi,A1 Sportback,GB,2023-11-07,24562,Buchenkamp Service GmbH,,,,Weissdornweg 7,12587,Berlin,,0152/6192603,105565,533,📲✅Vorkalkulation erledigt bitte Termin vereinbaren,Vorgangsstatus,533|938|100,1,424613,117,false,1,10,damage,Hagelschaden,Motorhaube|Dach,leicht,teilkasko,neu,"Bei der Annahme festgestellt: Hagelschaden, Fzg. stand im Freien. Hagel: Motorhaube betroffen, Lack laut Sichtprüfung intakt.
Dach mit mehreren Dellen aus Hagelschlag.
TK vorhanden, SB 150 EUR.
Fzg. steht auf dem Hof.
~~~~~~~~~~~~~
21.03.26 15:25 Servicebüro: Fzg. gewaschen, abholbereit
27.03.26 20:25 Dispo: Kunde meldet sich wegen Termin"
858459,2026-07-25 17:20:09,2026-07-29 00:44:45,,true,,2026-07-27 16:44:45,,119929,144332,QQK-VM 9,ZZHY0EGZXW1855989,BMW,X3,G01,2020-12-03,61249,Steinfurt Bau OHG,,,,Birkenweg 116,12587,Berlin,kontakt.engel37@example.de,+49 173 7014993,245750,1164,FZG in Fremdwerkstatt,Vorgangsstatus,1164|182|434|99,1,959889,,false,2,143,service,Bremsen,,,,laufend,"Lt. Kunde: Bremsen quietschen, bitte prüfen.
Kunde fragt nach Ersatzwagen. Fzg. bleibt über Nacht da.
Kunde ist informiert, meldet sich."
884372,2026-03-23 13:22:47,2026-04-19 16:16:00,,false,2026-04-19 09:16:00,2026-04-15 14:00:21,2026-04-18 18:00:21,117757,134151,QQB-Y 592,ZZEWYHUF8YK400869,Opel,Corsa,F,2014-06-10,290452,Sonnenhang Bau e.K.,,Oliver,Wendt,Quittenweg 40,12587,Berlin,oliver.wendt55@example.org,0175/2097788,621125,121,abgerechnet ! Auftrag erledigt abgeschlossen,Vorgangsstatus,121|391|612|1012,1,039031,,false,2,152,service,HU/AU,,,,abgeschlossen,"Lt. Kunde: HU überfällig seit letztem Monat.
Klimaanlage kühlt schlecht, bitte prüfen.
Bitte Wiedervorlage in einer Woche.
~~~~~~~~~~~~~
30.03.26 15:22 SB: Kalkulation fertig, an Prüfer
02.04.26 17:22 Teiledienst: Freigabe Versicherung eingetroffen"
834575,2026-07-15 10:11:33,2026-07-17 14:21:30,,false,2026-07-16 17:20:19,2026-07-16 13:21:30,2026-07-16 19:21:30,114120,144242,ZQD-F 9376,ZZBHUKPT9SK955675,VW,Touran,5T,2017-09-07,163554,Altmuehl Vertrieb GmbH & Co. KG,2,Ulrike,Kramer,Lindenweg 29,55116,Mainz,ulrike.kramer22@example.de,+49 172 7049987,245638,41,🛑 Wartet auf Abholung durch Verwerter/Leasing/sonstige,Vorgangsstatus,41|236|434|1172,2,344604|525075,,false,2,81,service,Ölwechsel,,,,abgeschlossen,"Anruf Kunde: Ölservice laut Serviceintervall, Öl 5W30.
Kunde meldet Vibration ab 120 km/h.
Termin steht, Dauer ca. 2 Tage.
~~~~~~~~~~~~~
20.07.26 11:11 G. Hartmann: Fzg. in Halle, Zerlegung begonnen"
890564,2026-08-04 16:05:36,2026-08-05 00:05:36,,true,,,,116800,150611,ZQS-U 137,ZZC386WPXYA398005,VW,Golf Variant,5H8,2017-03-08,165955,,,Jens,Lehmann,Kiefernweg 45,12587,Berlin,jens_lehmann@example.org,0151/3629297,512356,530,🚀Auftrag erteilt/Teile vorbestellt/Termin wenn Teile da,Vorgangsstatus,530|393|399,2,982862|905703,,false,0,0,service,Bremsen,,,,neu,"Bremsen: Bremsbeläge vorne unter Mindeststärke.
Kunde fragt nach Ersatzwagen. Ersatzwagen geklärt, Klasse klein.
Teile bestellt, Liefertermin offen.
~~~~~~~~~~~~~
11.08.26 17:05 Dispo: Leihwagen reserviert
13.08.26 18:05 S. Vogt: KV an Kunde verschickt
16.08.26 18:05 Dispo: Ersatzteil eingetroffen, Termin vereinbaren"
885078,2026-03-06 09:06:13,2026-03-11 21:38:19,,true,,2026-03-11 16:38:19,,127851,142315,QQM-HN 94,ZZAZ8WCS1W2860518,VW,Tiguan,5N,2016-08-18,210731,,2,Lena,Graf,Kiefernweg 31,90402,Nuernberg,lena.graf@example.net,0178 2811708,171652,17,♻️In Bearbeitung,Vorgangsstatus,17|242|1249,1,586118,,false,1,32,service,Bremsen,,,,laufend,"Kunde meldet: Bremsbeläge vorne unter Mindeststärke.
Kunde wünscht Kostenrahmen vorab. Leihwagen ja, Hol- und Bringservice ja.
~~~~~~~~~~~~~
13.03.26 10:06 Teiledienst: Rückruf nicht erreicht, Mailbox"
838355,2026-01-26 13:46:37,2026-02-01 23:58:40,,false,2026-01-31 12:58:40,2026-01-28 16:40:30,2026-01-29 17:40:30,126312,139566,QQV-K 16,ZZJSAAWN8SX708067,Ford,Fiesta,JHH,2015-01-14,159607,,,Bernd,Engel,Eichenweg 135,06108,Halle (Saale),bernd_engel@example.de,0155/2409588,788837,121,abgerechnet ! Auftrag erledigt abgeschlossen,Vorgangsstatus,121|946|1100,1,100772,117,false,4,164,damage,Hagelschaden,Motorhaube|Dach,leicht,teilkasko,abgeschlossen,"Anruf Kunde: Hagelschaden vom Unwetter am 19.01. Hagelschlag flächig, Motorhaube mit zahlreichen Dellen.
Dach übersät mit Dellen, Zählung Dellenkarte offen.
Kunde fragt nach Reparaturdauer. Fzg. bleibt über Nacht da.
TK vorhanden, SB 150 EUR.
Fotos liegen im Vorgang.
~~~~~~~~~~~~~
30.01.26 17:46 Servicebüro: KV an Kunde verschickt
02.02.26 19:46 Annahme: KD informiert, Termin steht"
860606,2026-07-13 07:01:51,2026-07-22 22:52:33,,false,2026-07-21 17:51:42,2026-07-19 11:52:33,2026-07-21 18:52:33,129230,157927,ZQD-V 7878,ZZDTZAB93SD603592,VW,Polo,AW,2024-04-21,31609,,,Sebastian,Kramer,Ahornweg 101,86150,Augsburg,sebastian_kramer@example.net,+49 160 8229952,573690,9,🏁 Abgeholt,Vorgangsstatus,9|947|1572|406|1001,1,869492,117,true,3,84,damage,Hagelschaden,Motorhaube|Heckklappe|Dach,schwer,teilkasko,abgeschlossen,"Fzg. angeliefert, Hagelschaden, Fzg. stand im Freien. Motorhaube übersät mit Dellen, Zählung Dellenkarte offen.
Heckklappe übersät mit Dellen, Zählung Dellenkarte offen.
Hagelschlag flächig, Dach mit zahlreichen Dellen.
Fzg. bleibt über Nacht da.
Teilkasko läuft, SB laut Police 300 EUR.
Versicherung: Weidenhof Sach, Schadennr. 99878185."
866540,2026-04-01 16:15:21,2026-04-17 22:21:37,,true,,2026-04-17 11:21:37,,100463,148935,XQS-U 40,ZZJFDA488X5781206,Seat,Leon,KL1,2026-04-07,7069,,2,Christian,Brandt,Nelkenstrasse 139,33098,Paderborn,cbrandt@example.de,+49 155 8130873,288249,157,🛒MECHANIK Teile vorab bestellen!,Vorgangsstatus,157|926,0,,,false,0,0,service,Bremsen,,,,laufend,"Anruf Kunde: Bremsflüssigkeit fällig, Beläge messen.
Zusätzlich Klappern vorne rechts bei Bodenwellen.
Rückruf erwünscht bevor zusätzliche Arbeiten.
~~~~~~~~~~~~~
05.04.26 21:15 N. Frank: Fzg. gewaschen, abholbereit
10.04.26 02:15 N. Frank: KD informiert, Termin steht"
841345,2026-02-04 09:32:21,2026-02-15 15:35:56,,true,,2026-02-15 14:35:56,,104237,143331,QX-J 9287,ZZECULAY5S8222706,Mercedes,Sprinter,W907,2017-02-16,182421,,2,Klaus,Kaiser,Am Alten Sportplatz 139,41061,Moenchengladbach,klaus.kaiser@example.de,+49 (0)176 8242100,235393,92,😀↪🕧Kunde erreicht Meldet sich,Vorgangsstatus,92|1308|470,2,319638|974105,,false,4,304,service,Räder und Reifen,,,,laufend,"Mercedes Sprinter, QX-J 9287, km 182421
Kunde meldet: Reifen vorne abgefahren, Angebot erstellen.
Leihwagen nein, Kunde wartet."
852899,2026-02-11 13:52:44,2026-03-13 01:00:34,,false,2026-03-12 16:00:34,2026-03-07 07:05:21,2026-03-11 10:05:21,110107,148447,ZQA-KM 891,ZZCH3A656WR982194,VW,Golf,5H,2016-12-05,138607,,,Diana,Horn,Veilchenweg 88,44137,Dortmund,dhorn@example.org,+49 175 5184986,442228,41,🛑 Wartet auf Abholung durch Verwerter/Leasing/sonstige,Vorgangsstatus,41|948|1083,1,028319,,false,1,88,damage,Rangierschaden,Kotflügel vorne rechts|Tür hinten rechts,schwer,selbstzahler,abgeschlossen,"Kunde meldet: Rangierschaden, Kunde schildert Hergang selbst. An Kotflügel vorne rechts großflächig deformiert (ca. 3 cm Durchmesser).
Zusätzlich Tür hinten rechts betroffen, Blech verzogen.
Hol- und Bringservice gewünscht.
Kunde zahlt selbst, KVA vorab."
831430,2026-06-24 16:12:10,2026-07-19 13:50:40,,false,2026-07-18 12:50:40,2026-07-14 15:29:25,2026-07-17 20:29:25,105147,142879,QQN-V 179,ZZAGV5ZZXRT098416,Skoda,Fabia,PJ,2018-12-16,163196,Buchenkamp Elektrotechnik OHG,1,Susanne,Berger,Lerchenstrasse 92,63065,Offenbach am Main,susanne.berger88@example.net,0162 7975447,379461,1422,Fahrzeug abgeholt (/kommt nochmal),Vorgangsstatus,1422|392|480|1027|109,1,870531,,false,2,91,service,Ölwechsel,,,,abgeschlossen,"Fzg. vorgefahren, Ölservice laut Serviceintervall, Öl 5W30.
Bitte Softwarestand prüfen, Rückruf offen.
Leihwagen ja.
Termin nach Teileeingang."
847283,2026-02-08 12:25:45,2026-02-09 08:25:45,2026-02-13 12:52:57,false,,,,106245,137485,XQB-PS 923,ZZC2DG219T8221993,Audi,A6 Avant,4K,2015-10-17,90751,,3,Lars,Ritter,Sonnenblumenweg 38,63065,Offenbach am Main,lritter@example.com,+49 (0)162 5153127,360504,15,🚧Wurde Totalschaden,Vorgangsstatus,15|958|1081,0,,,false,1,76,damage,Vandalismus,Motorhaube,mittel,vollkasko,storniert,"Lt. Kunde: Vandalismus, Kunde hat Anzeige aufgenommen. Motorhaube ca. 5 cm Delle mit Lackschaden.
Kunde fragt nach Reparaturdauer.
Vollkasko, Rückstufung mit Kunde besprochen.
Freigabe eingetroffen, Teile bestellt.
Versicherung: Kiesbach Assekuranz, Schadennr. 37810403."
893639,2026-08-07 08:38:01,2026-08-18 16:35:55,,false,2026-08-17 09:35:55,2026-08-15 08:59:08,2026-08-15 16:59:08,122138,155431,XQD-UM 7252,ZZGL5HP67V1349218,Audi,A4 Avant,8W,2014-07-20,214341,,,Ingrid,Gross,Bruehlstrasse 63,45127,Essen,ingrid_gross@example.org,+49 (0)170 0453837,718505,721,🌝 Fzg angekauft,Vorgangsstatus,721|240,2,073208|310644,,false,1,33,service,HU/AU,,,,abgeschlossen,"Audi A4 Avant, XQD-UM 7252, km 214341
Fzg. angeliefert, HU/AU fällig, bitte mit Vorabcheck.
Kunde holt am Abend ab. Leihwagen ja, Hol- und Bringservice ja.
Termin nach Teileeingang.
~~~~~~~~~~~~~
12.08.26 12:38 Karosserie: Ersatzteil eingetroffen, Termin vereinbaren
17.08.26 14:38 TS: Rechnung geschrieben"
839073,2026-01-26 09:49:55,2026-02-05 22:16:53,,false,2026-02-04 09:16:53,2026-02-01 17:51:25,2026-02-03 23:51:25,112821,132512,QX-MV 558,ZZC5CAW6XXX974558,Mercedes,B-Klasse,W247,2017-05-05,100188,,2,Anja,Heinrich,Nelkenstrasse 118,93047,Regensburg,,0152/8650543,848279,9,🏁 Abgeholt,Vorgangsstatus,9|785|532|498,2,083067|951259,,false,2,95,service,HU/AU,,,,abgeschlossen,"Anruf Kunde: HU überfällig seit letztem Monat.
Batterie schwach, Startprobleme morgens.
Kunde fragt nach Ersatzwagen. Ersatzwagen geklärt, Klasse klein.
Termin steht, Dauer ca. 2 Tage."
850562,2026-04-30 08:15:28,2026-05-15 00:48:44,,false,2026-05-14 08:48:44,2026-05-09 10:41:58,2026-05-11 12:41:58,119398,141458,XQA-L 46,ZZFZ8H3F1XF536228,Ford,Fiesta,JHH,2021-08-23,82566,,3,Manuela,Haas,Lindenweg 8,12587,Berlin,mhaas@example.de,+49 (0)159 1515562,288150,9,🏁 Abgeholt,Vorgangsstatus,9|238,3,318460|017789|270922,,false,2,153,service,Räder und Reifen,,,,abgeschlossen,"Kunde berichtet: Reifen vorne abgefahren, Angebot erstellen.
Servicerückstellung nicht erfolgt, bitte mitmachen.
Kunde wartet, bitte zügig. Hol- und Bringservice gewünscht.
Termin nach Teileeingang.
~~~~~~~~~~~~~
08.05.26 12:15 Servicebüro: Kalkulation fertig, an Prüfer
09.05.26 12:15 M. Peters: Nachtrag: Kunde bittet um Verschiebung"
869002,2026-02-17 09:04:21,2026-03-06 18:52:48,,false,2026-03-06 16:52:48,2026-03-04 14:43:19,2026-03-04 21:43:19,110947,156221,QQE-S 76,ZZHFHVN63S7732731,Mercedes,B-Klasse,W247,2016-02-05,103127,Lindenhof Gartenbau GmbH & Co. KG,,Hannah,Brandt,Salbeiweg 29,28203,Bremen,hannah.brandt@example.net,+49 177 1882022,378095,1422,Fahrzeug abgeholt (/kommt nochmal),Vorgangsstatus,1422|241|1449,1,258005,,false,2,109,service,Inspektion,,,,abgeschlossen,"Mercedes B-Klasse, QQE-S 76, km 103127
Kunde meldet: Große Inspektion inkl. Innenraumfilter.
Kunde wünscht Kostenrahmen vorab. Kunde wartet vor Ort.
~~~~~~~~~~~~~
19.02.26 13:04 Annahme: KV an Kunde verschickt
23.02.26 14:04 Servicebüro: Nachtrag: Kunde bittet um Verschiebung"
851056,2026-01-29 10:28:28,2026-01-30 03:28:28,2026-02-01 10:53:37,false,,,,112823,146283,XQB-H 16,ZZGZ25H55TC880300,Skoda,Kodiaq,NS7,2021-11-25,111952,,,Kerstin,Gross,Quittenweg 67,30655,Hannover,,+49 160 7892719,657920,15,🚧Wurde Totalschaden,Vorgangsstatus,15|239|602|45,1,168185,,false,0,0,service,Bremsen,,,,storniert,"Skoda Kodiaq, XQB-H 16
Kunde meldet: Bremsen quietschen, bitte prüfen.
Servicerückstellung nicht erfolgt, bitte mitmachen.
Kunde fragt nach Ersatzwagen. Leihwagen nein, Kunde wartet.
~~~~~~~~~~~~~
06.02.26 11:28 TS: KD inforimert, Termin steht"
830220,2026-02-16 09:04:25,2026-03-03 01:08:20,,false,2026-03-02 15:50:44,2026-02-28 09:08:20,2026-03-02 17:08:20,116120,132360,QQV-KN 5691,ZZAT5YJL1WY223521,VW,Golf Variant,5H8,2012-01-27,319279,,3,Sabine,Riedel,Birkenweg 125,97070,Wuerzburg,sabine_riedel@example.de,0171 1254642,554894,121,abgerechnet ! Auftrag erledigt abgeschlossen,Vorgangsstatus,121|948|480|999|108,1,446797,117,true,3,73,damage,Steinschlag,Windschutzscheibe,mittel,teilkasko,abgeschlossen,"VW Golf Variant, QQV-KN 5691, km 319279
Kunde kommt ohne Termin, Steinschlag auf der Autobahn. Windschutzscheibe mit Einschlag ca. 2 cm, Fahrerseite unten.
Kunde will erst nach Preis entscheiden. Ersatzwagen geklärt, Klasse klein.
TK deckt Glasschaden, SB 150 EUR.
Beilackierung notwendig.
Versicherung: Weidenhof Sach, Schadennr. 62649595.
~~~~~~~~~~~~~
24.02.26 14:04 Dispo: Fzg. in Halle, Zerlegung begonnen
26.02.26 14:04 Karosserie: Leihwagen reserviert
04.03.26 19:04 TS: KV an Kunde verschickt"
828166,2026-05-22 09:19:55,2026-06-13 05:23:06,,true,,2026-06-12 15:23:06,,123317,148772,ZQB-AH 3787,ZZG6JZBM8YJ424775,VW,Tiguan,5N,2017-03-27,196738,,,Sven,Kramer,Veilchenweg 101,40213,Duesseldorf,,+49 179 3011519,192557,91,🦊☎Haftung unklar Wiedervorlage,Vorgangsstatus,91|785,1,325860,,false,3,129,service,Räder und Reifen,,,,laufend,"VW Tiguan, ZQB-AH 3787, km 196738
Räder und Reifen: Räderwechsel mit Wuchten, Reifendruck prüfen.
Zusätzlich Klappern vorne rechts bei Bodenwellen.
Kunde holt am Abend ab."
869162,2026-02-07 07:54:04,2026-03-04 11:25:19,,true,,2026-03-04 07:25:19,,109716,146975,ZQL-GV 102,ZZFRFSC62XP489563,BMW,X3,G01,2025-07-22,16404,,3,Birgit,Lorenz,Fliederweg 67,20359,Hamburg,birgit.lorenz22@example.org,0155/4344700,013940,495,👽⚡🛒Teil im Rückstand Fzg. teilrepariert beim Kunden,Vorgangsstatus,495|242|860,1,599951,,false,2,131,service,Bremsen,,,,laufend,"Anruf Kunde: Bremsbeläge vorne unter Mindeststärke.
Scheibenwischer schmieren, bitte erneuern.
Bitte anrufen wenn mehr anfällt als besprochen."
891313,2026-01-24 07:40:07,2026-02-18 20:35:27,,true,2026-02-17 08:35:27,2026-02-12 12:59:19,2026-02-16 16:59:19,107530,153381,XQB-AA 29,ZZBZ699M3Y5777511,Opel,Mokka,U,2020-09-07,120892,,2,Laura,Busch,Zypressenweg 80,65183,Wiesbaden,lbusch@example.net,+49 163 6919019,639316,39,📞🔜✔️Abholbereit Folgetermin vereinbaren,Vorgangsstatus,39|184|1006,2,696354|458267,,false,1,84,service,HU/AU,,,,fertig,"Kunde meldet: HU überfällig seit letztem Monat.
Batterie schwach, Startprobleme morgens.
Kunde wartet, bitte zügig.
Termin nach Teileeingang."
899366,2026-02-11 09:57:23,2026-02-23 20:03:21,,true,2026-02-22 07:03:21,2026-02-19 10:13:12,2026-02-20 12:13:12,102197,157894,QQC-H 163,ZZD4R0253VN842733,Audi,A3 Sportback,8Y,2025-04-19,24396,,1,Lars,Heinrich,Lerchenstrasse 59,65183,Wiesbaden,lars.heinrich@example.net,0171 5686088,760334,38,👍 🔜Fertig zur Abholung mit Folgetermin,Vorgangsstatus,38|245|2|498,0,,,false,0,0,service,Ölwechsel,,,,fertig,"Kunde berichtet: Ölservice laut Serviceintervall, Öl 5W30.
Rückruf erwünscht bevor zusätzliche Arbeiten.
~~~~~~~~~~~~~
14.02.26 14:57 Teiledienst: Teile bestellt, Nachricht an Dispo
19.02.26 15:57 SB: Fzg. in Halle, Zerlegung begonnen"
860578,2026-08-01 14:58:08,2026-08-20 07:22:21,,true,2026-08-19 15:22:21,2026-08-14 09:10:52,2026-08-19 13:10:52,125246,152187,QQV-P 899,ZZHLGTT57XM821490,Audi,A1 Sportback,GB,2022-09-08,27348,,,Birgit,Pohl,Quittenweg 50,12587,Berlin,,0155 8472827,331313,39,📞🔜✔️Abholbereit Folgetermin vereinbaren,Vorgangsstatus,39|1010|1151|1266,2,057717|282328,101,false,0,0,damage,Hagelschaden,Motorhaube|Heckklappe|Dach,mittel,teilkasko,fertig,"Lt. Kunde: Hagelschaden nach dem Gewitter. Hagelschlag flächig, Motorhaube mit zahlreichen Dellen.
Heckklappe mit mehreren Dellen aus Hagelschlag.
Hagelschlag flächig, Dach mit zahlreichen Dellen.
Kunde bittet um Terminvorschlag.
TK deckt Glasschaden, SB 150 EUR.
Bitte Lackabgleich, Farbton prüfen.
~~~~~~~~~~~~~
08.08.26 17:58 M. Dietrich: Fzg. in Halle, Zerlegung begonnen"
898518,2026-07-10 09:39:15,2026-07-10 11:39:15,,true,,,,107314,131585,QQN-BH 3665,ZZDVNJEF0VP621766,VW,Golf Variant,5H8,2024-05-25,27155,Kieswerk Gartenbau e.K.,,Martin,Zimmer,Ahornweg 71,63065,Offenbach am Main,mzimmer@example.com,0172/9040232,513050,1480,Hagel Termin vereinbaren !,Vorgangsstatus,1480|952|1175,1,019487,,false,2,105,damage,Rangierschaden,Tür hinten rechts,mittel,selbstzahler,neu,"Lt. Kunde: Rangierschaden am 08.07. beim Wenden. Tür hinten rechts: Lack abgeplatzt, punktuell, mehrere Stellen.
Leihwagen nein, Kunde wartet.
Kunde zahlt selbst, KVA vorab.
~~~~~~~~~~~~~
13.07.26 09:39 Servicebüro: Fzg. in Halle, Zerlegung begonnen
17.07.26 10:39 Dispo: Rechnung geschrieben"
826705,2026-04-19 12:28:58,2026-04-27 19:57:21,,false,2026-04-27 12:57:21,2026-04-24 09:47:56,2026-04-25 12:47:56,117144,154215,QZ-GX 655,ZZC2Y1V5XXP633254,Skoda,Superb Combi,3V5,2017-04-28,221824,,1,Anja,Gross,Zedernweg 79,40213,Duesseldorf,,0151 0712955,999022,1422,Fahrzeug abgeholt (/kommt nochmal),Vorgangsstatus,1422|1563|1585|50,1,837495,121,false,2,97,damage,Parkschaden,Kotflügel hinten rechts|Kotflügel vorne links,leicht,vollkasko,abgeschlossen,"Skoda Superb Combi, QZ-GX 655, km 221824
Lt. Kunde: Parkschaden vor dem Supermarkt, niemand gemeldet. Kotflügel hinten rechts feine Kratzspuren, ca. 5 cm.
Weiterer Schaden Kotflügel vorne links, Schrammen.
Kunde fragt nach Reparaturdauer. Hol- und Bringservice gewünscht.
Vollkasko, SB 500 EUR, Schadenmeldung raus.
Bitte Wiedervorlage in einer Woche.
~~~~~~~~~~~~~
27.04.26 14:28 B. Frank: Fzg. gewaschen, abholbereit
01.05.26 18:28 Servicebüro: Teile bestellt, Nachricht an Dispo"
833641,2026-03-01 07:54:31,2026-03-19 14:06:12,,false,2026-03-19 09:06:12,2026-03-17 15:09:22,2026-03-17 18:09:22,115487,157740,ZQL-M 7358,ZZAXM7ZC0YC276665,VW,T6.1 Transporter,SG,2016-04-08,133576,,,Christian,Schaefer,Weissdornweg 89,45127,Essen,christian_schaefer@example.de,0171 8878895,387337,41,🛑 Wartet auf Abholung durch Verwerter/Leasing/sonstige,Vorgangsstatus,41|947|1080|1172,2,007451|828381,,false,4,175,damage,Rangierschaden,Stoßstange hinten links,leicht,selbstzahler,abgeschlossen,"VW T6.1 Transporter, ZQL-M 7358, km 133576
Anruf Kunde: Rangierschaden, Poller übersehen. Stoßstange hinten links: kleine Delle, punktuell, mehrere Stellen.
Kunde fragt nach Smart Repair. Fzg. bleibt über Nacht da.
Kunde zahlt selbst, KVA vorab.
Termin nach Teileeingang.
~~~~~~~~~~~~~
08.03.26 11:54 Karosserie: Fzg. in Halle, Zerlegung begonnen
14.03.26 15:54 Servicebüro: Teile bestellt, Nachricht an Dispo"
863969,2026-04-24 12:33:21,2026-04-26 00:33:21,2026-04-26 14:55:22,false,,,,127241,135107,XQB-DK 18,ZZCKV32N0W7505421,Skoda,Karoq,NU7,2017-12-16,104354,,,Yvonne,Heinrich,Rosmarinweg 121,68159,Mannheim,yvonne.heinrich@example.org,+49 (0)177 9558182,394084,13,😢 Kunde nicht erschienen,Vorgangsstatus,13|182,1,138403,,false,2,108,service,Inspektion,,,,storniert,"Skoda Karoq, XQB-DK 18
Anruf Kunde: Inspektion mit Pollenfilter und Bremsflüssigkeit.
Batterie schwach, Startprobleme morgens.
Kunde holt am Abend ab. Leihwagen ja."
895463,2026-03-09 12:04:33,2026-03-24 04:40:13,,true,2026-03-22 15:40:13,2026-03-21 07:19:50,2026-03-21 13:19:50,106376,144989,ZQB-K 650,ZZDB4ZVU5X5064645,Mercedes,Vito,W447,2024-05-16,38874,,3,Jonas,Albrecht,Am Muehlbach 63,33098,Paderborn,jonas.albrecht85@example.org,+49 (0)157 3071882,347140,39,📞🔜✔️Abholbereit Folgetermin vereinbaren,Vorgangsstatus,39|392|499,1,488108,,false,1,41,service,Ölwechsel,,,,fertig,"Mercedes Vito, ZQB-K 650, km 38874
Ölwechsel: Ölservice fällig, Anzeige im Display.
Servicerückstellung nicht erfolgt, bitte mitmachen.
Kunde wartet, bitte zügig. Hol- und Bringservice gewünscht.
~~~~~~~~~~~~~
12.03.26 14:04 Teiledienst: Fzg. in Halle, Zerlegung begonnen
18.03.26 17:04 F. Baumann: Fzg. gewaschen, abholbereit"
893707,2026-01-27 13:44:37,2026-02-07 15:00:45,,true,2026-02-06 16:00:45,2026-02-03 12:55:20,2026-02-05 13:55:20,100352,154510,QQA-SS 770,ZZBF748T1VJ794564,Audi,A6 Avant,4K,2012-09-09,182283,Seeblick Elektrotechnik AG,3,Stefan,Pohl,Feldblumenweg 110,99084,Erfurt,stefan.pohl@example.com,+49 (0)173 7750589,305919,12,👍 Fertig zur Abholung,Vorgangsstatus,12|1308|613,1,868795,,false,0,0,service,Inspektion,,,,fertig,"Kunde bringt Fzg., Inspektion fällig, Kunde wünscht Kostenrahmen vorab.
Kontrollleuchte Reifendruck ist an.
Kunde holt am Abend ab. Ersatzwagen geklärt, Klasse klein.
~~~~~~~~~~~~~
01.02.26 13:44 S. Brandt: Leihwagen reserviert
05.02.26 14:44 Lack: Kalkulation fertig, an Prüfer"
853217,2026-03-21 09:03:25,2026-03-30 17:07:32,,true,,2026-03-30 16:07:32,,121305,152083,QQK-FX 443,ZZJ1L49B6YY280494,Skoda,Superb Combi,3V5,2025-03-09,12311,,,Sebastian,Peters,Lindenweg 129,93047,Regensburg,sebastian.peters68@example.org,0171 2822107,377907,157,🛒MECHANIK Teile vorab bestellen!,Vorgangsstatus,157|391|1449,1,672414,,false,3,119,service,HU/AU,,,,laufend,"Skoda Superb Combi, QQK-FX 443
Bei der Annahme festgestellt: TÜV Termin, Fzg. vorher durchsehen.
Servicerückstellung nicht erfolgt, bitte mitmachen.
Bitte anrufen wenn mehr anfällt als besprochen. Hol- und Bringservice gewünscht.
Fotos liegen im Vorgang."
877085,2026-06-17 16:25:44,2026-07-07 17:51:52,,false,2026-07-06 16:51:52,2026-07-03 13:27:09,2026-07-04 18:27:09,111555,132114,QQM-ST 6028,ZZAYDDDTXRB624134,VW,Golf,5H,2012-09-12,203933,,2,Nadine,Seidel,Distelweg 101,38100,Braunschweig,nadine.seidel@example.com,0179/0886026,903005,14,🚛✅ Ausgeliefert,Vorgangsstatus,14|394|996,1,390177,,false,3,90,service,Bremsen,,,,abgeschlossen,"Bremsen: Bremsflüssigkeit fällig, Beläge messen.
Rueckruf erwünscht bevor zusätzliche Arbeiten.
~~~~~~~~~~~~~
25.06.26 20:25 S. Reuter: KV an Kunde verschickt"
860319,2026-04-08 14:55:54,2026-04-25 10:43:18,,true,2026-04-25 10:43:18,2026-04-21 16:54:22,2026-04-22 00:54:22,126501,146454,XQD-FN 512,ZZA7BBDK8RJ416286,Mercedes,GLC,X254,2019-05-11,93463,,2,Sebastian,Otto,Veilchenweg 68,68159,Mannheim,,0159 7149344,260307,39,📞🔜✔️Abholbereit Folgetermin vereinbaren,Vorgangsstatus,39|484|1200,1,499185,,false,4,157,service,Räder und Reifen,,,,fertig,"Bei der Annahme festgestellt: Neue Reifen hinten, Kostenangebot Reifen erwünscht.
Kontrollleuchte Reifendruck ist an.
Ersatzteil im Rückstand, Kunde informiert.
~~~~~~~~~~~~~
12.04.26 17:55 T. Heinrich: Endkontrolle offen
18.04.26 17:55 T. Heinrich: Fzg. gewaschen, abholbereit"
827151,2026-03-14 11:43:58,2026-03-29 06:03:40,,true,,2026-03-28 09:03:40,,108671,144230,QQ-UA 34,ZZD6E1LM6Y9234296,Opel,Grandland,A18,2015-05-24,149120,,2,Martin,Fiedler,Schlehenweg 83,90402,Nuernberg,,+49 177 1745072,390122,16,⚠️Warte auf Freigabe,Vorgangsstatus,16|957|1080|108,1,147303,,false,0,0,damage,Rangierschaden,Fahrertür|Heckklappe,leicht,selbstzahler,laufend,"KD meldet telefonisch: Rangierschaden am 13.03. beim Wenden. Fahrertür feine Kratzspuren, ca. 25 cm.
Weiterer Schaden Heckklappe, feine Kratzspuren.
Kunde möchte wissen ob Instandsetzung reicht. Hol- und Bringservice gewünscht.
Selbstzahler, Rechnung an Kunde.
Ersatzteil nur komplett lieferbar, Austausch statt Instandsetzung.
~~~~~~~~~~~~~
17.03.26 14:43 Servicebüro: Endkontrolle offen"
872990,2026-05-14 09:05:50,2026-05-14 11:05:50,,true,,,,105677,155340,QQL-AT 90,ZZDTSZ6X1VE631093,VW,Passat Variant,3G5,2016-05-02,243998,,,Yvonne,Albrecht,Wacholderweg 109,47051,Duisburg,yvonne_albrecht@example.com,0151/5057691,708282,1480,Hagel Termin vereinbaren !,Vorgangsstatus,1480|954|1150|1249,1,807406,113,true,3,197,damage,Parkschaden,Stoßstange vorne rechts,leicht,vollkasko,neu,"KD meldet telefonisch: Parkschaden, Verursacher unbekannt. Stoßstange vorne rechts: kleine Delle, ca. 3 cm Durchmesser.
Kunde bittet um Rückruf bis Freitag. Kunde wartet vor Ort.
VK, SB 300 EUR, Vers. informiert.
Beilackierung notwendig.
~~~~~~~~~~~~~
20.05.26 12:05 SB: KV an Kunde verschickt
26.05.26 15:05 Annahme: Fzg. in Halle, Zerlegung begonnen"
828911,2026-01-26 08:40:49,2026-02-07 19:14:22,,false,2026-02-07 16:14:22,2026-01-30 14:29:36,2026-02-04 19:29:36,105129,157152,QQH-NN 86,ZZCN754J6WF254455,VW,Golf,5H,2016-11-22,73759,Weidenhof Elektrotechnik AG,1,,,Nelkenstrasse 40,40213,Duesseldorf,,0175/0249081,317398,721,🌝 Fzg angekauft,Vorgangsstatus,721|938|1576|597|110,1,518354,104,false,2,112,damage,Parkschaden,Heckklappe|Stoßstange vorne links,mittel,vollkasko,abgeschlossen,"Fzg. vorgefahren, Parkschaden, kein Zettel hinterlassen. Schaden an Heckklappe, Delle mit Lackschaden, ca. 5 cm.
Stoßstange vorne links ebenfalls: Kratzer bis auf Grundierung.
Kunde bittet um KVA. Hol- und Bringservice gewünscht.
Vollkasko, Rückstufung mit Kunde besprochen.
Beilackierung notwendig.
Versicherung: Talblick Versicherung, Schadennr. 45484107."
890337,2026-02-10 12:13:16,2026-02-21 22:46:03,,false,2026-02-20 16:13:30,2026-02-17 09:46:03,2026-02-20 17:46:03,119063,143705,XQS-D 11,ZZHHY4DB6SR701205,Opel,Mokka,U,2021-05-20,77365,Rheinpfad Logistik AG,,Markus,Krause,Akazienweg 60,53111,Bonn,mkrause@example.net,+49 (0)159 1075278,050371,36,🏁🔜Abgeholt/Ausgeliefert - Folgetermin offen,Vorgangsstatus,36|954|1592|489|1175,1,903716,134,false,1,25,damage,Rangierschaden,Motorhaube|Stoßstange vorne rechts,mittel,gesteuert,abgeschlossen,"Kunde meldet: Rangierschaden beim Ausparken. Motorhaube handtellergroß Kratzer bis auf Grundierung.
Zusätzlich Stoßstange vorne rechts betroffen, Delle mit Lackschaden.
Ersatzwagen geklärt, Klasse klein.
Schadensteuerer hat KVA in Prüfung.
Fotos liegen im Vorgang.
~~~~~~~~~~~~~
11.02.26 15:13 S. Lehmann: Freigabe Versicherung eingetroffen
15.02.26 18:13 S. Lehmann: Rückruf nicht erreicht, Mailbox
17.02.26 21:13 TS: KV an Kunde verschickt"
874398,2026-07-28 15:57:02,2026-08-13 10:05:22,,true,,2026-08-13 10:05:22,,118497,137802,QQS-ZH 7930,ZZBNYGL33V7720027,Skoda,Superb Combi,3V5,2025-03-19,19977,,1,Thomas,Vogt,Birkenweg 105,48143,Muenster,thomas.vogt@example.org,0178/6153447,562556,106,😊📲Kunde erreicht DSA/Bilder angefordert,Vorgangsstatus,106|952|1149|532,1,151814,117,false,1,22,damage,Rangierschaden,Motorhaube|Kotflügel hinten links,leicht,vollkasko,laufend,"Skoda Superb Combi, QQS-ZH 7930, km 19977
Bei der Annahme festgestellt: Rangierschaden beim Rangieren am Hof. Kratzer, Lack nicht durch an Motorhaube, auf ganzer Länge.
Zusätzlich Kotflügel hinten links betroffen, kleine Delle.
KVA erwünscht, bitte per Mail.
VK mit SB 500 EUR, Freigabe abwarten.
Bitte Wiedervorlage in einer Woche.
~~~~~~~~~~~~~
04.08.26 17:57 TS: Endkontrolle offen"
821214,2026-05-16 08:54:01,2026-05-16 20:54:01,,true,,,,110059,139771,ZQC-S 9150,ZZCXR8N18SG811308,Opel,Corsa,F,2026-02-15,8307,,3,Frank,Lehmann,Bruehlstrasse 115,70173,Stuttgart,frank.lehmann20@example.org,+49 173 1744363,262905,44,📆✔Termin vereinbart,Vorgangsstatus,44|936|2|1200,1,805778,,false,0,0,damage,Parkschaden,Kotflügel vorne links,mittel,selbstzahler,neu,"Opel Corsa, ZQC-S 9150, km 8307
Fzg. vorgefahren, Parkschaden auf dem Parkplatz. Kotflügel vorne links ca. 40 cm Lack abgeplatzt.
Kunde fragt nach Smart Repair. Abholung durch Kunde am Nachmittag.
Ohne Versicherung, Kunde entscheidet nach Preis.
Ersatzteil nur komplett lieferbar, Austausch statt Instandsetzung.
~~~~~~~~~~~~~
20.05.26 12:54 TS: Leihwagen reserviert"
853123,2026-06-25 17:27:10,2026-07-13 02:17:03,,true,,2026-07-11 15:17:03,,122268,133451,QZ-U 38,ZZFPXJ442SV710367,Seat,Leon,KL1,2017-05-16,171211,,2,Markus,Dietrich,Ahornweg 78,06108,Halle (Saale),markus.dietrich@example.com,0152/0970370,070932,25,👇🚚 Holservice,Vorgangsstatus,25|180|1012,1,686011,,false,4,91,service,Bremsen,,,,laufend,"Fzg. angeliefert, Bremsen quietschen, bitte prüfen.
Batterie schwach, Startprobleme morgens.
Bitte Rechnung an die Firma.
~~~~~~~~~~~~~
30.06.26 18:27 Dispo: KV an Kunde verschickt
06.07.26 20:27 T. Lehmann: Nachtrag: Kunde bittet um Verschiebung
08.07.26 01:27 T. Lehmann: Kunde meldet sich wegen Termin"
825546,2026-04-21 12:18:31,2026-05-03 19:06:17,,true,,2026-05-02 08:06:17,,108228,141259,ZQM-PV 30,ZZH7E0344RX033295,BMW,2er Active Tourer,U06,2024-09-06,32214,,1,Sven,Sommer,Eichenweg 139,30655,Hannover,sven.sommer50@example.de,0160/2385812,218798,16,⚠️Warte auf Freigabe,Vorgangsstatus,16|918|489|1266,1,989430,,false,1,64,service,Ölwechsel,,,,laufend,"Ölwechsel: Ölservice fällig, Anzeige im Display.
Scheibenwischer schmieren, bitte erneuern.
Rückruf erwünscht bevor zusätzliche Arbeiten.
~~~~~~~~~~~~~
27.04.26 14:18 M. Winkler: Leihwagen reserviert
04.05.26 18:18 Lack: Freigabe Versicherung eingetroffen
10.05.26 19:18 M. Winkler: Endkontrolle offen"
864536,2026-05-07 09:26:14,2026-05-24 21:56:39,,false,2026-05-24 09:55:20,2026-05-23 11:56:39,2026-05-24 14:56:39,103149,140396,QZ-L 144,ZZJ0RXZN9RB558461,Ford,Puma,J2K,2024-11-19,29987,Seeblick Handel e.K.,2,,,Erlenkamp 50,97070,Wuerzburg,,+49 (0)178 1146993,784732,36,🏁🔜Abgeholt/Ausgeliefert - Folgetermin offen,Vorgangsstatus,36|180|613|999|110,1,476367,,false,4,183,service,HU/AU,,,,abgeschlossen,"Lt. Kunde: HU überfällig seit letztem Monat.
Innenraumfilter riecht, mit tauschen.
Termin steht, Dauer ca. 2 Tage."
829134,2026-02-23 13:24:44,2026-03-06 08:13:48,,true,,2026-03-05 12:13:48,,127301,150105,QQC-MS 53,ZZA4U2EJ7YP458995,BMW,5er Limousine,G30,2014-11-20,136079,,,Simone,Pohl,Kiefernweg 134,47051,Duisburg,simone.pohl@example.de,+49 (0)155 8222061,608411,157,🛒MECHANIK Teile vorab bestellen!,Vorgangsstatus,157|239,2,378707|619828,,false,0,0,service,Räder und Reifen,,,,laufend,"Räder und Reifen: Räderwechsel Sommer auf Winter, Einlagerung vorhanden.
Kunde meldet Vibration ab 120 km/h.
Bitte anrufen wenn mehr anfällt als besprochen. Hol- und Bringservice gewünscht."
882891,2026-01-27 08:56:10,2026-02-23 07:12:13,,false,2026-02-22 11:12:13,2026-02-16 11:22:41,2026-02-19 15:22:41,119930,153045,QX-Z 2893,ZZF8AD8YXX5422642,Audi,A6 Avant,4K,2026-05-11,12767,Steinfurt Bau AG,1,Yvonne,Stein,Erlenkamp 81,30169,Hannover,yvonne_stein@example.net,+49 (0)174 7825424,866182,721,🌝 Fzg angekauft,Vorgangsstatus,721|391|1200|498,1,725370,,false,1,69,service,Bremsen,,,,abgeschlossen,"Lt. Kunde: Bremsflüssigkeit fällig, Beläge messen.
Zusätzlich Klappern vorne rechts bei Bodenwellen.
Abholung durch Kunde am Nachmittag.
~~~~~~~~~~~~~
01.02.26 11:56 S. Otto: Ersatzteil eingetroffen, Termin vereinbaren
05.02.26 12:56 Servicebüro: Fzg. in Halle, Zerlegung begonnen"
833203,2026-04-08 10:28:18,2026-04-11 12:44:06,,true,2026-04-10 10:44:06,2026-04-10 07:09:34,2026-04-10 08:09:34,118098,153059,ZQL-PP 575,ZZBR5SMR8VG834606,BMW,5er Limousine,G30,2023-06-02,39045,,2,Annika,Kaiser,Schlehenweg 48,93047,Regensburg,akaiser@example.com,0178/4137851,967436,38,👍 🔜Fertig zur Abholung mit Folgetermin,Vorgangsstatus,38|239|1001|99,2,777405|453492,,false,2,120,service,Ölwechsel,,,,fertig,"BMW 5er Limousine, ZQL-PP 575, km 39045
Kunde berichtet: Ölwechsel, Longlife zurücksetzen.
Kunde holt am Abend ab."
883347,2026-01-29 08:57:11,2026-02-20 11:16:42,,false,2026-02-19 07:14:16,2026-02-16 16:16:42,2026-02-19 17:16:42,117015,157128,ZQD-UW 46,ZZJHC6F50YP287116,BMW,X1,U11,2026-03-14,11068,,3,Nadine,Sommer,Amselweg 7,99084,Erfurt,nadine.sommer@example.com,0178 8643747,841921,14,🚛✅ Ausgeliefert,Vorgangsstatus,14|956|998,1,726816,117,false,2,90,damage,Steinschlag,Windschutzscheibe,mittel,teilkasko,abgeschlossen,"Kunde kommt ohne Termin, Steinschlag, Riss wird laut Kunde größer. Windschutzscheibe Steinschlag am Rand, Reparatur laut Prüfung möglich.
Kunde bittet um Rückruf bis Freitag. Abholung durch Kunde am Nachmittag.
TK vorhanden, SB 150 EUR.
Kunde ist informiert, meldet sich.
Versicherung: Weidenhof Sach, Schadennr. 22645515.
~~~~~~~~~~~~~
05.02.26 10:57 Lack: Teile bestellt, Nachricht an Dispo
12.02.26 12:57 Servicebüro: KV an Kunde verschickt
18.02.26 16:57 Annahme: Kalkulation fertig, an Prüfer"
851484,2026-02-25 11:33:22,2026-03-22 09:02:20,,false,2026-03-22 09:02:20,2026-03-16 14:24:40,2026-03-20 18:24:40,126483,146794,ZQS-TV 28,ZZG0J1WB3XN196207,VW,Touran,5T,2022-06-01,66727,,,Andreas,Brandt,Erlenkamp 96,95444,Bayreuth,andreas.brandt@example.de,+49 (0)160 8788365,950350,14,🚛✅ Ausgeliefert,Vorgangsstatus,14|947,3,616951|239616|858395,,true,3,168,damage,Parkschaden,Außenspiegel links,leicht,selbstzahler,abgeschlossen,"VW Touran, ZQS-TV 28
Fzg. angeliefert, Parkschaden, Verursacher unbekannt. Schaden an Außenspiegel links, Kratzer, Lack nicht durch, ca. 15 cm.
KVA erwünscht, bitte per Mail.
Kunde zahlt selbst, KVA vorab.
Beilackierung notwendig.
~~~~~~~~~~~~~
02.03.26 15:33 SB: Teile bestellt, Nachricht an Dispo
05.03.26 17:33 D. Beck: KD informiert, Termin steht"
856097,2026-02-02 12:41:30,2026-02-24 23:44:26,,true,2026-02-23 14:44:26,2026-02-21 09:14:47,2026-02-21 12:14:47,111960,139557,QQV-M 7676,ZZGUUA321YH031639,VW,T-Roc,A11,2016-07-01,146401,Rheinpfad Service GmbH & Co. KG,1,,,Weissdornweg 13,41061,Moenchengladbach,kontakt.scholz68@example.de,+49 172 5136060,350551,38,👍 🔜Fertig zur Abholung mit Folgetermin,Vorgangsstatus,38|1139|1151|532|501,2,716942|432426,121,false,3,114,damage,Auffahrunfall,Kotflügel hinten rechts|Kotflügel vorne links|Kotflügel hinten links,leicht,vollkasko,fertig,"KD meldet telefonisch: Auffahrunfall, Polizei war vor Ort. Kotflügel hinten rechts: kleine Delle, ca. 3 cm Durchmesser.
Zusätzlich Kotflügel vorne links betroffen, kleine Delle.
Weiterer Schaden Kotflügel hinten links, Druckstelle.
Kunde bittet um Rückruf bis Freitag. Kunde wartet vor Ort.
VK, SB 300 EUR, Vers. informiert.
Bitte Kalkulation erstellen.
~~~~~~~~~~~~~
03.02.26 12:41 Lack: Endkontrolle offen
06.02.26 17:41 Teiledienst: Leihwagen reserviert
11.02.26 19:41 A. Jung: Freigabe Versicherung eingetroffen"
828556,2026-01-26 11:50:37,2026-02-16 08:59:22,,false,2026-02-15 16:59:22,2026-02-10 11:03:35,2026-02-12 19:03:35,119515,153158,XQD-N 5913,ZZF9EAY84TH957367,VW,T6.1 Transporter,SG,2014-10-26,157381,,3,Martin,Beck,Feldblumenweg 107,48143,Muenster,,+49 (0)174 0242907,280638,721,🌝 Fzg angekauft,Vorgangsstatus,721|1308,1,128858,,false,2,114,service,Inspektion,,,,abgeschlossen,"VW T6.1 Transporter, XQD-N 5913
Kunde berichtet: Große Inspektion inkl. Innenraumfilter.
Kunde wünscht Kostenrahmen vorab. Ersatzwagen geklärt, Klasse klein.
~~~~~~~~~~~~~
28.01.26 16:50 K. Ludwig: Fzg. gewaschen, abholbereit
29.01.26 16:50 Servicebüro: Nachtrag: Kunde bittet um Verschiebung
30.01.26 21:50 Karosserie: Leihwagen reserviert"
871198,2026-05-13 13:20:15,2026-06-07 01:46:54,,true,2026-06-06 16:46:54,2026-06-03 10:13:09,2026-06-06 11:13:09,114841,159902,XQM-T 319,ZZC9H7434WA724572,Ford,Puma,J2K,2014-08-07,273399,,,Melanie,Berger,Erlenkamp 3,99084,Erfurt,mberger@example.de,+49 (0)157 6303186,484811,1153,👆🚚 Bringservice mit Folgetermin,Vorgangsstatus,1153|1308|107,1,253424,,false,3,219,service,Inspektion,,,,fertig,"KD meldet telefonisch: Inspektion fällig, Kunde wünscht Kostenrahmen vorab.
Bitte Softwarestand prüfen, Rückruf offen.
Bitte anrufen wenn mehr anfällt als besprochen. Leihwagen ja.
Kunde ist informiert, meldet sich.
~~~~~~~~~~~~~
19.05.26 14:20 M. Schaefer: KV an Kunde verschickt"
820579,2026-06-13 17:29:34,2026-07-01 14:10:56,,true,,2026-06-30 15:10:56,,102800,151520,QQR-TU 32,ZZGTBDYM1R6613122,Audi,Q3,F3,2014-04-10,269032,Rheinpfad Vertrieb GmbH & Co. KG,2,,,Amselweg 58,22299,Hamburg,kontakt.moser@example.org,+49 155 2121743,529465,157,🛒MECHANIK Teile vorab bestellen!,Vorgangsstatus,157|394|101|1002|51,0,,,false,4,205,service,HU/AU,,,,laufend,"Audi Q3, QQR-TU 32, km 269032
Fzg. angeliefert, HU/AU fällig, bitte mit Vorabcheck.
Kontrollleuchte Reifendruck ist an.
Bitte Rechnung an die Firma. Leihwagen nein, Kunde wartet.
Termin steht, Dauer ca. 2 Tage."
843698,2026-04-02 13:01:59,2026-04-17 05:41:20,,true,2026-04-16 09:41:20,2026-04-11 12:50:30,2026-04-15 14:50:30,119965,139865,XQA-T 5731,ZZCF03BJ2SK362489,Seat,Ibiza,KJ1,2012-12-28,168131,,,Stefan,Berger,Amselweg 1,20359,Hamburg,stefan_berger@example.com,0175 1012914,329513,12,👍 Fertig zur Abholung,Vorgangsstatus,12|918|498,2,985134|581705,,false,1,53,service,HU/AU,,,,fertig,"Anruf Kunde: HU/AU fällig, bitte mit Vorabcheck.
Kunde fragt nach Ersatzwagen."
879863,2026-07-03 08:14:26,2026-07-10 14:38:43,,false,2026-07-09 09:38:43,2026-07-06 13:55:59,2026-07-08 21:55:59,112834,135132,QZ-J 6978,ZZG9K4M58W9991909,VW,T-Roc,A11,2021-05-22,87963,Blauberg Elektrotechnik OHG,2,Jan,Kramer,Sonnenblumenweg 84,97070,Wuerzburg,,0172 2211460,625459,36,🏁🔜Abgeholt/Ausgeliefert - Folgetermin offen,Vorgangsstatus,36|484|434|499,0,,,false,3,116,service,Räder und Reifen,,,,abgeschlossen,"Räder und Reifen: Räderwechsel mit Wuchten, Reifendruck prüfen.
Bitte anrufen wenn mehr anfällt als besprochen. Hol- und Bringservice gewünscht.
~~~~~~~~~~~~~
08.07.26 08:14 Karosserie: Nachtrag: Kunde bittet um Verschiebung"
853680,2026-07-23 16:49:54,2026-08-16 14:05:57,,true,2026-08-15 10:05:57,2026-08-09 09:54:48,2026-08-12 12:54:48,129212,155253,QQS-P 142,ZZHMC9535SS581441,Mercedes,B-Klasse,W247,2013-12-17,93850,,,Christian,Heinrich,Espenstrasse 62,65183,Wiesbaden,christian.heinrich35@example.net,+49 (0)171 5770653,310002,12,👍 Fertig zur Abholung,Vorgangsstatus,12|949|612|1170,1,331575,109,false,2,107,damage,Steinschlag,Windschutzscheibe,leicht,teilkasko,fertig,"Lt. Kunde: Steinschlag, Riss wird laut Kunde größer. Windschutzscheibe mit Einschlag ca. 2 cm, Fahrerseite unten.
Bitte KVA vor Reparatur abstimmen.
TK vorhanden, SB 150 EUR.
Beilackierung notwendig.
~~~~~~~~~~~~~
26.07.26 16:49 J. Krause: Fzg. gewaschen, abholbereit"
891910,2026-03-18 11:59:16,2026-04-17 11:53:31,,false,2026-04-16 11:53:31,2026-04-10 07:38:57,2026-04-14 13:38:57,112280,148540,ZQL-M 292,ZZHLCRNA3S8985619,Seat,Ateca,KH7,2025-11-28,8087,Nordlicht Sanitaer e.K.,2,,,Ulmenstrasse 9,13407,Berlin,kontakt.franke24@example.com,+49 (0)176 4676755,573746,721,🌝 Fzg angekauft,Vorgangsstatus,721|186|1200,2,869345|305135,,false,0,0,service,Inspektion,,,,abgeschlossen,"Kunde kommt ohne Termin, Inspektion nach Herstellervorgabe.
Batterie schwach, Startprobleme morgens.
Kunde holt am Abend ab.
Teile bestellt, Liefertermin offen.
~~~~~~~~~~~~~
20.03.26 13:59 T. Hartmann: KD informiert, Termin steht
21.03.26 18:59 T. Hartmann: Fzg. gewaschen, abholbereit
24.03.26 21:59 T. Hartmann: Teile bestellt, Nachricht an Dispo"
838159,2026-07-08 10:15:46,2026-07-18 05:45:14,,true,2026-07-17 13:45:14,2026-07-12 17:21:41,2026-07-16 22:21:41,125634,138930,XQD-K 885,ZZEVA13Y2TY879838,Audi,A6 Avant,4K,2013-05-13,310722,,,Katrin,Wendt,Haselnussweg 61,95444,Bayreuth,katrin.wendt@example.com,+49 157 5905521,057519,39,📞🔜✔️Abholbereit Folgetermin vereinbaren,Vorgangsstatus,39|955|1150,2,335099|480305,113,true,0,0,damage,Parkschaden,Schweller rechts,leicht,vollkasko,fertig,"Audi A6 Avant, XQD-K 885
Kunde bringt Fzg., Parkschaden auf dem Parkplatz. An Schweller rechts Kratzer im Klarlack (ca. 5 cm).
Kunde möchte wissen ob Instandsetzung reicht. Leihwagen ja, Hol- und Bringservice ja.
Vollkasko, Rückstufung mit Kunde besprochen.
Versicherung: Seeblick Kasko, Schadennr. 18966243."
884844,2026-07-08 17:52:35,2026-07-19 09:29:51,,true,,2026-07-18 11:29:51,,110832,155848,QQW-DS 94,ZZBP6N1T0W3816695,VW,Golf,5H,2024-02-24,42316,,2,Andreas,Peters,Lerchenstrasse 124,44137,Dortmund,andreas.peters@example.de,0151 5440078,866170,16,⚠️Warte auf Freigabe,Vorgangsstatus,16|954|51,0,,,false,2,149,damage,Wildunfall,Stoßstange vorne links|Kotflügel vorne rechts|Stoßstange vorne,schwer,teilkasko,laufend,"Kunde kommt ohne Termin, Wildunfall am 04.07. früh morgens. An Stoßstange vorne links Blech verzogen (ca. 15 cm).
Kotflügel vorne rechts ebenfalls: Träger verformt.
Zusätzlich Stoßstange vorne betroffen, Bauteil durchgebrochen.
Kunde möchte Fzg. bis Monatsende zurück.
TK deckt Glasschaden, SB 150 EUR.
Fotos liegen im Vorgang.
~~~~~~~~~~~~~
14.07.26 19:52 Dispo: Kalkulation fertig, an Prüfer
17.07.26 19:52 Servicebüro: KV an Kunde verschickt"
835979,2026-06-25 15:20:19,2026-07-10 15:45:32,,false,2026-07-10 13:45:32,2026-07-07 17:20:35,2026-07-09 20:20:35,120320,156784,XQL-SB 19,ZZBU59436W5129640,Opel,Astra Sports Tourer,L,2021-06-19,81079,,3,Michael,Gross,Akazienweg 45,65183,Wiesbaden,michael.gross@example.de,+49 173 0032442,813608,721,🌝 Fzg angekauft,Vorgangsstatus,721|236|489,1,168062,,false,2,126,service,Räder und Reifen,,,,abgeschlossen,"Opel Astra Sports Tourer, XQL-SB 19
Fzg. angeliefert, Räderwechsel Sommer auf Winter, Einlagerung vorhanden.
Innenraumfilter riecht, mit tauschen.
Kunde bittet um Kostenvoranschlag. Ersatzwagen geklärt, Klasse klein.
~~~~~~~~~~~~~
26.06.26 19:20 Dispo: Fzg. in Halle, Zerlegung begonnen"
880199,2026-06-17 09:31:17,2026-06-18 18:31:17,2026-06-21 15:33:27,false,,,,125573,152073,XQA-C 15,ZZJFE8VWXVC979202,Skoda,Karoq,NU7,2025-07-18,30309,Buchenkamp Elektrotechnik AG,2,Marco,Ludwig,Eichenweg 127,68159,Mannheim,,0160 5894101,604445,13,😢 Kunde nicht erschienen,Vorgangsstatus,13|182|597,1,714668,,false,2,126,service,Räder und Reifen,,,,storniert,"Räder und Reifen: Räderwechsel Sommer auf Winter, Einlagerung vorhanden.
Zusätzlich Klappern vorne rechts bei Bodenwellen.
Kunde fragt nach Ersatzwagen.
Kunde bekommt Zwischeninfo.
~~~~~~~~~~~~~
19.06.26 09:31 L. Wendt: Kalkulation fertig, an Prüfer
24.06.26 12:31 L. Wendt: Ersatzteil eingetroffen, Termin vereinbaren
30.06.26 13:31 L. Wendt: Fzg. gewaschen, abholbereit"
824427,2026-07-22 11:29:43,2026-07-23 08:29:43,,true,,,,117524,156441,QQL-C 563,ZZDYSSPB7Y9572743,Audi,A3 Sportback,8Y,2019-06-18,169070,,2,Dirk,Pohl,Rosmarinweg 28,95444,Bayreuth,dirk.pohl21@example.com,0174/8058671,969747,1480,Hagel Termin vereinbaren !,Vorgangsstatus,1480|393|865,1,729356,,false,3,202,service,Inspektion,,,,neu,"Audi A3 Sportback, QQL-C 563, km 169070
Anruf Kunde: Inspektion nach Herstellervorgabe.
Innenraumfilter riecht, mit tauschen.
Rueckruf erwünscht bevor zusätzliche Arbeiten.
~~~~~~~~~~~~~
27.07.26 11:29 E. Kern: Nachtrag: Kunde bittet um Verschiebung
30.07.26 15:29 Lack: Ersatzteil eingetroffen, Termin vereinbaren
03.08.26 19:29 E. Kern: Endkontrolle offen"
862161,2026-05-05 13:14:54,2026-05-31 20:36:02,,false,2026-05-31 15:36:02,2026-05-27 07:22:16,2026-05-31 12:22:16,102081,134944,QQA-L 84,ZZAWZ9H71V0791944,VW,Touran,5T,2013-12-09,289862,,2,Julia,Horn,Distelweg 109,80331,Muenchen,,0177 3467795,088107,14,🚛✅ Ausgeliefert,Vorgangsstatus,14|957|1086|598,1,779721,109,false,2,66,damage,Auffahrunfall,Kotflügel vorne rechts,leicht,vollkasko,abgeschlossen,"KD meldet telefonisch: Auffahrunfall an der Ampel, Gegner aufgefahren. Kotflügel vorne rechts: Lackabrieb, handtellergroß.
Kunde will erst nach Preis entscheiden. Hol- und Bringservice gewünscht.
Vollkasko, Rückstufung mit Kunde besprochen.
Kunde bekommt Zwischeninfo.
Versicherung: Kiesbach Assekuranz, Schadennr. 78016807.
~~~~~~~~~~~~~
07.05.26 18:14 Teiledienst: Leihwagen reserviert
08.05.26 21:14 SB: Rückruf nicht erreicht, Mailbox
16.05.26 02:14 Lack: Fzg. gewaschen, abholbereit"
856310,2026-01-22 16:56:07,2026-01-23 14:56:07,,true,,,,109054,142396,XQS-PF 42,ZZEW33Z90YN958671,BMW,5er Limousine,G30,2019-03-21,58198,,2,Tobias,Scholz,Rosmarinweg 68,01067,Dresden,tobias.scholz@example.org,0173 7291649,628558,534,📲🔰DSA/Bilder/GA/Infos erhalten bitte Kalkulieren,Vorgangsstatus,534|956|1086|1172|45,1,739252,104,false,3,97,damage,Parkschaden,Stoßstange vorne|Kotflügel hinten rechts,mittel,vollkasko,neu,"Kunde meldet: Parkschaden, Kunde hat Fotos gemacht. An Stoßstange vorne Lack abgeplatzt (punktuell, mehrere Stellen).
Zusätzlich Kotflügel hinten rechts betroffen, Lack abgeplatzt.
KVA erwünscht, bitte per Mail. Kunde wartet vor Ort.
VK mit SB 500 EUR, Freigabe abwarten.
Bitte Wiedervorlage in einer Woche.
Versicherung: Talblick Versicherung, Schadennr. 04626687."
895978,2026-04-25 08:07:43,2026-05-18 15:47:06,,true,,2026-05-17 13:47:06,,125173,150018,QQT-LW 90,ZZBN4WNJ4WB097906,Ford,Kuga,CX482,2015-01-28,242739,,,Annika,Hartmann,Bruehlstrasse 121,79098,Freiburg,annika_hartmann@example.com,+49 159 4512844,021526,621,🕐⚡🛒 Teil immer noch nicht geliefert Termin kann nicht gehalten werden,Vorgangsstatus,621|950|1100|2,1,882939,134,false,3,174,damage,Parkschaden,Stoßstange hinten|Heckklappe,schwer,vollkasko,laufend,"Anruf Kunde: Parkschaden, Verursacher unbekannt. Stoßstange hinten stark eingedrückt, ca. 15 cm.
Heckklappe ebenfalls: Aufnahme abgerissen.
Bitte KVA vor Reparatur abstimmen. Hol- und Bringservice gewünscht.
Vollkasko, SB 500 EUR, Schadenmeldung raus.
Beilackierung notwendig."
821961,2026-06-01 10:52:30,2026-06-14 03:47:59,,true,,2026-06-13 11:47:59,,100875,150749,QQC-TS 682,ZZBADF4Y4T0192213,VW,T-Roc,A11,2016-02-02,251298,,3,Maria,Zimmer,Ahornweg 46,70173,Stuttgart,mzimmer@example.com,+49 (0)155 9860414,903638,37,🔜Neuer Folgetermin,Vorgangsstatus,37|1562|498,1,054225,113,false,1,71,damage,Hagelschaden,Dach|Motorhaube,mittel,teilkasko,laufend,"Kunde meldet: Hagelschaden, mehrere Fzg. aus dem Ort betroffen. Hagelschlag flächig, Dach mit zahlreichen Dellen.
Motorhaube übersät mit Dellen, Zählung Dellenkarte offen.
Leihwagen ja.
TK deckt Glasschaden, SB 150 EUR.
Nach Zerlegung nachkalkulieren.
~~~~~~~~~~~~~
09.06.26 10:52 Servicebüro: Freigabe Versicherung eingetroffen
11.06.26 14:52 Servicebüro: KV an Kunde verschickt
14.06.26 19:52 Lack: Rechnug geschrieben"
826385,2026-03-10 11:18:07,2026-03-10 12:18:07,,true,,,,109396,147962,ZQD-KJ 5835,ZZGU4R6W4VE694200,Ford,Puma,J2K,2023-06-20,45571,,2,Sandra,Pohl,Nelkenstrasse 69,33098,Paderborn,spohl@example.com,0177/4247537,816563,534,📲🔰DSA/Bilder/GA/Infos erhalten bitte Kalkulieren,Vorgangsstatus,534|240,2,758531|072531,,false,3,102,service,HU/AU,,,,neu,"HU/AU: TÜV/HU mit Abgasuntersuchung.
Servicerückstellung nicht erfolgt, bitte mitmachen.
Kunde bittet um Kostenvoranschlag. Leihwagen nein, Kunde wartet.
Termin nach Teileeingang."
896917,2026-05-09 08:00:15,2026-06-01 15:33:52,,false,2026-05-31 13:33:52,2026-05-25 10:21:43,2026-05-28 14:21:43,121730,138289,ZQL-PZ 60,ZZEGLXZA3TX581885,Opel,Mokka,U,2015-05-27,169214,,2,Patrick,Kliemann,Kiefernweg 69,90402,Nuernberg,,0178/7367882,354246,14,🚛✅ Ausgeliefert,Vorgangsstatus,14|951|598|1042|499,1,228813,,false,1,18,damage,Vandalismus,Beifahrertür,mittel,selbstzahler,abgeschlossen,"Opel Mokka, ZQL-PZ 60, km 169214
Lt. Kunde: Vandalismus über Nacht an der Straße. Schaden an Beifahrertür, Lack abgeplatzt, ca. 25 cm.
Kunde zahlt selbst, KVA vorab.
~~~~~~~~~~~~~
16.05.26 08:00 B. Seidel: Kunde meldet sich wegen Termin
21.05.26 11:00 B. Seidel: Fzg. gewaschen, abholbereit"
875974,2026-02-02 08:01:24,2026-02-25 08:07:46,,true,,2026-02-24 12:07:46,,108380,135239,XQC-C 701,ZZA72BVV9T7649851,BMW,X1,U11,2022-12-19,69700,,,Ingrid,Herrmann,Akazienweg 64,13407,Berlin,,+49 (0)162 1730242,468846,17,♻️In Bearbeitung,Vorgangsstatus,17|926|1170,0,,,false,0,0,service,Ölwechsel,,,,laufend,"Lt. Kunde: Ölservice laut Serviceintervall, Öl 5W30.
Scheibenwischer schmieren, bitte erneuern.
Kunde holt am Abend ab."
885291,2026-05-16 15:55:47,2026-06-09 17:02:10,,false,2026-06-09 09:02:10,2026-06-02 17:44:46,2026-06-07 22:44:46,118825,153763,QQA-UJ 7244,ZZGRLHY16YE482844,Audi,A3 Sportback,8Y,2021-09-23,58506,,,Michael,Hartmann,Zypressenweg 41,04109,Leipzig,michael.hartmann49@example.org,0179/6209132,951973,121,abgerechnet ! Auftrag erledigt abgeschlossen,Vorgangsstatus,121|956|1080|406,1,326825,117,false,3,94,damage,Wildunfall,Stoßstange vorne rechts,leicht,teilkasko,abgeschlossen,"KD meldet telefonisch: Wildunfall, Reh gegen Front, Wildbescheinigung liegt vor. Kratzer, Lack nicht durch an Stoßstange vorne rechts, ca. 40 cm.
Kunde fragt nach Smart Repair. Fzg. bleibt über Nacht da.
TK deckt Glasschaden, SB 150 EUR.
Bitte Kalkulation erstellen.
Versicherung: Weidenhof Sach, Schadennr. 05064923.
~~~~~~~~~~~~~
19.05.26 18:55 T. Keller: KV an Kunde verschickt
24.05.26 20:55 Annahme: Leihwagen reserviert
27.05.26 23:55 TS: Nachtrag: Kunde bittet um Verschiebung"
835359,2026-04-07 16:08:53,2026-04-14 17:09:37,,false,2026-04-14 10:29:59,2026-04-11 12:09:37,2026-04-14 16:09:37,123392,153677,QQT-R 227,ZZE1FGXX5WZ459235,Mercedes,B-Klasse,W247,2023-06-19,51516,Nordlicht Logistik GmbH & Co. KG,2,,,Kiefernweg 115,30655,Hannover,kengel@example.de,0171/8409812,673031,121,abgerechnet ! Auftrag erledigt abgeschlossen,Vorgangsstatus,121|937|101|1012,1,406041,,false,1,23,damage,Rangierschaden,Beifahrertür,mittel,selbstzahler,abgeschlossen,"Anruf Kunde: Rangierschaden, Poller übersehen. An Beifahrertür Lack abgeplatzt (punktuell, mehrere Stellen).
Kunde zahlt selbst, KVA vorab.
Kunde ist informiert, meldet sich."
865863,2026-03-23 14:06:21,2026-04-05 18:46:47,,true,2026-04-04 14:46:47,2026-03-31 14:01:54,2026-04-02 20:01:54,101069,137246,QX-CV 474,ZZG5W77P5TS754722,Audi,A6 Avant,4K,2018-03-27,167511,,,Julia,Ritter,Feldblumenweg 30,20359,Hamburg,julia_ritter@example.net,+49 (0)173 6059668,193358,39,📞🔜✔️Abholbereit Folgetermin vereinbaren,Vorgangsstatus,39|236|100,1,043659,,false,1,31,service,Inspektion,,,,fertig,"Audi A6 Avant, QX-CV 474, km 167511
KD meldet telefonisch: Inspektion nach Herstellervorgabe.
Klimaanlage kühlt schlecht, bitte prüfen.
Bitte Rechnung an die Firma. Ersatzwagen geklärt, Klasse klein.
~~~~~~~~~~~~~
31.03.26 15:06 U. Peters: Fzg. in Halle, Zerlegung begonnen
04.04.26 19:06 Annahme: Fzg. gewaschen, abholbereit"
865286,2026-08-02 11:22:44,2026-08-19 01:03:17,,true,,2026-08-17 11:03:17,,109421,137667,ZQD-BD 304,ZZJUZ2P52TG740441,Ford,Focus Turnier,DEH,2016-12-14,224231,,3,Sandra,Otto,Akazienweg 1,47051,Duisburg,sotto@example.net,+49 179 5270485,029983,92,😀↪🕧Kunde erreicht Meldet sich,Vorgangsstatus,92|182|613,1,707224,,false,3,135,service,HU/AU,,,,laufend,"Kunde berichtet: HU überfällig seit letztem Monat.
Klimaanlage kühlt schlecht, bitte prüfen.
Kunde holt am Abend ab. Leihwagen nein, Kunde wartet.
Ersatzteil im Rückstand, Kunde informiert.
~~~~~~~~~~~~~
08.08.26 13:22 Karosserie: Endkontrolle offen"
834462,2026-02-27 16:09:59,2026-02-28 02:09:59,,true,,,,125154,158123,QQK-D 649,ZZBA35JT5T1584150,BMW,X3,G01,2017-09-11,113282,,,Uwe,Franke,Am Alten Sportplatz 76,30655,Hannover,uwe.franke97@example.org,+49 152 4407191,453141,1559,"🔧📞 Mechanik Termin bitte vereinbaren /Teile, Freigabe eingetroffen",Vorgangsstatus,1559|397|532|469,1,098835,,false,0,0,service,Bremsen,,,,neu,"Fzg. vorgefahren, Bremsbeläge vorne unter Mindeststärke.
Innenraumfilter riecht, mit tauschen.
Bitte Rechnung an die Firma.
Kunde ist informiert, meldet sich.
~~~~~~~~~~~~~
05.03.26 16:09 Karosserie: Freigabe Versicherung eingetroffen
10.03.26 21:09 H. Riedel: Ersatzteil eingetroffen, Termin vereinbaren"
873186,2026-07-25 08:37:20,2026-08-14 19:24:15,,true,,2026-08-14 12:24:15,,123626,159632,QQ-LJ 2526,ZZD9W49F3Y0456965,Skoda,Karoq,NU7,2012-05-06,156036,,3,Jan,Ludwig,Tannenweg 56,99084,Erfurt,jan.ludwig59@example.de,+49 (0)178 2099217,775537,435,🕋🤔Antwort Versicherer/GA/Leasing/Kunde fehlt,Vorgangsstatus,435|1562|1602|598,0,,,false,3,152,damage,Rangierschaden,Kotflügel hinten links|Beifahrertür,mittel,haftpflicht_gegner,laufend,"Kunde berichtet: Rangierschaden beim Rangieren am Hof. Kotflügel hinten links Halterung gebrochen, ca. 5 cm.
Beifahrertür ebenfalls: Riss im Lack.
Bitte KVA vor Reparatur abstimmen. Kunde wartet vor Ort.
Gegnerische Haftpflicht reguliert, Haftung anerkannt.
Fzg. steht auf dem Hof.
~~~~~~~~~~~~~
29.07.26 10:37 S. Stein: Fzg. in Halle, Zerlegung begonnen
04.08.26 13:37 Teiledienst: Leihwagen reserviert
09.08.26 17:37 S. Stein: Endkontrolle offen"
896654,2026-07-31 11:49:23,2026-08-09 22:40:04,,false,2026-08-08 14:40:04,2026-08-06 13:01:28,2026-08-07 17:01:28,129983,132260,QQC-J 7069,ZZC74KFJ6V1577980,Mercedes,A-Klasse,W177,2019-09-25,95424,,,Sabine,Franke,Kiefernweg 43,53111,Bonn,,0178/8387082,739377,9,🏁 Abgeholt,Vorgangsstatus,9|394|437,0,,,false,3,92,service,Inspektion,,,,abgeschlossen,"Mercedes A-Klasse, QQC-J 7069, km 95424
Kunde meldet: Große Inspektion inkl. Innenraumfilter.
Servicerückstellung nicht erfolgt, bitte mitmachen.
Kunde wünscht Kostenrahmen vorab. Abholung durch Kunde am Nachmittag.
Termin steht, Dauer ca. 2 Tage.
~~~~~~~~~~~~~
04.08.26 16:49 B. Martens: Ersatzteil eingetroffen, Termin vereinbaren"
898607,2026-01-10 07:52:11,2026-01-16 04:17:40,,true,,2026-01-14 17:17:40,,114779,150493,QQV-CL 84,ZZE8THCXXWR966148,VW,Passat Variant,3G5,2019-10-24,157814,Steinfurt Handel AG,,Marco,Kramer,Ahornweg 65,70173,Stuttgart,marco.kramer42@example.net,+49 (0)174 1234519,331630,34,🌗✔️Nachbestellung Termin bestätigt,Vorgangsstatus,34|182|406,0,,,false,2,137,service,HU/AU,,,,laufend,"HU/AU: TÜV Termin, Fzg. vorher durchsehen.
Zusätzlich Klappern vorne rechts bei Bodenwellen.
Kunde bittet um Kostenvoranschlag.
~~~~~~~~~~~~~
17.01.26 10:52 N. Berger: Ersatzteil eingetroffen, Termin vereinbaren"
835052,2026-01-21 13:17:53,2026-01-29 15:47:16,,true,,2026-01-28 09:47:16,,115557,135113,XQD-RT 985,ZZB87BKA9S2015793,Seat,Ateca,KH7,2019-02-21,106433,,1,Daniel,Nolte,Weissdornweg 40,01067,Dresden,dnolte@example.de,+49 157 6189958,974957,1164,FZG in Fremdwerkstatt,Vorgangsstatus,1164|918|1042,0,,,false,0,0,service,Bremsen,,,,laufend,"Seat Ateca, XQD-RT 985, km 106433
Fzg. angeliefert, Bremsen quietschen, bitt prüfen.
Kunde wünscht Kostenrahmen vorab. Leihwagen ja, Hol- und Bringservice ja.
Ersatzteil im Rückstand, Kunde informiert.
~~~~~~~~~~~~~
27.01.26 16:17 Dispo: KD informiert, Termin steht"
875573,2026-03-10 10:17:52,2026-03-13 08:21:52,,false,2026-03-12 10:21:52,2026-03-11 14:36:28,2026-03-11 22:36:28,124850,137774,QQD-GN 419,ZZFCP2D22RN345069,Mercedes,E-Klasse,W213,2020-07-15,77492,,3,Simone,Kliemann,Feldblumenweg 133,68159,Mannheim,skliemann@example.org,+49 163 6111606,472545,9,🏁 Abgeholt,Vorgangsstatus,9|948|1585,1,959325,,false,2,123,damage,Parkschaden,Kotflügel vorne rechts|Stoßstange hinten rechts,mittel,selbstzahler,abgeschlossen,"Kunde bringt Fzg., Parkschaden, Schaden am 07.03. entdeckt. Kotflügel vorne rechts Lack abgeplatzt, über zwei Bauteile.
Zusätzlich Stoßstange hinten rechts betroffen, Beule.
Kunde möchte Fzg. bis Monatsende zurück. Fzg. bleibt über Nacht da.
Selbstzahler, keine Vers. im Spiel.
Ersatzteil nur komplett lieferbar, Austausch statt Instandsetzung.
~~~~~~~~~~~~~
18.03.26 13:17 Servicebüro: Fzg. in Halle, Zerlegung begonnen
24.03.26 17:17 G. Keller: Nachtrag: Kunde bittet um Verschiebung"
836999,2026-04-21 12:14:27,2026-04-27 22:56:23,,false,2026-04-27 12:56:23,2026-04-22 13:27:56,2026-04-25 17:27:56,100247,134062,QQF-AU 611,ZZBDKCUW0R8701658,Seat,Ibiza,KJ1,2015-09-27,142305,Lindenhof Bau OHG,3,,,Malvenweg 26,63065,Offenbach am Main,kseidel@example.de,0159/0906589,587873,14,🚛✅ Ausgeliefert,Vorgangsstatus,14|393,1,721152,,false,1,68,service,Ölwechsel,,,,abgeschlossen,"Seat Ibiza, QQF-AU 611
Kunde kommt ohne Termin, Ölwechsel, Longlife zurücksetzen.
Zusätzlich Klappern vorne rechts bei Bodenwellen.
Rückruf erwünscht bevor zusätzliche Arbeiten.
~~~~~~~~~~~~~
24.04.26 13:14 SB: Rückruf nicht erreicht, Mailbox
30.04.26 17:14 Annahme: KV an Kunde verschickt"
888381,2026-06-20 08:39:17,2026-06-21 06:39:17,,true,,,,100989,138169,XQA-EZ 9834,ZZFAFDW02WZ214519,BMW,3er Touring,G21,2024-01-09,59918,,3,Nicole,Nolte,Amselweg 65,71032,Boeblingen,nicole.nolte98@example.de,+49 157 5649446,649700,27,✔️Termin bestätigt,Vorgangsstatus,27|948|1585,1,163618,,false,1,35,damage,Parkschaden,Schweller rechts|Stoßstange vorne links,leicht,selbstzahler,neu,"Anruf Kunde: Parkschaden in der Tiefgarage, Verursacher unbekannt. Schweller rechts Schrammen, ca. 15 cm.
Zusätzlich Stoßstange vorne links betroffen, Schrammen.
KVA erwünscht, bitte per Mail. Kunde wartet vor Ort.
Ohne Versicherung, Kunde entscheidet nach Preis.
Teile bestellt, Liefertermin offen.
~~~~~~~~~~~~~
21.06.26 10:39 Annahme: Nachtrag: Kunde bittet um Verschiebung
25.06.26 12:39 TS: Fzg. gewaschen, abholbereit"
895323,2026-01-07 15:59:02,2026-02-02 16:54:27,,false,2026-02-02 07:30:46,2026-01-29 11:54:27,2026-02-02 15:54:27,116682,141428,QQN-MY 675,ZZEUKTW22WL506912,Mercedes,B-Klasse,W247,2022-02-28,107616,,,Helmut,Dietrich,Weissdornweg 117,86150,Augsburg,,0177/6375531,388897,41,🛑 Wartet auf Abholung durch Verwerter/Leasing/sonstige,Vorgangsstatus,41|936|1573|1001|469,3,571633|904351|783921,121,true,3,127,damage,Hagelschaden,Motorhaube|Heckklappe|Dach,schwer,teilkasko,abgeschlossen,"Mercedes B-Klasse, QQN-MY 675
Kunde kommt ohne Termin, Hagelschaden, mehrere Fzg. aus dem Ort betroffen. Motorhaube mit mehreren Dellen aus Hagelschlag.
Heckklappe übersät mit Dellen, Zählung Dellenkarte offen.
Hagelschlag flächig, Dach mit zahlreichen Dellen.
Kunde möchte wissen ob Instandsetzung reicht. Leihwagen nein, Kunde wartet.
TK vorhanden, SB 150 EUR.
Beilackierung notwendig."
846821,2026-06-01 10:55:49,2026-06-24 20:28:02,,false,2026-06-23 10:28:02,2026-06-18 10:57:08,2026-06-21 16:57:08,121357,157428,QQC-K 4584,ZZDPMT2P0S4941347,Ford,Kuga,CX482,2014-05-08,230361,Kieswerk Sanitaer GmbH,3,,,Zedernweg 123,45127,Essen,kontakt_lang@example.org,+49 163 2772255,266067,9,🏁 Abgeholt,Vorgangsstatus,9|958|1084|486,1,635778,128,false,4,176,damage,Parkschaden,Schweller links|Tür hinten rechts,leicht,haftpflicht_gegner,abgeschlossen,"Ford Kuga, QQC-K 4584
Lt. Kunde: Parkschaden vor dem Supermarkt, niemand gemeldet. Kleine Delle an Schweller links, punktuell, mehrere Stellen.
Tür hinten rechts ebenfalls: Kratzer, Lack nicht durch.
Leihwagen ja, Hol- und Bringservice ja.
Unfallgegner bekannt, Haftung dem Grunde nach unstrittig.
Bitte Lackabgleich, Farbton prüfen.
~~~~~~~~~~~~~
09.06.26 12:55 K. Lehmann: Teile bestellt, Nachricht an Dispo
16.06.26 13:55 Karosserie: Rückruf nicht erreicht, Mailbox"
838258,2026-07-31 10:23:21,2026-08-06 11:32:23,,true,2026-08-06 09:32:23,2026-08-02 08:06:24,2026-08-05 14:06:24,107275,131810,QQN-D 493,ZZE71GY4XR3570609,Audi,A3 Sportback,8Y,2017-01-28,204327,,3,Melanie,Kramer,Lerchenstrasse 82,86150,Augsburg,melanie_kramer@example.net,0178 1915105,171822,38,👍 🔜Fertig zur Abholung mit Folgetermin,Vorgangsstatus,38|946|399|1249|496,0,,,false,1,32,damage,Parkschaden,Außenspiegel rechts|Schweller rechts,leicht,selbstzahler,fertig,"Kunde meldet: Parkschaden auf dem Parkplatz. Außenspiegel rechts ca. 25 cm Kratzer, Lack nicht durch.
Weiterer Schaden Schweller rechts, Lackabrieb.
Kunde fragt nach Reparaturdauer. Hol- und Bringservice gewünscht.
Selbstzahler, keine Vers. im Spiel.
Freigabe eingetroffen, Teile bestellt.
~~~~~~~~~~~~~
04.08.26 11:23 Dispo: Kalkulation fertig, an Prüfer"
853758,2026-04-06 15:37:34,2026-04-17 17:17:32,,true,2026-04-17 07:17:32,2026-04-15 09:41:50,2026-04-15 12:41:50,111602,139149,QQN-B 2949,ZZEXECUJ3SF847940,BMW,5er Limousine,G30,2026-05-26,6378,,,Georg,Kern,Ginsterweg 87,41061,Moenchengladbach,,0172 2150545,419213,38,👍 🔜Fertig zur Abholung mit Folgetermin,Vorgangsstatus,38|242,2,047866|433677,,false,1,22,service,Ölwechsel,,,,fertig,"BMW 5er Limousine, QQN-B 2949
Anruf Kunde: Ölwechsel, Longlife zurücksetzen.
Kunde meldet Vibration ab 120 km/h.
Kunde bittet um Kostenvoranschlag."
831427,2026-01-14 07:32:18,2026-02-02 13:28:22,,true,,2026-02-01 17:28:22,,111959,140077,QQM-EZ 16,ZZJ1EB503TV679456,VW,Polo,AW,2016-04-12,172318,Weidenhof Service AG,,,,Sonnenblumenweg 67,33098,Paderborn,kontakt_baumann@example.de,0160/4518949,732620,16,⚠️Warte auf Freigabe,Vorgangsstatus,16|1139,3,573386|309582|438347,117,false,3,99,damage,Wildunfall,Stoßstange vorne rechts,mittel,teilkasko,laufend,"Anruf Kunde: Wildunfall, Tier ist weggelaufen. Stoßstange vorne rechts: Halterung gebrochen, ca. 5 cm.
Kunde bittet um KVA. Leihwagen ja, Hol- und Bringservice ja.
TK deckt Glasschaden, SB 150 EUR.
Versicherung: Weidenhof Sach, Schadennr. 54177749."
879875,2026-05-22 14:29:49,2026-05-23 19:29:49,,true,,,,118326,136750,QQF-XT 75,ZZF1FG0U6TA896067,BMW,2er Active Tourer,U06,2024-12-22,14946,,,Fabian,Brandt,Distelweg 108,45127,Essen,fabian.brandt@example.org,+49 (0)175 2052665,487559,534,📲🔰DSA/Bilder/GA/Infos erhalten bitte Kalkulieren,Vorgangsstatus,534|954|1083|438,1,965071,101,false,1,6,damage,Parkschaden,Stoßstange vorne links|Tür hinten rechts,mittel,gesteuert,neu,"KD meldet telefonisch: Parkschaden vor dem Supermarkt, niemand gemeldet. Schaden an Stoßstange vorne links, Delle mit Lackschaden, handtellergroß.
Tür hinten rechts ebenfalls: Riss im Lack.
Kunde bittet um Terminvorschlag.
Steuerung über Flottenpartner, Freigabe schriftlich nötig.
Versicherung: Nordstern Direkt, Schadennr. 82994424."
856484,2026-07-31 16:09:17,2026-08-11 15:36:10,,true,2026-08-11 11:25:39,2026-08-10 08:36:10,2026-08-11 11:36:10,107247,135871,QZ-RN 28,ZZD7S65E7SZ420453,VW,T-Roc,A11,2019-05-07,59891,,1,Sebastian,Krause,Rosmarinweg 25,76133,Karlsruhe,sebastian_krause@example.org,+49 157 8444300,029450,38,👍 🔜Fertig zur Abholung mit Folgetermin,Vorgangsstatus,38|956|1149|648,2,636819|470327,134,false,0,0,damage,Vandalismus,Kotflügel vorne rechts|Stoßstange vorne rechts|Stoßstange hinten rechts,leicht,teilkasko,fertig,"VW T-Roc, QZ-RN 28, km 59891
Kunde bringt Fzg., Vandalismus, Anzeige bei der Polizei erstattet. Feine Kratzspuren an Kotflügel vorne rechts, auf ganzer Länge.
Weiterer Schaden Stoßstange vorne rechts, Druckstelle.
Stoßstange hinten rechts ebenfalls: kleine Delle.
Kunde bittet um Rückruf bis Freitag.
TK vorhanden, SB 150 EUR.
Nach Zerlegung nachkalkulieren.
~~~~~~~~~~~~~
03.08.26 19:09 SB: Ersatzteil eingetroffen, Termiin vereinbaren
06.08.26 00:09 TS: Nachtrag: Kunde bittet um Verschiebung
14.08.26 05:09 Teiledienst: Freigabe Versicherung eingetroffen"
823013,2026-06-13 08:01:49,2026-06-18 19:56:31,,true,2026-06-18 16:25:32,2026-06-18 12:56:31,2026-06-18 16:56:31,103841,156212,XQM-S 173,ZZE1M4SC2YA992038,Opel,Mokka,U,2025-08-21,18334,Steinfurt Vertrieb e.K.,2,Laura,Kramer,Weissdornweg 56,40213,Duesseldorf,laura.kramer87@example.com,+49 (0)178 4969869,041288,12,👍 Fertig zur Abholung,Vorgangsstatus,12|958|1087|1591|1173,1,123629,109,false,4,270,damage,Rangierschaden,Stoßstange vorne,schwer,gesteuert,fertig,"Anruf Kunde: Rangierschaden, Poller übersehen. Träger verformt an Stoßstange vorne, ca. 5 cm.
Kunde möchte wissen ob Instandsetzung reicht. Hol- und Bringservice gewünscht.
Gesteuerter Auftrag, RKÜ liegt noch nicht vor.
Ersatzteil nur komplett lieferbar, Austausch statt Instandsetzung.
Steuerung: Talblick Fleet.
~~~~~~~~~~~~~
16.06.26 12:01 Servicebüro: KV an Kunde verschickt
22.06.26 12:01 Dispo: Fzg. in Halle, Zerlegung begonnen
30.06.26 12:01 Dispo: Rückruf nicht erreicht, Mailbox"
873593,2026-01-13 14:46:13,2026-01-28 17:09:39,,true,,2026-01-27 16:09:39,,112851,150170,QQS-ZZ 8049,ZZAKC9WG7SX151209,VW,Touran,5T,2019-10-14,53107,,3,Jana,Zimmer,Zypressenweg 137,53111,Bonn,jzimmer@example.org,0157/7302084,638628,435,🕋🤔Antwort Versicherer/GA/Leasing/Kunde fehlt,Vorgangsstatus,435|394|609|1249,1,745109,,false,0,0,service,HU/AU,,,,laufend,"Kunde kommt ohne Termin, HU überfällig seit letztem Monat.
Kunde bittet um Kostenvoranschlag.
~~~~~~~~~~~~~
15.01.26 17:46 M. Thiel: Fzg. gewaschen, abholbereit"
826621,2026-07-05 15:25:47,2026-07-30 08:35:29,,true,,2026-07-29 12:35:29,,117705,150353,ZQC-V 8378,ZZD6LMZJ6XS173379,Mercedes,E-Klasse,W213,2024-01-23,37255,Blauberg Handel OHG,,,,Eichenweg 91,38100,Braunschweig,kontakt_kramer@example.org,+49 172 8709487,423367,1291,Fahrzeug reinholen,Vorgangsstatus,1291|245,1,178885,,false,2,129,service,Inspektion,,,,laufend,"Kunde meldet: Große Inspektion inkl. Innenraumfilter.
Bitte Softwarestand prüfen, Rückruf offen.
Bitte Rechnung an die Firma. Abholung durch Kunde am Nachmittag.
Ersatzteil im Rückstand, Kunde informiert."
884027,2026-04-29 11:27:15,2026-05-23 11:09:27,,true,,2026-05-22 10:09:27,,129456,157601,QY-KB 8116,ZZDCFP296S8630130,Skoda,Fabia,PJ,2016-01-28,78273,Seeblick Elektrotechnik OHG,,Yvonne,Fiedler,Buchenallee 65,44137,Dortmund,yvonne.fiedler@example.org,+49 (0)157 4078154,187994,34,🌗✔️Nachbestellung Termin bestätigt,Vorgangsstatus,34|1562|1571|1006,1,474858,117,false,3,58,damage,Steinschlag,Windschutzscheibe,schwer,teilkasko,laufend,"Lt. Kunde: Steinschlag bei der Baustellenfahrt. Steinschlag Windschutzscheibe im Sichtfeld Fahrer, Reparatur nicht möglich, Austausch nötig.
Kunde bittet um KVA. Ersatzwagen geklärt, Klasse klein.
TK vorhanden, SB 150 EUR."
867006,2026-05-11 09:54:06,2026-05-30 02:51:13,,true,,2026-05-29 13:51:13,,101856,146358,QQT-SY 13,ZZJ166KR0RB339070,Mercedes,A-Klasse,W177,2015-02-06,217021,,1,Frank,Winkler,Feldblumenweg 137,71032,Boeblingen,fwinkler@example.net,0159 1634660,460315,16,⚠️Warte auf Freigabe,Vorgangsstatus,16|926,1,290862,,false,1,49,service,Inspektion,,,,laufend,"Fzg. vorgefahren, Inspektion nach Herstellervorgabe.
Scheibenwischer schmieren, bitte erneuern.
Rückruf erwünscht bevor zusätzliche Arbeiten. Leihwagen ja.
Kunde bekommt Zwischeninfo."
865392,2026-04-04 07:24:19,2026-04-05 10:24:19,,true,,,,129376,144200,XQA-V 497,ZZACPM2Z5W3033367,Opel,Grandland,A18,2025-11-13,20278,,,Claudia,Ziegler,Salbeiweg 4,33098,Paderborn,claudia.ziegler@example.de,+49 (0)178 3187502,534104,530,🚀Auftrag erteilt/Teile vorbestellt/Termin wenn Teile da,Vorgangsstatus,530|235,3,493837|252891|897230,,false,3,120,service,Inspektion,,,,neu,"Opel Grandland, XQA-V 497, km 20278
Inspektion: Große Inspektion inkl. Innenraumfilter.
Batterie schwach, Startprobleme morgens.
Kunde wünscht Kostenrahmen vorab. Fzg. bleibt über Nacht da.
~~~~~~~~~~~~~
06.04.26 10:24 SB: KV an Kunde verschickt"
894117,2026-05-03 15:41:41,2026-05-17 13:45:43,,false,2026-05-17 13:45:43,2026-05-12 07:06:26,2026-05-16 15:06:26,125654,148675,QQS-LH 19,ZZEB5GYH2SB301386,VW,T-Roc,A11,2016-07-03,69385,,1,Birgit,Herrmann,Am Alten Sportplatz 13,52062,Aachen,,0163/0557498,086973,9,🏁 Abgeholt,Vorgangsstatus,9|180|860|998,1,074662,,false,1,88,service,Ölwechsel,,,,abgeschlossen,"VW T-Roc, QQS-LH 19
Kunde bringt Fzg., Ölservice fällig, Anzeige im Display.
Kunde fragt nach Ersatzwagen. Leihwagen ja.
Termin nach Teileeingang."
857936,2026-01-10 11:50:12,2026-02-02 18:19:49,,false,2026-02-01 15:19:49,2026-01-26 13:46:01,2026-01-30 16:46:01,105242,159839,QQR-GR 743,ZZH07KRZ3YB387637,VW,Caddy,SB,2013-03-14,211636,,2,Hannah,Herrmann,Kastanienallee 41,38100,Braunschweig,hannah.herrmann41@example.com,0177 9935279,289342,121,abgerechnet ! Auftrag erledigt abgeschlossen,Vorgangsstatus,121|391|101,2,773487|187988,,false,1,22,service,Ölwechsel,,,,abgeschlossen,"VW Caddy, QQR-GR 743, km 211636
Anruf Kunde: Ölwechsel inkl. Filter nach Serviceplan.
Kunde fragt nach Ersatzwagen.
~~~~~~~~~~~~~
12.01.26 11:50 N. Kern: Rechnung geschrieben"
879108,2026-06-28 15:41:12,2026-07-10 02:05:49,,true,2026-07-09 14:05:49,2026-07-06 13:46:04,2026-07-06 16:46:04,113310,159544,XQD-NW 185,ZZABB1LGXYS796953,Seat,Ateca,KH7,2025-01-20,17040,,,Elena,Hahn,Eichenweg 18,97070,Wuerzburg,elena.hahn79@example.net,0172 7696658,859506,38,👍 🔜Fertig zur Abholung mit Folgetermin,Vorgangsstatus,38|184,1,405740,,false,3,152,service,Inspektion,,,,fertig,"Lt. Kunde: Inspektion nach Herstellervorgabe.
Scheibenwischer schmieren, bitte erneuern.
Kunde wünscht Kostenrahmen vorab."
835918,2026-07-18 12:57:11,2026-08-07 12:46:52,,false,2026-08-07 11:46:52,2026-08-04 12:05:18,2026-08-04 18:05:18,116952,150219,QZ-GG 72,ZZD7S2M58WH399019,Mercedes,C-Klasse T-Modell,S206,2013-11-20,211644,,,Nadine,Keller,Sonnenblumenweg 19,76133,Karlsruhe,nadine.keller@example.com,0176/1955632,206661,721,🌝 Fzg angekauft,Vorgangsstatus,721|785,2,093767|557144,,false,2,107,service,Inspektion,,,,abgeschlossen,"Mercedes C-Klasse T-Modell, QZ-GG 72, km 211644
KD meldet telefonisch: Inspektion fällig, Kunde wünscht Kostenrahmen vorab.
Kunde bittet um Kostenvoranschlag.
~~~~~~~~~~~~~
25.07.26 14:57 E. Schaefer: Fzg. in Halle, Zerlegung begonnen"
898707,2026-08-04 09:38:57,2026-08-14 17:13:18,,true,,2026-08-14 13:13:18,,119735,131504,XQ-FA 596,ZZJGXEWNXYT650233,Ford,Puma,J2K,2024-09-26,18204,Weidenhof Fuhrpark GmbH,,Jonas,Beck,Ulmenstrasse 96,97070,Wuerzburg,jbeck@example.org,0170 0876382,393722,106,😊📲Kunde erreicht DSA/Bilder angefordert,Vorgangsstatus,106|956|1088|1172,2,470389|237705,,false,1,82,damage,Rangierschaden,Außenspiegel links|Motorhaube,mittel,selbstzahler,laufend,"Ford Puma, XQ-FA 596, km 18204
Fzg. vorgefahren, Rangierschaden, Kunde schildert Hergang selbst. An Außenspiegel links Beule (ca. 3 cm Durchmesser).
Zusätzlich Motorhaube betroffen, Delle mit Lackschaden.
Kunde bittet um Terminvorschlag. Fzg. bleibt über Nacht da.
Ohne Versicherung, Kunde entscheidet nach Preis.
~~~~~~~~~~~~~
10.08.26 11:38 Annahme: Kunde meldet sich wegen Termin
15.08.26 15:38 I. Peters: Kalkulation fertig, an Prüfer"
893887,2026-04-03 12:43:03,2026-04-03 23:43:03,,true,,,,118851,139910,QZ-FW 403,ZZGL65M67R2864798,Opel,Astra Sports Tourer,L,2023-06-24,36675,,,Diana,Vogt,Sonnenblumenweg 13,86150,Augsburg,diana.vogt79@example.net,+49 159 5952712,295114,88,🙂Vorgang angelegt,Vorgangsstatus,88|395|434,1,423597,,false,2,70,service,Bremsen,,,,neu,"Kunde kommt ohne Termin, Bremsscheiben hinten riefig, Kunde meldet Rubbeln.
Innenraumfilter riecht, mit tauschen.
Kunde bittet um Kostenvoranschlag. Kunde wartet vor Ort.
~~~~~~~~~~~~~
11.04.26 13:43 M. Frank: KV an Kunde verschickt"
890056,2026-07-31 11:09:54,2026-08-28 19:13:26,,false,2026-08-27 15:13:26,2026-08-21 15:44:27,2026-08-24 22:44:27,102597,135082,QQC-T 55,ZZHX95LYXSF856359,Skoda,Fabia,PJ,2015-07-04,218295,Kieswerk Fuhrpark e.K.,1,,,Lerchenstrasse 45,99084,Erfurt,kontakt.krause22@example.org,+49 172 2324131,460161,721,🌝 Fzg angekauft,Vorgangsstatus,721|956|1081|614|1175,1,329923,128,true,3,131,damage,Hagelschaden,Motorhaube|Dach|Heckklappe,schwer,teilkasko,abgeschlossen,"Fzg. angeliefert, Hagelschaden, mehrere Fzg. aus dem Ort betroffen. Hagelschlag flächig, Motorhaube mit zahlreichen Dellen.
Dach mit mehreren Dellen aus Hagelschlag.
Hagel: Heckklappe betroffen, Lack laut Sichtprüfung intakt.
Kunde möchte wissen ob Instandsetzung reicht.
TK deckt Glasschaden, SB 150 EUR.
Kunde bekommt Zwischeninfo.
~~~~~~~~~~~~~
03.08.26 15:09 Servicebüro: KD informiert, Termin steht
07.08.26 16:09 Servicebüro: Endkontrolle offen
10.08.26 20:09 SB: Teile bestellt, Nachricht an Dispo"
853508,2026-04-04 12:27:45,2026-04-05 00:27:45,,true,,,,104684,146051,QQB-MD 479,ZZFHY6KM6V4497211,Seat,Ateca,KH7,2023-08-01,20156,Lindenhof Pflegedienst GmbH,3,,,Birkenweg 91,63065,Offenbach am Main,kontakt.fiedler22@example.com,+49 172 1404038,457746,533,📲✅Vorkalkulation erledigt bitte Termin vereinbaren,Vorgangsstatus,533|949|1085|997,0,,,false,2,99,damage,Wildunfall,Motorhaube|Stoßstange vorne rechts,leicht,teilkasko,neu,"Anruf Kunde: Wildunfall auf der Landstraße. Motorhaube: Kratzer im Klarlack, ca. 5 cm.
Zusätzlich Stoßstange vorne rechts betroffen, Kratzer im Klarlack.
Kunde bittet um Rückruf bis Freitag. Leihwagen ja.
TK vorhanden, SB 150 EUR.
Freigabe eingetroffen, Teile bestellt.
~~~~~~~~~~~~~
06.04.26 14:27 Lack: KV an Kunde verschickt
08.04.26 14:27 SB: Leihwagen reserviert
13.04.26 17:27 Annahme: Teile bestellt, Nachricht an Dispo"
876640,2026-05-01 13:35:30,2026-05-02 04:35:30,,true,,,,127295,152897,XQB-F 77,ZZFJK7PF6W1047435,VW,Polo,AW,2018-03-23,123594,,2,Sebastian,Ziegler,Ahornweg 114,38100,Braunschweig,sebastian_ziegler@example.org,0176 6048931,335138,28,❓Termin unsicher,Vorgangsstatus,28|993|1150|1220|108,1,718183,104,false,2,36,damage,Wildunfall,Kotflügel vorne links,leicht,teilkasko,neu,"Anruf Kunde: Wildunfall, Tier ist weggelaufen. Schrammen an Kotflügel vorne links, ca. 5 cm.
Kunde will erst nach Preis entscheiden.
TK vorhanden, SB 150 EUR.
Ersatzteil im Rückstand, Kunde informiert.
Versicherung: Talblick Versicherung, Schadennr. 14362131.
~~~~~~~~~~~~~
07.05.26 18:35 S. Peters: Endkontrolle offen
14.05.26 22:35 S. Peters: Fzg. gewaschen, abholbereit
15.05.26 22:35 S. Peters: Freigabe Versicherung eingetroffen"
846368,2026-03-11 13:52:05,2026-03-23 19:49:06,,true,2026-03-23 14:49:06,2026-03-17 10:23:53,2026-03-20 14:23:53,114688,159438,QQE-TV 318,ZZAYWPVG5XK211080,Ford,Transit Custom,V362,2016-10-03,131506,,2,Anja,Dietrich,Akazienweg 61,34117,Kassel,adietrich@example.com,0163 6577211,822215,1153,👆🚚 Bringservice mit Folgetermin,Vorgangsstatus,1153|947|1572|1605,0,,,false,2,62,damage,Auffahrunfall,Stoßstange vorne rechts|Stoßstange hinten rechts,mittel,haftpflicht_gegner,fertig,"Kunde bringt Fzg., Auffahrunfall im Stau auf der Autobahn. Stoßstange vorne rechts: Lack abgeplatzt, über zwei Bauteile.
Auch Stoßstange hinten rechts beschädigt (Delle mit Lackschaden).
KVA erwünscht, bitte per Mail. Leihwagen ja.
Gegnerische Haftpflicht reguliert, Haftung anerkannt.
Termin steht, Dauer ca. 2 Tage.
Versicherung: Blauberg Allgemeine, Schadennr. 47965994."
892694,2026-02-24 08:55:23,2026-03-09 09:38:04,,false,2026-03-08 14:38:04,2026-03-06 09:34:02,2026-03-07 11:34:02,102154,141502,QQW-LZ 57,ZZDKRFZ27T0279492,Seat,Ibiza,KJ1,2016-06-19,123815,,3,Heike,Lehmann,Am Muehlbach 47,60313,Frankfurt am Main,heike.lehmann34@example.org,0177/5823573,221449,41,🛑 Wartet auf Abholung durch Verwerter/Leasing/sonstige,Vorgangsstatus,41|397,1,924115,,false,2,95,service,Räder und Reifen,,,,abgeschlossen,"Fzg. angeliefert, Räderwechsel Sommer auf Winter, Einlagerung vorhanden.
Bitte anrufen wenn mehr anfällt als besprochen. Hol- und Bringservice gewünscht.
~~~~~~~~~~~~~
02.03.26 13:55 Karosserie: Freigabe Versicherung eingetroffen"
857700,2026-01-23 16:21:26,2026-02-06 11:30:38,,true,,2026-02-05 09:30:38,,115357,157813,ZQR-V 16,ZZG644ZDXT8055028,Opel,Mokka,U,2018-02-12,89311,,2,Bernd,Engel,Zypressenweg 110,20359,Hamburg,,+49 178 6887335,206515,16,⚠️Warte auf Freigabe,Vorgangsstatus,16|241|487|1013,2,507275|631248,,false,0,0,service,Ölwechsel,,,,laufend,"Opel Mokka, ZQR-V 16
Kunde meldet: Ölwechsel inkl. Filter nach Serviceplan.
Bitte anrufen wenn mehr anfällt als besprochen. Abholung durch Kunde am Nachmittag.
Termin steht, Dauer ca. 2 Tage.
~~~~~~~~~~~~~
26.01.26 19:21 Annahme: Kalkulation fertig, an Prüfer"
874658,2026-07-17 15:53:26,2026-08-09 02:36:33,,true,,2026-08-08 14:36:33,,102776,146330,QQH-BJ 93,ZZCF4HRF7W7783930,Audi,A3 Sportback,8Y,2012-09-16,270500,Rheinpfad Vertrieb e.K.,1,Ralf,Brandt,Am Alten Sportplatz 123,04109,Leipzig,,0179/4425811,497308,33,⚠️Schadensfeststellung,Vorgangsstatus,33|926,1,722195,,false,1,94,service,HU/AU,,,,laufend,"Audi A3 Sportback, QQH-BJ 93, km 270500
HU/AU: TÜV/HU mit Abgasuntersuchung.
Bitte Softwarestand prüfen, Rückruf offen.
Kunde wartet vor Ort.
Termin steht, Dauer ca. 2 Tage.
~~~~~~~~~~~~~
19.07.26 17:53 M. Keller: KV an Kunde verschickt
20.07.26 19:53 M. Keller: Leihwagen reserviert
21.07.26 22:53 Annahme: Ersatzteil eingetroffen, Termin vereinbaren"
897848,2026-05-11 10:20:38,2026-05-14 15:32:30,,true,,2026-05-13 08:32:30,,117487,158499,XQR-GR 525,ZZEJYZVU1TK445500,Opel,Corsa,F,2016-06-13,174035,,3,Patrick,Fiedler,Birkenweg 120,01067,Dresden,patrick_fiedler@example.com,0160/7457012,953593,495,👽⚡🛒Teil im Rückstand Fzg. teilrepariert beim Kunden,Vorgangsstatus,495|952|1571|597,1,794976,,true,1,19,damage,Rangierschaden,Außenspiegel rechts|Stoßstange vorne rechts,mittel,selbstzahler,laufend,"Kunde bringt Fzg., Rangierschaden, Poller übersehen. Lack abgeplatzt an Außenspiegel rechts, ca. 5 cm.
Zusätzlich Stoßstange vorne rechts betroffen, Lack abgeplatzt.
Kunde bittet um Terminvorschlag. Kunde wartet vor Ort.
Kunde zahlt selbst, KVA vorab.
Bitte Lackabgleich, Farbton prüfen."
835400,2026-03-13 09:35:59,2026-03-27 00:26:10,,true,,2026-03-26 12:26:10,,129853,130749,XQB-A 22,ZZENW1PG6VP014415,Skoda,Octavia Combi,NX5,2020-04-12,74998,Nordlicht Sanitaer OHG,3,,,Feldblumenweg 4,65183,Wiesbaden,,+49 (0)152 5693136,637075,26,👆🚚 Bringservice,Vorgangsstatus,26|240|609|496,1,750271,,false,1,44,service,Inspektion,,,,laufend,"Anruf Kunde: Inspektion fällig, Kunde wünscht Kostenrahmen vorab.
Kontrollleuchte Reifendruck ist an.
Kunde bittet um Kostenvoranschlag. Leihwagen ja, Hol- und Bringservice ja.
~~~~~~~~~~~~~
14.03.26 10:35 Lack: Leihwagen reserviert"
846868,2026-04-08 09:55:29,2026-05-05 21:29:46,,true,2026-05-05 17:29:46,2026-04-30 07:32:19,2026-05-04 12:32:19,111538,134289,ZQM-X 3339,ZZF5SB102YA430543,VW,T-Roc,A11,2016-03-19,234392,,3,Melanie,Heinrich,Am Alten Sportplatz 82,13407,Berlin,melanie.heinrich46@example.org,0157 5524706,197047,39,📞🔜✔️Abholbereit Folgetermin vereinbaren,Vorgangsstatus,39|949,1,113489,,false,1,88,damage,Rangierschaden,Motorhaube|Kotflügel hinten links,mittel,selbstzahler,fertig,"Kdune berichtet: Rangierschaden an der Laderampe. Schaden an Motorhaube, Lack abgeplatzt, ca. 25 cm.
Zusätzlich Kotflügel hinten links betroffen, Beule.
Ersatzwagen geklärt, Klasse klein.
Kdune zahlt selbst, KVA vorab.
Bitte Wiedervorlage in einer Woche.
~~~~~~~~~~~~~
10.04.26 14:55 Teiledienst: KD informiert, Termin steht"
845725,2026-06-14 11:21:46,2026-06-14 18:21:46,,true,,,,101960,139926,QQW-AT 293,ZZF9M2XYXXW962844,Opel,Astra Sports Tourer,L,2014-12-08,77597,,2,Melanie,Graf,Ulmenstrasse 87,80331,Muenchen,melanie.graf67@example.org,0173/3372203,475426,533,📲✅Vorkalkulation erledigt bitte Termin vereinbaren,Vorgangsstatus,533|953|1080|1220,1,735124,,true,3,147,damage,Rangierschaden,Tür hinten rechts|Stoßstange hinten,leicht,selbstzahler,neu,"Kunde berichtet: Rangierschaden, Fahrer meldet Kontakt mit Mauer. Schaden an Tür hinten rechts, Lackabrieb, ca. 40 cm.
Weiterer Schaden Stoßstange hinten, Druckstelle.
Kunde fragt nach Reparaturdauer. Leihwagen ja.
Kunde zahlt selbst, KVA vorab.
Teile bestellt, Liefertermin offen."
896699,2026-01-22 12:44:09,2026-02-12 13:58:33,,false,2026-02-12 10:58:33,2026-02-11 11:46:25,2026-02-11 14:46:25,113432,151273,XQR-Y 313,ZZE3JYEJ6X9659005,Mercedes,Vito,W447,2022-11-15,91473,,,Silke,Peters,Malvenweg 67,79098,Freiburg,silke.peters62@example.net,+49 (0)175 9180268,792211,36,🏁🔜Abgeholt/Ausgeliefert - Folgetermin offen,Vorgangsstatus,36|1563|1087|498,1,936086,113,false,2,92,damage,Vandalismus,Schweller rechts|Tür hinten links,mittel,vollkasko,abgeschlossen,"Kunde berichtet: Vandalismus über Nacht an der Straße. Schweller rechts: Kunststoff eingedrückt, punktuell, mehrere Stellen.
Tür hinten links ebenfalls: Beule.
Kunde will erst nach Preis entscheiden. Kunde wartet vor Ort.
Vollkasko, Rückstufung mit Kunde besprochen.
Bitte Lackabgleich, Farbton prüfen.
~~~~~~~~~~~~~
26.01.26 13:44 C. Albrecht: Rechnung geschrieben
30.01.26 16:44 C. Albrecht: Kalkulation fertig, an Prüfer
31.01.26 18:44 Annahme: Leihwagen reserviert"
883493,2026-05-29 10:22:45,2026-06-20 14:33:02,,false,2026-06-19 11:33:02,2026-06-14 11:28:13,2026-06-16 17:28:13,105315,152749,ZQR-GF 1034,ZZCW93EX4XJ819578,BMW,1er,F40,2014-10-13,225764,,3,Martin,Kliemann,Amselweg 3,47051,Duisburg,martin_kliemann@example.net,0170 4236780,928628,36,🏁🔜Abgeholt/Ausgeliefert - Folgetermin offen,Vorgangsstatus,36|949,1,462601,117,false,3,228,damage,Hagelschaden,Motorhaube|Dach|Heckklappe,leicht,teilkasko,abgeschlossen,"Lt. Kunde: Hagelschaden, Fzg. stand im Freien. Motorhaube mit mehreren Dellen aus Hagelschlag.
Dach übersät mit Dellen, Zählung Dellenkarte offen.
Heckklappe übersät mit Dellen, Zählung Dellenkarte offen.
Kunde fragt nach Smart Repair.
Teilkasko, SB 150 EUR, KVA an Vers."
842555,2026-03-06 15:46:10,2026-03-08 06:46:10,,true,,,,120839,136101,QZ-H 81,ZZFSEJX41VK332723,Opel,Mokka,U,2024-06-08,23996,,3,Frank,Kaiser,Wacholderweg 64,90402,Nuernberg,fkaiser@example.com,0151/4470740,625982,533,📲✅Vorkalkulation erledigt bitte Termin vereinbaren,Vorgangsstatus,533|394|861,1,571660,,false,1,89,service,Ölwechsel,,,,neu,"Kunde berichtet: Ölservice laut Serviceintervall, Öl 5W30.
Scheibenwischer schmieren, bitt erneuern.
Kunde fragt nach Ersatzwagen.
~~~~~~~~~~~~~
12.03.26 16:46 TS: Fzg. in Halle, Zerlegung begonnen
17.03.26 18:46 Karosserie: Ersatzteil eingetroffen, Termin vereinbaren
20.03.26 21:46 Dispo: Endkontrolle offen"
846916,2026-01-08 08:27:39,2026-01-09 21:27:39,,true,,,,123816,157648,QQK-KR 736,ZZJ1G2X81X0463198,Audi,Q3,F3,2025-05-01,16376,Buchenkamp Logistik GmbH & Co. KG,2,,,Sonnenblumenweg 117,06108,Halle (Saale),klehmann@example.de,+49 (0)172 4565161,622725,88,🙂Vorgang angelegt,Vorgangsstatus,88|392,1,747254,,false,2,149,service,Inspektion,,,,neu,"Audi Q3, QQK-KR 736
Kunde bringt Fzg., Inspektion fällig, Kunde wünscht Kostenrahmen vorab."
893250,2026-08-07 16:08:12,2026-08-08 06:08:12,,true,,,,118272,158142,QQK-P 153,ZZB8JKHF7VA524716,Audi,A1 Sportback,GB,2014-03-20,108632,,,Heike,Kaiser,Malvenweg 129,04109,Leipzig,heike_kaiser@example.com,0172 9506212,343212,436,👋 Termin bitte vereinbaren /Teile/Freigabe/etc. eingetroffen,Vorgangsstatus,436|948|1170,3,623384|989662|997362,134,true,0,0,damage,Parkschaden,Schweller rechts,mittel,vollkasko,neu,"Anruf Kunde: Parkschaden vor dem Supermarkt, niemand gemeldet. Schaden an Schweller rechts, Beule, über zwei Bauteile.
KVA erwünscht, bitte per Mail. Kunde wartet vor Ort.
Vollkasko, Rückstufung mit Kunde besprochen.
Bitte Kalkulation erstellen."
869342,2026-01-17 15:06:10,2026-02-07 22:10:01,,false,2026-02-07 10:10:01,2026-02-01 08:49:14,2026-02-06 16:49:14,118726,130050,QQD-Z 68,ZZC240YP8RE290025,VW,Touran,5T,2015-01-08,232651,,,Jan,Albrecht,Espenstrasse 59,71032,Boeblingen,jan.albrecht58@example.com,0159 1602715,946429,121,abgerechnet ! Auftrag erledigt abgeschlossen,Vorgangsstatus,121|240,1,113136,,false,2,70,service,Inspektion,,,,abgeschlossen,"VW Touran, QQD-Z 68
Bei der Annahme festgestellt: Inspektion mit Pollenfilter und Bremsflüssigkeit.
Zusätzlich Klappern vorne rechts bei Bodenwellen.
Kunde fragt nach Ersatzwagen. Ersatzwagen geklärt, Klasse klein.
Termin nach Teileeingang."
836689,2026-01-20 08:57:46,2026-02-02 02:33:39,,false,2026-02-01 11:52:59,2026-01-28 09:33:39,2026-02-01 15:33:39,121888,136249,QQK-C 184,ZZJ20TH75TL992084,Opel,Vivaro,K0,2020-03-25,104473,,3,Thomas,Lang,Bruehlstrasse 31,93047,Regensburg,,+49 177 1866251,353709,36,🏁🔜Abgeholt/Ausgeliefert - Folgetermin offen,Vorgangsstatus,36|796,1,381665,,false,1,46,service,Inspektion,,,,abgeschlossen,"Fzg. vorgefahren, Inspektion fällig, Kunde wünscht Kostenrahmen vorab.
Bitte Softwarestand prüfen, Rückruf offen."
858974,2026-07-27 13:35:08,2026-07-28 19:35:08,,true,,,,112645,138844,QQE-M 20,ZZBNVHRC4R3279740,Seat,Ibiza,KJ1,2018-09-05,175479,Lindenhof Service GmbH & Co. KG,,,,Haselnussweg 84,86150,Augsburg,kotto@example.net,+49 (0)157 4380042,821467,533,📲✅Vorkalkulation erledigt bitte Termin vereinbaren,Vorgangsstatus,533|938|1087|1270,1,730416,,false,0,0,damage,Parkschaden,Außenspiegel links|Stoßstange hinten rechts,schwer,selbstzahler,neu,"Kunde bringt Fzg., Parkschaden vom Wochenende. Außenspiegel links großflächig deformiert, ca. 40 cm.
Stoßstange hinten rechts ebenfalls: Träger verformt.
Leihwagen ja.
Kunde zahlt selbst, KVA vorab.
Bitte Lackabgleich, Farbton prüfen.
~~~~~~~~~~~~~
31.07.26 18:35 Dispo: Fzg. gewaschen, abholbereit
06.08.26 19:35 Lack: Fzg. in Halle, Zerlegung begonnen
09.08.26 19:35 SB: KV an Kunde verschickt"
869747,2026-04-23 07:34:48,2026-04-27 05:09:08,,true,,2026-04-26 09:09:08,,116302,141068,XQB-U 2280,ZZATTYBZ6T3323499,Skoda,Scala,NW1,2012-07-28,134433,,2,Stefan,Lehmann,Akazienweg 41,99084,Erfurt,stefan.lehmann@example.net,0179/0126301,202947,495,👽⚡🛒Teil im Rückstand Fzg. teilrepariert beim Kunden,Vorgangsstatus,495|936,1,333392,134,false,2,76,damage,Rangierschaden,Stoßstange vorne rechts,mittel,vollkasko,laufend,"Skoda Scala, XQB-U 2280
Anruf Kunde: Rangierschaden, Kunde schildert Hergang selbst. Stoßstange vorne rechts Riss im Lack, auf ganzer Länge.
Kunde möchte wissen ob Instandsetzung reicht.
Vollkasko, Rückstufung mit Kunde besprochen.
Versicherung: Lindenhof Assekuranz, Schadennr. 45383343.
~~~~~~~~~~~~~
30.04.26 07:34 TS: Teile bestellt, Nachricht an Dispo
04.05.26 10:34 S. Sommer: Fzg. gewaschen, abholbereit"
841588,2026-07-06 13:54:13,2026-07-17 18:25:34,,false,2026-07-17 11:25:34,2026-07-14 09:05:09,2026-07-15 11:05:09,111893,145774,XQL-C 82,ZZEG2G667YP478799,Ford,Focus Turnier,DEH,2018-01-16,195900,,1,Florian,Frank,Wacholderweg 62,95444,Bayreuth,florian.frank@example.org,0152 4305768,659661,41,🛑 Wartet auf Abholung durch Verwerter/Leasing/sonstige,Vorgangsstatus,41|949|1084|1606,1,555874,117,false,1,11,damage,Auffahrunfall,Stoßstange vorne links|Kotflügel hinten links,leicht,haftpflicht_gegner,abgeschlossen,"Kunde meldet: Auffahrunfall, Hergang lt. Kunde unklar. Stoßstange vorne links kleine Delle, ca. 10 cm.
Zusätzlich Kotflügel hinten links betroffen, Kratzer im Klarlack.
Kunde bittet um Rückruf bis Freitag. Leihwagen ja.
Unfallgegner bekannt, Haftung dem Grunde nach unstrittig.
Fzg. steht auf dem Hof."
864009,2026-05-14 09:33:11,2026-06-11 20:07:44,,true,2026-06-11 07:07:44,2026-06-07 12:26:29,2026-06-10 17:26:29,105150,157596,QQT-YN 32,ZZEL4UP36RW378339,Audi,Q3,F3,2017-01-05,154491,,3,Nadine,Schaefer,Kiefernweg 44,93047,Regensburg,,+49 172 5163353,136181,39,📞🔜✔️Abholbereit Folgetermin vereinbaren,Vorgangsstatus,39|392|1013,1,255456,,false,3,157,service,Räder und Reifen,,,,fertig,"Kunde berichtet: Reifen vorne abgefahren, Angebot erstellen.
Kunde wartet, bitte zügig. Ersatzwagen geklärt, Klasse klein.
~~~~~~~~~~~~~
17.05.26 13:33 Teiledienst: Rückruf nicht erreicht, Mailbox
21.05.26 18:33 Annahme: Fzg. in Halle, Zerlegung begonnen"
865211,2026-05-21 17:08:23,2026-05-27 22:19:08,,false,2026-05-27 17:19:08,2026-05-25 13:17:58,2026-05-26 20:17:58,114428,143094,QQS-S 4845,ZZAATKGN6T7600445,VW,Passat Variant,3G5,2013-09-27,298488,,3,Elena,Kaiser,Lerchenstrasse 29,30655,Hannover,,+49 (0)174 3573136,372098,121,abgerechnet ! Auftrag erledigt abgeschlossen,Vorgangsstatus,121|1010|1086|488|109,0,,,false,3,87,damage,Parkschaden,Stoßstange hinten|Stoßstange vorne links,leicht,selbstzahler,abgeschlossen,"Fzg. angeliefert, Parkschaden, kein Zettel hinterlassen. Stoßstange hinten Druckstelle, ca. 15 cm.
Weiterer Schaden Stoßstange vorne links, Kratzer im Klarlack.
Kunde will erst nach Preis entscheiden. Fzg. bleibt über Nacht da.
Selbstzahler, keine Vers. im Spiel.
Bitte Wiedervorlage in einer Woche.
~~~~~~~~~~~~~
27.05.26 21:08 Lack: KV an Kunde verschickt
30.05.26 23:08 P. Beck: Kunde meldet sich wegen Termin
01.06.26 03:08 P. Beck: Freigabe Versicherung eingetroffen"
865202,2026-03-18 10:37:57,2026-04-12 10:46:55,,true,,2026-04-11 14:46:55,,111484,134984,XQS-Y 50,ZZDNL7RA5XM094528,Opel,Vivaro,K0,2018-12-24,53680,Sonnenhang Pflegedienst AG,3,,,Tannenweg 111,41061,Moenchengladbach,kontakt_winkler@example.de,0159/5501363,089117,157,🛒MECHANIK Teile vorab bestellen!,Vorgangsstatus,157|238|476|51,1,355889,,false,3,86,service,Bremsen,,,,laufend,"Anruf Kunde: Bremsbeläge vorne unter Mindeststärke.
Bitte Softwarestand prüfen, Rückruf offen.
Kunde wartet, bitte zügig. Fzg. bleibt über Nacht da.
~~~~~~~~~~~~~
25.03.26 13:37 S. Lang: Ersatzteil eingetroffen, Termin vereinbaren"
839960,2026-03-15 17:14:47,2026-03-30 02:05:04,,false,2026-03-28 13:02:59,2026-03-24 14:05:04,2026-03-28 17:05:04,112420,146125,XQB-L 941,ZZGHZ916XVL723740,VW,Golf,5H,2019-12-01,123463,Sonnenhang Bau AG,,Maria,Maurer,Ahornweg 39,60313,Frankfurt am Main,mmaurer@example.de,+49 172 2093648,487541,121,abgerechnet ! Auftrag erledigt abgeschlossen,Vorgangsstatus,121|918|609,1,161663,,false,4,166,service,Bremsen,,,,abgeschlossen,"Bremsen: Bremsscheiben hinten riefig, Kunde meldet Rubbeln.
Innenraumfilter riecht, mit tauschen.
Bitte Wiedervorlage in einer Woche.
~~~~~~~~~~~~~
23.03.26 17:14 L. Hahn: Kalkulation fertig, an Prüfer"
831826,2026-06-07 16:26:27,2026-06-11 08:11:23,,true,,2026-06-10 10:11:23,,104180,148832,QQL-L 72,ZZCANY7W5TH995175,Seat,Ibiza,KJ1,2015-01-18,126859,Nordlicht Gartenbau GmbH & Co. KG,1,Sabine,Haas,Amselweg 116,90402,Nuernberg,sabine_haas@example.org,0151 1377935,940673,1164,FZG in Fremdwerkstatt,Vorgangsstatus,1164|398|476|994|156,1,304783,,false,4,191,service,Inspektion,,,,laufend,"Fzg. angeliefert, Inspektion nach Herstellervorgabe.
Kontrollleuchte Reifendruck ist an.
~~~~~~~~~~~~~
08.06.26 19:26 U. Haas: Teile bestellt, Nachricht an Dispo
13.06.26 19:26 Karosserie: Rückruf nicht erreicht, Mailbox"
838699,2026-03-08 14:08:07,2026-03-21 13:07:31,,true,,2026-03-21 07:07:31,,116488,149142,ZQL-XU 75,ZZBS0L8FXY1581995,Seat,Arona,KJ7,2018-01-08,200342,Lindenhof Montage OHG,3,,,Nelkenstrasse 100,53111,Bonn,,0178 0840162,549811,26,👆🚚 Bringservice,Vorgangsstatus,26|240,1,651593,,false,2,64,service,Räder und Reifen,,,,laufend,"Kunde kommt ohne Termin, Räderwechsel mit Wuchten, Reifendruck prüfen.
Kunde meldet Vibration ab 120 km/h.
Kunde fragt nach Ersatzwagen.
Fotos liegen im Vorgang."
862770,2026-01-05 07:14:06,2026-01-15 23:25:26,,false,2026-01-15 13:25:26,2026-01-10 14:40:17,2026-01-12 21:40:17,109756,157322,QQV-B 3490,ZZAJU2WG0RW871886,BMW,3er Touring,G21,2023-03-09,56545,,1,Tobias,Engel,Wacholderweg 137,60313,Frankfurt am Main,tobias.engel61@example.com,+49 (0)160 5715565,049201,14,🚛✅ Ausgeliefert,Vorgangsstatus,14|242|998|109,1,802187,,false,4,238,service,Bremsen,,,,abgeschlossen,"Fzg. vorgefahren, Bremsen quietschen, bitte prüfen.
Innenraumfilter riecht, mit tauschen.
Abholung durch Kunde am Nachmittag.
Kunde bekommt Zwischeninfo.
~~~~~~~~~~~~~
12.01.26 07:14 Lack: Fzg. gewaschen, abholbereit"
841500,2026-07-19 13:44:48,2026-08-02 07:50:20,,true,2026-08-01 11:48:28,2026-07-29 09:50:20,2026-08-01 17:50:20,104519,156386,QY-H 84,ZZHWGKNV5XX260774,Ford,Kuga,CX482,2026-02-26,7013,,,Diana,Vogt,Malvenweg 110,45127,Essen,diana.vogt@example.org,+49 177 6715681,579250,39,📞🔜✔️Abholbereit Folgetermin vereinbaren,Vorgangsstatus,39|918,2,721142|622692,,false,2,100,service,Bremsen,,,,fertig,"Kunde bringt Fzg., Bremsen quietschen, bitte prüfen.
Bitte Softwarestand prüfen, Rückruf offen.
Bitte Wiedervorlage in einer Woche.
~~~~~~~~~~~~~
20.07.26 15:44 P. Engel: Kunde meldet sich wegen Termin
22.07.26 16:44 TS: Nachtrag: Kunde bittet um Verschiebung"
833288,2026-03-12 16:37:01,2026-03-26 23:18:20,,false,2026-03-25 10:23:17,2026-03-21 17:18:20,2026-03-25 22:18:20,117837,140806,XQB-PF 29,ZZFCF0FL3V3362823,Skoda,Octavia Combi,NX5,2024-01-22,32148,,,Markus,Frank,Buchenallee 63,20359,Hamburg,,+49 (0)172 7859552,370700,721,🌝 Fzg angekauft,Vorgangsstatus,721|182|865,1,732161,,false,1,91,service,Räder und Reifen,,,,abgeschlossen,"Fzg. vorgefahren, Räderwechsel mit Wuchten, Reifendruck prüfen.
Zusätzlich Klappern vorne rechts bei Bodenwellen.
Kunde fragt nach Ersatzwagen.
Kunde ist inforimert, meldet sich.
~~~~~~~~~~~~~
16.03.26 17:37 Servicebüro: Leihwagen reserviert
24.03.26 21:37 M. Stein: Freigabe Versicherung eingetroffen"
841971,2026-06-02 11:32:35,2026-06-03 11:32:35,,true,,,,118021,131606,QQT-FY 714,ZZH2KAKD6VU119536,Opel,Vivaro,K0,2013-06-26,174622,Steinfurt Pflegedienst AG,1,Fabian,Brandt,Tannenweg 83,68159,Mannheim,,+49 (0)170 2259243,928749,534,📲🔰DSA/Bilder/GA/Infos erhalten bitte Kalkulieren,Vorgangsstatus,534|955|1586|100|50,3,124127|321728|035471,121,false,4,273,damage,Rangierschaden,Schweller links,schwer,vollkasko,neu,"Opel Vivaro, QQT-FY 714, km 174622
Kunde kommt ohne Termin, Rangierschaden beim Rückwärtsfahren, Kamera verschmutzt. Schweller links Bauteil durchgebrochen, auf ganzer Länge.
Bitte KVA vor Reparatur abstimmen. Ersatzwagen geklärt, Klasse klein.
VK, SB 300 EUR, Vers. informiert.
~~~~~~~~~~~~~
05.06.26 13:32 L. Peters: Kunde meldet sich wegen Termin"
852650,2026-05-14 17:31:31,2026-06-11 06:59:02,,false,2026-06-10 13:08:07,2026-06-08 12:59:02,2026-06-10 19:59:02,115105,137646,XQE-E 7942,ZZCAE80H0T4578145,VW,Golf Variant,5H8,2015-04-08,86004,,1,Tobias,Ludwig,Erlenkamp 18,85049,Ingolstadt,,+49 159 4590877,903694,1422,Fahrzeug abgeholt (/kommt nochmal),Vorgangsstatus,1422|955|1586|1609,1,960089,128,true,1,84,damage,Parkschaden,Kotflügel vorne links|Fahrertür,schwer,gesteuert,abgeschlossen,"VW Golf Variant, XQE-E 7942, km 86004
KD meldet telefonisch: Parkschaden, Kunde hat Fotos gemacht. Aufnahme abgerissen an Kotflügel vorne links, über zwei Bauteile.
Auch Fahrertür beschädigt (Aufnahme abgerissen).
Abholung durch Kunde am Nachmittag.
Steuerung über Flottenpartner, Freigabe schriftlich nötig.
Bitte Kalkulation erstellen.
Versicherung: Altmuehl Versicherung, Schadennr. 14181634.
~~~~~~~~~~~~~
18.05.26 18:31 Lack: Leihwagen reserviert
24.05.26 18:31 O. Frank: Freigabe Versicherung eingetroffen"
847051,2026-05-18 08:26:05,2026-06-11 05:07:14,,true,,2026-06-10 14:07:14,,118543,142388,XQA-XW 34,ZZGM3VZ27R4503014,Opel,Corsa,F,2015-10-03,163546,,3,Sebastian,Martens,Fliederweg 76,06108,Halle (Saale),sebastian.martens@example.com,+49 (0)172 5573738,587015,92,😀↪🕧Kunde erreicht Meldet sich,Vorgangsstatus,92|953,2,364111|331833,121,false,2,99,damage,Hagelschaden,Heckklappe|Dach|Motorhaube,schwer,teilkasko,laufend,"Anruf Kunde: Hagelschaden, Schaden erst später bemerkt. Heckklappe mit mehreren Dellen aus Hagelschlag.
Hagel: Dach betroffen, Lack laut Sichtprüfung intakt.
Hagelschlag flächig, Motorhaube mit zahlreichen Dellen.
Kunde möchte wissen ob Instandsetzung reicht. Leihwagen nein, Kunde wartet.
TK vorhanden, SB 150 EUR.
Ersatzteil im Rückstand, Kunde informiert.
Versicherung: Blauberg Allgemeine, Schadennr. 68621199.
~~~~~~~~~~~~~
19.05.26 10:26 L. Berger: Fzg. gewaschen, abholbereit
23.05.26 11:26 L. Berger: KD informiert, Termin steht"
892386,2026-07-30 14:22:24,2026-08-21 09:44:05,,true,,2026-08-20 07:44:05,,128435,139819,QQF-JC 8288,ZZBBRVG95T7700149,Mercedes,C-Klasse T-Modell,S206,2026-02-05,8890,,2,Thomas,Baumann,Distelweg 106,95444,Bayreuth,tbaumann@example.org,+49 151 7211333,214867,34,🌗✔️Nachbestellung Termin bestätigt,Vorgangsstatus,34|953|1085|610|51,1,261433,121,false,1,70,damage,Vandalismus,Heckklappe|Stoßstange hinten rechts,mittel,vollkasko,laufend,"Lt. Kunde: Vandalismus, Anzeige bei der Polizei erstattet. Heckklappe handtellergroß Kunststoff eingedrückt.
Zusätzlich Stoßstange hinten rechts betroffen, Delle mit Lackschaden.
Kunde möchte wissen ob Instandsetzung reicht. Kunde wartet vor Ort.
VK, SB 300 EUR, Vers. informiert.
Bitte Kalkulation erstellen.
Versicherung: Blauberg Allgemeine, Schadennr. 87271965.
~~~~~~~~~~~~~
02.08.26 16:22 A. Lehmann: Teile bestellt, Nachricht an Dispo
10.08.26 18:22 TS: Fzg. in Halle, Zerlegung begonnen
13.08.26 19:22 SB: Kunde meldet sich wegen Termin"
852729,2026-04-10 12:38:51,2026-05-07 05:21:58,,true,2026-05-05 17:55:05,2026-04-30 13:21:58,2026-05-05 18:21:58,111131,159403,XQL-N 8311,ZZECYHT95Y6373685,Audi,A6 Avant,4K,2016-03-25,217082,,1,Martin,Berger,Bruehlstrasse 129,33098,Paderborn,martin_berger@example.de,0173/4156612,117032,1153,👆🚚 Bringservice mit Folgetermin,Vorgangsstatus,1153|956|1607|598,1,290015,128,true,2,70,damage,Rangierschaden,Kotflügel vorne rechts,leicht,haftpflicht_gegner,fertig,"Audi A6 Avant, XQL-N 8311
Anruf Kunde: Rangierschaden beim Rückwärtsfahren, Kamera verschmutzt. Kotflügel vorne rechts ca. 15 cm Lackabrieb.
KVA erwünscht, bitte per Mail. Hol- und Bringservice gewünscht.
Haftpflicht Gegner, Gutachter beauftragt.
Bitte Lackabgleich, Farbton prüfen.
~~~~~~~~~~~~~
16.04.26 15:38 Lack: Rechnung geschrieben
20.04.26 19:38 K. Kern: Teile bestellt, Nachricht an Dispo"
864189,2026-05-13 17:22:20,2026-05-24 22:11:37,,true,,2026-05-24 07:11:37,,124601,149264,ZQA-YD 27,ZZJHM6805RZ683644,BMW,2er Active Tourer,U06,2023-11-17,44527,Kieswerk Sanitaer GmbH,1,,,Zypressenweg 29,95444,Bayreuth,ksauer@example.net,0160 3685039,160388,11,👽💣Rückstand ohne Termin! Teilerückstand Fzg. bei uns,Vorgangsstatus,11|235|109,1,334112,,false,2,68,service,Bremsen,,,,laufend,"Bei der Annahme festgestellt: Bremsflüssigkeit fällig, Beläge messen.
Klimaanlage kühlt schlecht, bitte prüfen.
Leihwagen ja, Hol- und Bringservice ja.
Teile bestellt, Liefertermin offen."
837712,2026-06-29 10:41:24,2026-07-07 16:57:18,,true,2026-07-06 10:57:18,2026-07-03 11:20:09,2026-07-05 13:20:09,105701,154590,QQS-BB 3843,ZZEHYVRH9W6439364,Seat,Ibiza,KJ1,2021-04-07,109647,,,Melanie,Baumann,Distelweg 29,68159,Mannheim,melanie_baumann@example.net,+49 (0)176 5525576,726217,38,👍 🔜Fertig zur Abholung mit Folgetermin,Vorgangsstatus,38|184|156,2,038627|001035,,false,1,22,service,HU/AU,,,,fertig,"Kunde kommt ohne Termin, HU überfällig seit letztem Monat.
Kunde bittet um Kostenvoranschlag. Leihwagen ja, Hol- und Bringservice ja.
Kunde bekommt Zwischeninfo.
~~~~~~~~~~~~~
30.06.26 12:41 Annahme: Leihwagen reserviert
06.07.26 12:41 A. Hartmann: KD informiert, Termin steht
14.07.26 15:41 Annahme: Rückruf nicht erreicht, Mailbox"
843211,2026-04-07 12:43:47,2026-05-03 02:47:31,,false,2026-05-02 08:47:31,2026-04-28 07:16:29,2026-04-29 10:16:29,129833,136777,XQD-X 1642,ZZF5T4ZK9V7164039,Skoda,Karoq,NU7,2019-08-15,58708,Buchenkamp Gartenbau GmbH,,Anja,Sauer,Rosmarinweg 26,01067,Dresden,,0152/6234400,712998,14,🚛✅ Ausgeliefert,Vorgangsstatus,14|182|488|1042,2,964086|060181,,false,1,66,service,Ölwechsel,,,,abgeschlossen,"Fzg. vorgefahren, Ölwechsel, Longlife zurücksetzen.
Zusätzlich Klappern vorne rechts bei Bodenwellen.
Bitte Rechnung an die Firma.
Bitte Wiedervorlage in einer Woche."
886828,2026-05-26 10:23:55,2026-05-27 16:23:55,2026-05-31 10:20:58,false,,,,124982,152322,XQA-P 129,ZZDD2Z1Z3VT084904,Skoda,Scala,NW1,2018-09-13,190700,Talblick Sanitaer GmbH & Co. KG,,,,Birkenweg 54,47051,Duisburg,,0174 0267255,845049,40,❌ Auftrag storniert,Vorgangsstatus,40|956|50,2,629079|455187,,true,3,59,damage,Parkschaden,Stoßstange vorne rechts,mittel,selbstzahler,storniert,"Skoda Scala, XQA-P 129
Bei der Annahme festgestellt: Parkschaden in der Tiefgarage, Verursacher unbekannt. Schaden an Stoßstange vorne rechts, Lack abgeplatzt, ca. 5 cm.
Abholung durch Kunde am Nachmittag.
Ohne Versicherung, Kunde entscheidet nach Preis.
Bitte Wiedervorlage in einer Woche.
~~~~~~~~~~~~~
02.06.26 11:23 Karosserie: Nachtrag: Kunde bittet um Verschiebung
05.06.26 12:23 O. Herrmann: Rechnung geschrieben
11.06.26 12:23 O. Herrmann: Endkontrolle offen"
897461,2026-02-01 16:48:21,2026-02-02 22:48:21,,true,,,,122471,140612,QQS-F 7959,ZZF7KUYG2X8098116,Seat,Arona,KJ7,2016-07-06,239861,,1,Nadine,Brandt,Lindenweg 83,48143,Muenster,nadine.brandt@example.de,0172/4357017,086554,28,❓Termin unsicher,Vorgangsstatus,28|785|3,2,178564|394030,,false,3,207,service,Bremsen,,,,neu,"Bei der Annahme festgestellt: Bremsflüssigkeit fällig, Beläge messen.
Kunde wünscht Kostenrahmen vorab.
Kunde bekommt Zwischeninfo.
~~~~~~~~~~~~~
06.02.26 19:48 Annahme: Freigabe Versicherung eingetroffen"
866488,2026-04-17 08:53:08,2026-04-18 21:53:08,,true,,,,119410,149823,XQE-LE 21,ZZGZAVRE9Y6907179,BMW,2er Active Tourer,U06,2026-04-25,3689,Seeblick Montage AG,,,,Nelkenstrasse 41,97070,Wuerzburg,kontakt_ludwig@example.de,+49 (0)157 9860296,693542,88,🙂Vorgang angelegt,Vorgangsstatus,88|236,1,103885,,false,2,129,service,Inspektion,,,,neu,"BMW 2er Active Tourer, XQE-LE 21
Inspektion: Große Inspektion inkl. Innenraumfilter.
Kunde meldet Geräusch beim Lenken.
Kunde wartet, bitte zügig.
~~~~~~~~~~~~~
24.04.26 13:53 Annahme: Teile bestellt, Nachricht an Dispo
29.04.26 16:53 G. Maurer: Kunde meldet sich wegen Termin"
869493,2026-01-28 09:55:25,2026-02-06 08:20:48,,true,,2026-02-05 07:20:48,,111204,138185,QQD-L 9533,ZZJPE8PC4YZ441667,BMW,X1,U11,2020-10-24,131162,Nordlicht Service OHG,,Petra,Maurer,Am Alten Sportplatz 58,30655,Hannover,petra.maurer40@example.org,0176 7601661,830494,621,🕐⚡🛒 Teil immer noch nicht geliefert Termin kann nicht gehalten werden,Vorgangsstatus,621|918|532|1012,0,,,false,3,42,service,Inspektion,,,,laufend,"Anruf Kunde: Inspektion mit Pollenfilter und Bremsflüssigkeit.
Bitte Softwarestand prüfen, Rückruf offen.
Bitte anrufen wenn mehr anfällt als besprochen. Leihwagen nein, Kunde wartet."
849165,2026-07-20 13:43:11,2026-07-22 22:13:40,,true,,2026-07-21 14:13:40,,119863,158342,QQM-F 2386,ZZFTCYWP1R8011671,Mercedes,E-Klasse,W213,2020-02-08,155275,,3,Daniel,Sauer,Eichenweg 137,55116,Mainz,daniel_sauer@example.de,+49 (0)177 5964362,088117,26,👆🚚 Bringservice,Vorgangsstatus,26|952|1085|1174|997,2,857447|519169,121,false,1,66,damage,Steinschlag,Windschutzscheibe,leicht,teilkasko,laufend,"Fzg. angeliefert, Steinschlag vom Lkw vor dem Fzg. Windschutzscheibe Steinschlag am Rand, Reparatur laut Prüfung möglich.
Kunde will erst nach Preis entscheiden. Abholung durch Kunde am Nachmittag.
TK vorhanden, SB 150 EUR.
Kunde ist informiert, meldet sich.
Versicherung: Blauberg Allgemeine, Schadennr. 38216785."
832530,2026-08-04 07:07:59,2026-08-13 16:36:43,,true,,2026-08-13 08:36:43,,113091,144001,QQN-V 17,ZZCAAW109VM691457,Audi,A1 Sportback,GB,2016-05-10,206318,,2,Laura,Scholz,Eichenweg 77,30655,Hannover,laura.scholz16@example.de,+49 177 3697490,943492,106,😊📲Kunde erreicht DSA/Bilder angefordert,Vorgangsstatus,106|484|476|109,1,596888,,false,1,91,service,HU/AU,,,,laufend,"Kunde meldet: TÜV/HU mit Abgasuntersuchung.
Innenraumfilter riecht, mit tauschen.
Kunde fragt nach Ersatzwagen.
~~~~~~~~~~~~~
08.08.26 10:07 Dispo: Ersatzteil eingetroffen, Termin vereinbaren
14.08.26 13:07 Karosserie: KD informiert, Termin steht"
863626,2026-08-11 08:39:53,2026-08-20 23:30:59,,false,2026-08-19 10:32:00,2026-08-19 14:30:59,2026-08-19 17:30:59,114053,134817,ZQC-N 2844,ZZANLVLL0WK442502,Mercedes,A-Klasse,W177,2013-09-12,249850,,2,Jan,Vogt,Malvenweg 54,38100,Braunschweig,jvogt@example.com,0152/2209216,613758,36,🏁🔜Abgeholt/Ausgeliefert - Folgetermin offen,Vorgangsstatus,36|235|434|1270,2,297851|198566,,false,0,0,service,HU/AU,,,,abgeschlossen,"Bei der Annahme festgestellt: HU überfällig seit letztem Monat.
Kunde holt am Abend ab. Abholung durch Kunde am Nachmittag.
~~~~~~~~~~~~~
16.08.26 12:39 E. Wendt: Teile bestellt, Nachricht an Dispo"
898615,2026-04-13 17:36:06,2026-04-19 21:04:23,,true,,2026-04-18 07:04:23,,115957,147158,QQE-SF 730,ZZD3W7XX1SZ324437,Opel,Mokka,U,2022-02-03,36173,,3,Tobias,Ziegler,Weissdornweg 84,41061,Moenchengladbach,tziegler@example.org,+49 159 5283486,757357,435,🕋🤔Antwort Versicherer/GA/Leasing/Kunde fehlt,Vorgangsstatus,435|237|994,0,,,false,2,91,service,HU/AU,,,,laufend,"Opel Mokka, QQE-SF 730
HU/AU: TÜV Termin, Fzg. vorher durchsehen.
Bitte Softwarestand pruefen, Rückruf offen.
Kunde wünscht Kostenrahmen vorab. Hol- und Bringservice gewünscht.
Kunde bekommt Zwischeninfo.
~~~~~~~~~~~~~
16.04.26 20:36 C. Hartmann: Ersatzteil eingetroffen, Termin vereinbaren
23.04.26 23:36 Dispo: Leihwagen reserviert
27.04.26 00:36 Annahme: Teile bestellt, Nachricht an Dispo"
864706,2026-06-15 16:50:35,2026-06-17 21:52:15,,true,,2026-06-17 14:52:15,,123286,138493,QQ-J 553,ZZB3GFGL9RL605427,VW,T6.1 Transporter,SG,2014-04-11,185066,,1,Sven,Peters,Sonnenblumenweg 12,04109,Leipzig,sven.peters43@example.net,+49 (0)170 3527902,516034,157,🛒MECHANIK Teile vorab bestellen!,Vorgangsstatus,157|951|1099|1600|487|1170,3,945651|935153|166707,121,false,2,69,damage,Auffahrunfall,Stoßstange vorne links,leicht,gesteuert,laufend,"Fzg. angeliefert, Auffahrunfall, Unfallgegner hat Schuld anerkannt. Schrammen an Stoßstange vorne links, handtellergroß.
KVA erwünscht, bitte per Mail.
Gesteuerter Auftrag, RKÜ liegt noch nicht vor.
Versicherung: Blauberg Allgemeine, Schadennr. 78217840.
~~~~~~~~~~~~~
17.06.26 16:50 Servicebüro: Endkontrolle offen"
823588,2026-08-09 09:55:16,2026-09-02 02:28:33,,true,2026-09-01 10:28:33,2026-08-30 11:46:40,2026-08-30 14:46:40,112955,157732,XQR-N 7752,ZZAMXFKA1VM152746,VW,T-Roc,A11,2013-09-11,160135,,,Jens,Haas,Am Muehlbach 87,97070,Wuerzburg,jhaas@example.net,0163 3273929,637725,12,👍 Fertig zur Abholung,Vorgangsstatus,12|956|614,1,971075,,false,2,62,damage,Wildunfall,Stoßstange vorne|Stoßstange vorne links|Kotflügel vorne rechts,mittel,selbstzahler,fertig,"VW T-Roc, XQR-N 7752, km 160135
Kunde bringt Fzg., Wildunfall, Reh gegen Front, Wildbescheinigung liegt vor. Stoßstange vorne Halterung gebrochen, ca. 40 cm.
Zusätzlich Stoßstange vorne links betroffen, Halterung gebrochen.
Zusätzlich Kotflügel vorne rechts betroffen, Lack abgeplatzt.
Kunde bittet um Terminvorschlag. Fzg. bleibt über Nacht da.
Kunde zahlt selbst, KVA vorab.
Termin nach Teileeingang."
841959,2026-05-12 09:51:33,2026-06-07 15:47:12,,false,2026-06-06 07:56:55,2026-06-01 14:47:12,2026-06-06 22:47:12,108035,136690,XQL-LB 38,ZZHE47L18XE664584,Ford,Fiesta,JHH,2021-07-16,91985,,2,Silke,Pohl,Kiefernweg 45,99084,Erfurt,silke.pohl@example.com,0159/9760708,613929,14,🚛✅ Ausgeliefert,Vorgangsstatus,14|484|1566,1,780859,,false,0,0,service,Inspektion,,,,abgeschlossen,"Fzg. vorgefahren, Inspektion nach Herstellervorgabe.
Bitte Softwarestand prüfen, Rueckruf offen.
Kunde bittet um Kostenvoranschlag.
~~~~~~~~~~~~~
16.05.26 09:51 J. Lorenz: Endkontrolle offen"
892139,2026-03-19 10:45:00,2026-03-20 20:45:00,,true,,,,102112,149219,XQB-DP 456,ZZCKAL1A0RH733184,BMW,3er Touring,G21,2013-10-06,191109,,3,Dirk,Dietrich,Lerchenstrasse 137,93047,Regensburg,ddietrich@example.com,0160/3389397,417284,1559,"🔧📞 Mechanik Termin bitte vereinbaren /Teile, Freigabe eingetroffen",Vorgangsstatus,1559|398,2,256504|299655,,false,1,29,service,HU/AU,,,,neu,"Bei der Annahme festgestellt: TÜV/HU mit Abgasuntersuchung.
Batterie schwach, Startprobleme morgens.
Bitte Rechnung an die Firma. Kunde wartet vor Ort.
Fzg. steht auf dem Hof."
895687,2026-04-29 17:59:41,2026-05-09 16:53:03,,false,2026-05-09 07:53:03,2026-05-07 10:31:04,2026-05-08 16:31:04,102469,135529,QQL-A 52,ZZGSVS939WR143994,BMW,3er Touring,G21,2016-06-28,169081,,3,Fabian,Brandt,Lindenweg 15,68159,Mannheim,fabian.brandt@example.net,+49 175 4413213,650779,14,🚛✅ Ausgeliefert,Vorgangsstatus,14|946|1576|101|996|108,0,,,false,2,178,damage,Auffahrunfall,Stoßstange hinten links,mittel,selbstzahler,abgeschlossen,"Kunde meldet: Auffahrunfall an der Ampel, Gegner aufgefahren. An Stoßstange hinten links Kratzer bis auf Grundierung (auf ganzer Länge).
Kunde möchte Fzg. bis Monatsende zurück.
Selbstzahler, Rechnung an Kunde.
Termin steht, Dauer ca. 2 Tage."
897102,2026-02-06 07:07:46,2026-02-06 19:07:46,,true,,,,114509,138155,ZQA-Y 93,ZZGU6F8A8VP872334,Skoda,Superb Combi,3V5,2019-10-27,70519,,1,Petra,Heinrich,Wacholderweg 129,48143,Muenster,petra_heinrich@example.de,0162 1689818,522211,44,📆✔Termin vereinbart,Vorgangsstatus,44|393|598|470,2,167685|156508,,false,2,183,service,Inspektion,,,,neu,"Skoda Superb Combi, ZQA-Y 93, km 70519
Kunde meldet: Inspektion nach Herstellervorgabe.
Kunde holt am Abend ab. Leihwagen nein, Kunde wartet.
Bitte Wiedervorlage in einer Woche."
877485,2026-01-15 14:02:31,2026-01-29 08:35:26,,true,,2026-01-27 17:35:26,,108235,153220,QQR-LB 63,ZZJX9JC52SY882908,VW,Touran,5T,2012-10-19,236593,Sonnenhang Logistik GmbH,,Diana,Zimmer,An der Bleiche 40,55116,Mainz,diana_zimmer@example.com,+49 (0)173 3119606,443093,37,🔜Neuer Folgetermin,Vorgangsstatus,37|946|1624|860|1014,0,,,false,3,183,damage,Hagelschaden,Dach|Heckklappe|Motorhaube,schwer,gesteuert,laufend,"KD meldet telefonisch: Hagelschaden nach dem Gewitter. Hagelschlag flächig, Dach mit zahlreichen Dellen.
Heckklappe übersät mit Dellen, Zählung Dellenkarte offen.
Hagel: Motorhaube betroffen, Lack laut Sichtprüfung intakt.
KVA erwünscht, bitte per Mail. Leihwagen ja, Hol- und Bringservice ja.
Schadensteuerer hat KVA in Prüfung.
Versicherung: Altmuehl Versicherung, Schadennr. 36279508."
839293,2026-02-01 13:47:34,2026-02-11 16:56:40,,false,2026-02-11 16:56:40,2026-02-07 10:50:54,2026-02-08 13:50:54,119907,152941,QQD-Z 9427,ZZCMAZKW8S9841204,BMW,X3,G01,2024-07-09,50925,,,Patrick,Kern,Am Alten Sportplatz 123,12587,Berlin,patrick_kern@example.org,0177 1560418,042855,14,🚛✅ Ausgeliefert,Vorgangsstatus,14|392|1014,0,,,false,4,140,service,Inspektion,,,,abgeschlossen,"Kdune meldet: Große Inspektion inkl. Innenraumfilter.
Kunde meldet Vibration ab 120 km/h.
Kunde wartet, bitte zügig. Abholung durch Kunde am Nachmittag.
~~~~~~~~~~~~~
05.02.26 13:47 Dispo: Rückruf nicht erreicht, Mailbox"
837732,2026-01-06 07:53:35,2026-01-10 04:00:27,,false,2026-01-09 13:33:54,2026-01-07 09:00:27,2026-01-09 14:00:27,127866,131289,QQT-P 4734,ZZC124UJ3YB794797,Audi,A6 Avant,4K,2012-04-27,98391,,,Annika,Brandt,Haselnussweg 113,33098,Paderborn,annika.brandt98@example.com,+49 151 5264233,241967,14,🚛✅ Ausgeliefert,Vorgangsstatus,14|958|865|109,0,,,false,1,57,damage,Hagelschaden,Dach|Motorhaube|Heckklappe,mittel,teilkasko,abgeschlossen,"Kunde meldet: Hagelschaden, Kunde meldet Unwetterschaden. Hagel: Dach betroffen, Lack laut Sichtprüfung intakt.
Motorhaube mit mehreren Dellen aus Hagelschlag.
Hagelschlag flächig, Heckklappe mit zahlreichen Dellen.
Kunde möchte wissen ob Instandsetzung reicht.
Teilkasko, SB 150 EUR, KVA an Vers.
Fzg. steht auf dem Hof.
~~~~~~~~~~~~~
07.01.26 08:53 L. Herrmann: Kunde meldet sich wegen Termin
12.01.26 09:53 Teiledienst: Fzg. gewaschen, abholbereit"
858134,2026-05-13 11:02:12,2026-06-06 09:14:42,,false,2026-06-05 07:14:42,2026-05-31 13:58:46,2026-06-03 16:58:46,101837,130328,QQW-V 853,ZZFE17APXXL545942,Seat,Ateca,KH7,2015-04-23,258621,Steinfurt Malerbetrieb e.K.,3,,,Malvenweg 80,63065,Offenbach am Main,kdietrich@example.net,0179/7111173,316615,36,🏁🔜Abgeholt/Ausgeliefert - Folgetermin offen,Vorgangsstatus,36|182|1147,1,746247,,false,2,38,service,Inspektion,,,,abgeschlossen,"Seat Ateca, QQW-V 853
Fzg. angeliefert, Große Inspektion inkl. Innenraumfilter.
Bitte Softwarestand prüfen, Rückruf offen.
Kunde wartet, bitte zügig. Ersatzwagen geklärt, Klasse klein.
Termin steht, Dauer ca. 2 Tage."
878421,2026-01-18 10:02:58,2026-01-27 02:24:38,,true,,2026-01-26 15:24:38,,105627,145683,QQN-N 19,ZZCPGTL81SH662257,Opel,Corsa,F,2017-05-21,115099,,1,Jana,Otto,Kiefernweg 14,95444,Bayreuth,jana.otto@example.com,0157/6783481,838144,91,🦊☎Haftung unklar Wiedervorlage,Vorgangsstatus,91|947|485,2,083943|803149,,false,2,125,damage,Wildunfall,Kotflügel vorne rechts,mittel,selbstzahler,laufend,"Kunde berichtet: Wildunfall auf der Landstraße. Kratzer bis auf Grundierung an Kotflügel vorne rechts, ca. 25 cm.
Kunde möchte wissen ob Instandsetzung reicht. Leihwagen nein, Kunde wartet.
Selbstzahler, Rechnung an Kunde.
Freigabe eingetroffen, Teile bestellt.
~~~~~~~~~~~~~
23.01.26 12:02 Dispo: Fzg. in Halle, Zerlegung begonnen
25.01.26 14:02 K. Sommer: Leihwagen reserviert
29.01.26 19:02 SB: Freigabe Versicherung eingetroffen"
846256,2026-08-11 12:49:36,2026-08-16 18:08:51,,true,,2026-08-15 12:08:51,,114325,158533,ZQM-P 91,ZZFGT5YF4TM730867,BMW,2er Active Tourer,U06,2017-07-15,193155,,2,Marco,Graf,Fliederweg 59,34117,Kassel,marco.graf@example.com,0157 5448964,125818,1291,Fahrzeug reinholen,Vorgangsstatus,1291|936|487,2,388138|999592,134,false,1,76,damage,Steinschlag,Windschutzscheibe,schwer,teilkasko,laufend,"Anruf Kunde: Steinschlag bei der Baustellenfahrt. Steinschlag Windschutzscheibe im Sichtfeld Fahrer, Reparatur nicht möglich, Austausch nötig.
Kunde wartet vor Ort.
Teilkasko, SB 150 EUR, KVA an Vers.
Beilackierung notwendig.
~~~~~~~~~~~~~
19.08.26 14:49 Dispo: Kunde meldet sich wegen Termin"
857268,2026-01-18 10:31:16,2026-01-19 00:31:16,,true,,,,123822,149130,ZQM-KZ 463,ZZE5TH751RX456718,VW,T6.1 Transporter,SG,2026-01-19,13578,,1,Uwe,Martens,Sonnenblumenweg 25,65183,Wiesbaden,umartens@example.com,+49 (0)170 3726940,227069,44,📆✔Termin vereinbart,Vorgangsstatus,44|397,1,853613,,false,2,117,service,Bremsen,,,,neu,"Bremsen: Bremsscheiben hinten riefig, Kunde meldet Rubbeln.
Scheibenwischer schmieren, bitte erneuern.
Rückruf erwünscht bevor zusätzliche Arbeiten. Ersatzwagen geklärt, Klasse klein.
Fzg. steht auf dem Hof.
~~~~~~~~~~~~~
22.01.26 15:31 TS: Rückruf nicht erreicht, Mailbox"
844224,2026-07-16 09:20:03,2026-08-03 21:21:10,,false,2026-08-03 13:21:10,2026-07-30 09:18:52,2026-07-31 13:18:52,109719,145718,ZQC-K 603,ZZGRLEBV8VD791114,Skoda,Fabia,PJ,2022-07-14,83641,,3,Christian,Ludwig,Schlehenweg 88,70173,Stuttgart,christian.ludwig51@example.de,+49 (0)174 9985029,991734,36,🏁🔜Abgeholt/Ausgeliefert - Folgetermin offen,Vorgangsstatus,36|937|1088|485|45,2,538304|198409,109,false,0,0,damage,Parkschaden,Stoßstange vorne links|Schweller rechts,mittel,haftpflicht_gegner,abgeschlossen,"Kunde meldet: Parkschaden, Kunde hat Fotos gemacht. Stoßstange vorne links: Kratzer bis auf Grundierung, ca. 3 cm Durchmesser.
Schweller rechts ebenfalls: Kratzer bis auf Grundierung.
Kunde bittet um Rückruf bis Freitag. Kunde wartet vor Ort.
Haftpflicht Gegner, Gutachter beauftragt."
870110,2026-03-06 15:23:21,2026-03-12 06:35:59,,true,,2026-03-11 16:35:59,,106204,135045,QZ-DK 888,ZZAGX15R8WY055474,BMW,3er Touring,G21,2023-12-16,60808,,,Annika,Sauer,Ulmenstrasse 24,44137,Dortmund,annika_sauer@example.com,+49 (0)175 6651579,784485,157,🛒MECHANIK Teile vorab bestellen!,Vorgangsstatus,157|785|1174,1,205790,,false,2,87,service,Inspektion,,,,laufend,"BMW 3er Touring, QZ-DK 888
Kunde meldet: Inspektion nach Herstellervorgabe.
Kunde meldet Vibration ab 120 km/h.
Bitte anrufen wenn mehr anfällt als besprochen. Fzg. bleibt über Nacht da.
Termin nach Teileeingang.
~~~~~~~~~~~~~
12.03.26 15:23 Dispo: Kalkulation fertig, an Prüfer"
866558,2026-01-31 10:08:49,2026-02-05 20:40:26,,true,,2026-02-05 08:40:26,,101731,137814,QX-DB 274,ZZJMHEW87XG820761,Audi,A4 Avant,8W,2024-12-04,42111,,1,Jens,Winkler,Feldblumenweg 100,70173,Stuttgart,,0176 3869260,255010,92,😀↪🕧Kunde erreicht Meldet sich,Vorgangsstatus,92|926|489,2,972345|866569,,false,1,72,service,Räder und Reifen,,,,laufend,"Bei der Annahme festgestellt: Räderwechsel mit Wuchten, Reifendruck prüfen.
Bitte Softwarestand prüfen, Rückruf offen.
Leihwagen ja, Hol- und Bringservice ja.
~~~~~~~~~~~~~
06.02.26 13:08 K. Thiel: Rechnung geschrieben
07.02.26 15:08 K. Thiel: Rückruf nicht erreicht, Mailbox
08.02.26 18:08 K. Thiel: Ersatzteil eingetroffen, Termin vereinbaren"
856176,2026-02-20 16:00:41,2026-03-12 13:43:19,,true,2026-03-12 13:43:19,2026-03-04 17:53:37,2026-03-09 23:53:37,102802,149298,ZQS-FT 7,ZZEU3E4U5SD813556,VW,Polo,AW,2026-08-17,7121,,2,Marco,Zimmer,Zypressenweg 119,33098,Paderborn,mzimmer@example.de,+49 (0)159 5840289,650186,1153,👆🚚 Bringservice mit Folgetermin,Vorgangsstatus,1153|242|1002,1,457166,,false,4,131,service,Bremsen,,,,fertig,"VW Polo, ZQS-FT 7
KD meldet telefonisch: Bremsen quietschen, bitte prüfen.
Kunde wartet vor Ort."
836805,2026-07-11 07:13:45,2026-07-18 16:09:02,,false,2026-07-17 16:09:02,2026-07-13 07:24:30,2026-07-15 13:24:30,109433,145055,XQE-M 2,ZZFX5BSD7SA648289,Audi,A6 Avant,4K,2019-09-06,153100,Talblick Malerbetrieb AG,2,,,Lindenweg 27,38100,Braunschweig,kontakt.herrmann96@example.net,0155/6446812,879186,9,🏁 Abgeholt,Vorgangsstatus,9|392|51,1,536141,,false,3,144,service,Bremsen,,,,abgeschlossen,"Bremsen: Bremsflüssigkeit fällig, Beläge messen.
Innenraumfilter riecht, mit tauschen.
Kunde holt am Abend ab. Hol- und Bringservice gewünscht."
856983,2026-06-11 13:40:11,2026-06-17 20:32:40,,true,,2026-06-17 10:32:40,,119669,158367,ZQS-Y 105,ZZG0LWPL5VY586185,Audi,A4 Avant,8W,2015-03-26,216267,,,Oliver,Lehmann,Ulmenstrasse 19,13407,Berlin,olehmann@example.de,+49 (0)179 3005263,653169,18,☢️ Auftrag steht ☢️,Vorgangsstatus,18|946|1573|485,2,987956|068162,,true,1,68,damage,Vandalismus,Tür hinten links|Schweller links,leicht,selbstzahler,laufend,"Kunde bringt Fzg., Vandalismus, Kunde hat Anzeige aufgenommen. Tür hinten links feine Kratzspuren, ca. 40 cm.
Auch Schweller links beschädigt (Kratzer im Klarlack).
KVA erwünscht, bitte per Mail. Abholung durch Kunde am Nachmittag.
Kunde zahlt selbst, KVA vorab.
Kunde ist informiert, meldet sich.
~~~~~~~~~~~~~
16.06.26 18:40 F. Wendt: Teile bestellt, Nachricht an Dispo"
857831,2026-03-17 16:20:39,2026-03-17 19:20:39,,true,,,,115802,143889,ZQC-K 887,ZZHXHTDJ0S0422933,VW,Tiguan,5N,2016-05-20,224106,,1,Claudia,Riedel,Malvenweg 118,20359,Hamburg,claudia_riedel@example.de,+49 177 9101140,324332,1559,"🔧📞 Mechanik Termin bitte vereinbaren /Teile, Freigabe eingetroffen",Vorgangsstatus,1559|936|1573,0,,,false,3,139,damage,Hagelschaden,Heckklappe|Motorhaube|Dach,schwer,selbstzahler,neu,"Fzg. vorgefahren, Hagelschaden vom Unwetter am 12.03. Hagelschlag flächig, Heckklappe mit zahlreichen Dellen.
Motorhaube übersät mit Dellen, Zählung Dellenkarte offen.
Hagel: Dach betroffen, Lack laut Sichtprüfung intakt.
Kunde möchte Fzg. bis Monatsende zurück. Fzg. bleibt über Nacht da.
Kunde zahlt selbst, KVA vorab.
Kunde ist informiert, meldet sich.
~~~~~~~~~~~~~
22.03.26 21:20 Karosserie: Teile bestellt, Nachricht an Dispo"
862801,2026-04-30 09:46:32,2026-04-30 15:46:32,,true,,,,106560,153221,ZQR-X 223,ZZBEMH729SU263577,VW,Golf Variant,5H8,2020-11-24,60927,,2,Jens,Reuter,Lerchenstrasse 42,45127,Essen,jens.reuter@example.com,0159/6058615,625125,44,📆✔Termin vereinbart,Vorgangsstatus,44|946|1593,1,269445,117,false,1,93,damage,Auffahrunfall,Motorhaube|Stoßstange hinten links|Kotflügel hinten rechts,schwer,haftpflicht_gegner,neu,"VW Golf Variant, ZQR-X 223
Kunde meldet: Auffahrunfall, Polizei war vor Ort. Motorhaube punktuell, mehrere Stellen Träger verformt.
Weiterer Schaden Stoßstange hinten links, Teil gerissen und lose.
Kotflügel hinten rechts ebenfalls: Bauteil durchgebrochen.
Kunde wartet vor Ort.
Unfallgegner bekannt, Haftung dem Grunde nach unstrittig.
Freigabe eingetroffen, Teile bestellt.
~~~~~~~~~~~~~
04.05.26 14:46 TS: Ersatzteil eingetroffen, Termin vereinbaren
05.05.26 19:46 N. Ritter: Freigabe Versicherung eingetroffen
13.05.26 00:46 Teiledienst: Fzg. in Halle, Zerlegung begonnen"
838935,2026-06-25 13:29:31,2026-07-21 02:18:35,,true,,2026-07-20 14:18:35,,107871,139525,QQR-A 328,ZZA6NY50XRP253933,Skoda,Superb Combi,3V5,2017-08-02,78871,,2,Silke,Ziegler,Schlehenweg 53,65183,Wiesbaden,silke.ziegler88@example.com,0173 5974125,624070,26,👆🚚 Bringservice,Vorgangsstatus,26|237|488|1170,1,981562,,false,3,209,service,Ölwechsel,,,,laufend,"Kunde kommt ohne Termiin, Ölwechsel, Longlife zurücksetzen.
Servicerückstellung nicht erfolgt, bitte mitmachen.
Hol- und Bringservice gewünscht.
Kunde ist informiert, meldet sich.
~~~~~~~~~~~~~
30.06.26 14:29 Karosserie: Fzg. in Halle, Zerlegung begonnen"
825286,2026-07-06 15:22:11,2026-07-07 06:22:11,2026-07-10 17:09:45,false,,,,118813,144963,QQF-B 624,ZZE5XCKC8VL400063,Ford,Transit Custom,V362,2013-10-15,296847,,3,Ralf,Ritter,Lindenweg 44,06108,Halle (Saale),,0157 8126337,636064,35,☹️Absage Termin,Vorgangsstatus,35|182|476|496,2,546302|261189,,false,3,72,service,Ölwechsel,,,,storniert,"Lt. Kunde: Ölwechsel inkl. Filter nach Serviceplan.
Batterie schwach, Startprobleme morgens.
Kunde wartet, bitte zügig. Ersatzwagen geklärt, Klasse klein.
Termin nach Teileeingang.
~~~~~~~~~~~~~
10.07.26 20:22 TS: Endkontrolle offen
18.07.26 23:22 Teiledienst: KV an Kunde verschickt"
863189,2026-02-23 14:22:17,2026-03-20 10:50:58,,false,2026-03-19 11:50:58,2026-03-18 12:49:22,2026-03-18 18:49:22,120121,149729,QQH-H 33,ZZF7YAAS1RU369477,Opel,Corsa,F,2026-07-22,11280,,,Elke,Frank,Salbeiweg 41,90402,Nuernberg,,0162/7039732,009092,36,🏁🔜Abgeholt/Ausgeliefert - Folgetermin offen,Vorgangsstatus,36|398,2,738096|698270,,false,3,95,service,Ölwechsel,,,,abgeschlossen,"Ölwechsel: Ölservice fällig, Anzeige im Display.
Klimaanlage kühlt schlecht, bitte prüfen.
Bitte anrufen wenn mehr anfällt als besprochen."
825957,2026-05-13 17:38:21,2026-05-13 17:38:21,,true,,,,128845,158195,QQR-C 10,ZZEHUCK30TH400418,VW,Golf Variant,5H8,2024-12-06,25680,Sonnenhang Handel GmbH,2,Sabine,Albrecht,Wacholderweg 72,80331,Muenchen,salbrecht@example.net,0174/7775463,811291,88,🙂Vorgang angelegt,Vorgangsstatus,88|242,2,609348|810023,,false,4,238,service,Ölwechsel,,,,neu,"Kunde berichtet: Ölwechsel inkl. Filter nach Serviceplan.
Scheibenwischer schmieren, bitte erneuern.
Kunde wünscht Kostenrahmen vorab. Abholung durch Kunde am Nachmittag.
Kunde bekommt Zwischeninfo.
~~~~~~~~~~~~~
17.05.26 20:38 Lack: Rechnung geschrieben
21.05.26 21:38 K. Kliemann: Freigabe Versicherung eingetroffen"
862977,2026-01-17 11:45:38,2026-01-30 01:11:41,,false,2026-01-28 17:11:41,2026-01-27 17:14:09,2026-01-28 01:14:09,121683,151790,ZQD-T 88,ZZD1B1CM8TY670696,Skoda,Octavia Combi,NX5,2016-12-02,108322,Blauberg Elektrotechnik AG,2,,,Lindenweg 13,10247,Berlin,kgross@example.net,+49 157 7571883,325005,14,🚛✅ Ausgeliefert,Vorgangsstatus,14|242,2,878799|788240,,false,3,142,service,Bremsen,,,,abgeschlossen,"Bremsen: Bremsflüssigkeit fällig, Beläge messen.
Kunde meldet Vibration ab 120 km/h.
Bitte Rechnung an die Firma.
~~~~~~~~~~~~~
23.01.26 15:45 K. Krause: Kalkulation fertig, an Prüfer"
869381,2026-06-23 17:28:30,2026-07-15 19:15:06,,true,,2026-07-15 08:15:06,,107799,136697,ZQD-ZT 9036,ZZBHA8187TJ417208,Ford,Focus Turnier,DEH,2025-03-26,25109,Seeblick Fuhrpark AG,3,Karin,Peters,Tannenweg 116,38100,Braunschweig,karin_peters@example.net,+49 177 8585397,653350,89,😪☎Kunde nicht erreicht,Vorgangsstatus,89|918|614|50,2,644280|729772,,false,1,23,service,Räder und Reifen,,,,laufend,"Räder und Reifen: Räderwechsel Sommer auf Winter, Einlagerung vorhanden.
Servicerückstellung nicht erfolgt, bitte mitmachen.
Bitte Rechnung an die Firma. Abholung durch Kunde am Nachmittag.
Fotos liegen im Vorgang.
~~~~~~~~~~~~~
30.06.26 17:28 Servicebüro: Teile bestellt, Nachricht an Dispo"
863805,2026-03-26 12:01:48,2026-04-13 08:20:42,,false,2026-04-11 17:20:42,2026-04-07 12:10:22,2026-04-09 13:10:22,127694,148481,QQW-M 2991,ZZDKLCK92Y6394254,Audi,A3 Sportback,8Y,2018-02-13,199324,,2,Manuela,Frank,Schlehenweg 14,01067,Dresden,manuela.frank43@example.de,0159 5187130,068010,36,🏁🔜Abgeholt/Ausgeliefert - Folgetermin offen,Vorgangsstatus,36|946|1100|1615|1172|496,2,842000|971117,101,false,2,115,damage,Rangierschaden,Tür hinten links|Kotflügel vorne rechts,schwer,haftpflicht_gegner,abgeschlossen,"KD meldet telefonisch: Rangierschaden, Kunde schildert Hergang selbst. Tür hinten links: großflächig deformiert, ca. 40 cm.
Auch Kotflügel vorne rechts beschädigt (großflächig deformiert).
Unfallgegner bekannt, Haftung dem Grunde nach unstrittig.
Termin nach Teileeingang.
~~~~~~~~~~~~~
02.04.26 12:01 Annahme: KD inforimert, Termin steht
10.04.26 14:01 Annahme: Rückruf nicht erreicht, Mailbox"
855760,2026-01-30 11:59:21,2026-02-13 02:53:21,,false,2026-02-11 16:53:21,2026-02-09 13:41:48,2026-02-09 18:41:48,110783,144423,ZQR-VN 8151,ZZDPUAKF8SC159878,Audi,A4 Avant,8W,2015-01-16,244361,,2,Nadine,Nolte,Haselnussweg 36,40213,Duesseldorf,nnolte@example.de,0162 6353808,523236,14,🚛✅ Ausgeliefert,Vorgangsstatus,14|918|486,1,779794,,false,0,0,service,Ölwechsel,,,,abgeschlossen,"Kunde meldet: Ölwechsel, Longlife zurücksetzen.
Innenraumfilter riecht, mit tauschen.
Bitte anrufen wenn mehr anfällt als besprochen. Kunde wartet vor Ort."
889496,2026-01-30 14:46:54,2026-02-26 13:28:05,,true,2026-02-25 15:28:05,2026-02-21 14:57:27,2026-02-22 15:57:27,106803,136645,QQS-FS 283,ZZCNELZD7VE047574,VW,Polo,AW,2016-05-10,244550,,3,Manuela,Seidel,Akazienweg 15,04109,Leipzig,manuela_seidel@example.org,0178 7458718,642201,39,📞🔜✔️Abholbereit Folgetermin vereinbaren,Vorgangsstatus,39|796|498,1,801589,,false,2,8,service,Bremsen,,,,fertig,"Kunde meldet: Bremsen quietschen, bitte prüfen.
Klimaanlage kühlt schlecht, bitte prüfen.
Kunde fragt nach Ersatzwagen.
Teile bestellt, Liefertermin offen.
~~~~~~~~~~~~~
06.02.26 15:46 U. Albrecht: Kalkulation fertig, an Prüfer"
863074,2026-02-18 09:12:19,2026-02-18 22:12:19,,true,,,,123517,157455,ZQS-YR 61,ZZA2VE692YB968338,Mercedes,Sprinter,W907,2013-01-13,83085,,3,Nicole,Winkler,Buchenallee 11,20359,Hamburg,nwinkler@example.org,+49 170 8661066,413796,44,📆✔Termin vereinbart,Vorgangsstatus,44|241|611,3,794238|456158|403735,,false,1,42,service,Ölwechsel,,,,neu,"Mercedes Sprinter, ZQS-YR 61, km 83085
Bei der Annahme festgestellt: Ölwechsel inkl. Filter nach Serviceplan.
Kunde wünscht Kostenrahmen vorab. Leihwagen nein, Kunde wartet."
844402,2026-02-22 08:50:21,2026-03-10 04:20:20,,true,,2026-03-09 08:20:20,,119156,143230,QQF-S 57,ZZC3GRKCXS3644893,BMW,1er,F40,2022-01-18,33711,,,Annika,Albrecht,An der Bleiche 6,76133,Karlsruhe,,0176 7970187,159906,1291,Fahrzeug reinholen,Vorgangsstatus,1291|393|480,1,051627,,false,1,55,service,Räder und Reifen,,,,laufend,"Kunde kommt ohne Termin, Räderwechsel mit Wuchten, Reifendruck prüfen.
Kunde meldet Geräusch beim Lenken.
Kunde fragt nach Ersatzwagen. Leihwagen ja.
Fotos liegen im Vorgang.
~~~~~~~~~~~~~
26.02.26 12:50 Teiledienst: KV an Kunde verschickt"
877197,2026-08-02 11:56:48,2026-08-11 16:46:31,,false,2026-08-10 13:46:31,2026-08-08 14:52:31,2026-08-08 19:52:31,112707,151258,QQ-FX 330,ZZJ53JBY0S5517584,Mercedes,Vito,W447,2023-04-01,53589,,2,Ulrike,Wendt,Amselweg 80,38100,Braunschweig,,0155/5006623,678267,1422,Fahrzeug abgeholt (/kommt nochmal),Vorgangsstatus,1422|241|489|45,0,,,false,2,18,service,HU/AU,,,,abgeschlossen,"HU/AU: TÜV/HU mit Abgasuntersuchung.
Kunde fragt nach Ersatzwagen. Leihwagen nein, Kunde wartet.
Termin nach Teileeingang."
895612,2026-06-28 07:38:26,2026-07-23 11:41:12,,false,2026-07-22 15:41:12,2026-07-19 11:22:46,2026-07-19 14:22:46,119067,137048,QQZ-G 120,ZZCSZP620W8755411,BMW,1er,F40,2026-03-28,9499,,2,Yvonne,Riedel,Bruehlstrasse 60,95444,Bayreuth,yriedel@example.net,0159 7202578,207055,121,abgerechnet ! Auftrag erledigt abgeschlossen,Vorgangsstatus,121|1563|1080|487,1,090770,121,false,1,73,damage,Steinschlag,Windschutzscheibe,mittel,teilkasko,abgeschlossen,"BMW 1er, QQZ-G 120
Kunde kommt ohne Termin, Steinschlag bei der Baustellenfahrt. Windschutzscheibe Steinschlag am Rand, Reparatur laut Prüfung möglich.
Kunde möchte wissen ob Instandsetzung reicht. Leihwagen ja.
Teilkasko, SB 150 EUR, KVA an Vers.
Termin steht, Dauer ca. 2 Tage."
884293,2026-05-10 12:04:10,2026-06-06 06:19:44,,true,,2026-06-04 15:19:44,,108505,141383,XQB-JR 3,ZZESGPU57WC994588,Mercedes,GLC,X254,2015-01-15,216056,,1,Sven,Lehmann,An der Bleiche 3,97070,Wuerzburg,slehmann@example.net,+49 (0)170 4194387,080711,91,🦊☎Haftung unklar Wiedervorlage,Vorgangsstatus,91|957|485|1013|497,1,522430,101,false,3,152,damage,Wildunfall,Kotflügel vorne rechts,leicht,teilkasko,laufend,"Mercedes GLC, XQB-JR 3
Kunde meldet: Wildunfall, Reh gegen Front, Wildbescheinigung liegt vor. Kotflügel vorne rechts Kratzer, Lack nicht durch, punktuell, mehrere Stellen.
Kunde möchte Fzg. bis Monatsende zurück. Hol- und Bringservice gewünscht.
Teilkasko läuft, SB laut Police 300 EUR.
Fotos liegen im Vorgang.
Versicherung: Nordstern Direkt, Schadennr. 79782674."
857015,2026-02-28 08:39:55,2026-03-18 19:55:50,,true,2026-03-17 14:55:50,2026-03-12 16:52:37,2026-03-15 20:52:37,120567,143549,ZQC-Z 313,ZZFGFKWH7W4267864,Opel,Mokka,U,2019-02-04,112222,Blauberg Elektrotechnik AG,,Heike,Brandt,Am Alten Sportplatz 10,22299,Hamburg,heike.brandt@example.com,+49 (0)155 5301115,829610,39,📞🔜✔️Abholbereit Folgetermin vereinbaren,Vorgangsstatus,39|938|501,1,448156,,false,2,34,damage,Rangierschaden,Heckklappe|Stoßstange hinten links,leicht,selbstzahler,fertig,"Kunde meldet: Rangierschaden, Poller übersehen. Heckklappe: Kratzer, Lack nicht durch, auf ganzer Länge.
Zusätzlich Stoßstange hinten links betroffen, Lackabrieb.
Kunde bittet um KVA.
Selbstzahler, keine Vers. im Spiel.
Nach Zerlegung nachkalkulieren.
~~~~~~~~~~~~~
01.03.26 09:39 Karosserie: Freigabe Versicherung eingetroffen"
841973,2026-08-01 07:58:22,2026-08-02 12:58:22,,true,,,,100039,156600,QQC-U 366,ZZFV8G678X9367921,VW,Touran,5T,2018-02-15,178177,,,Jonas,Keller,Salbeiweg 127,30655,Hannover,,+49 155 6334368,129424,28,❓Termin unsicher,Vorgangsstatus,28|936|1088,2,692664|147876,,false,4,216,damage,Auffahrunfall,Stoßstange vorne,mittel,selbstzahler,neu,"Kunde berichtet: Auffahrunfall, Polizei war vor Ort. Stoßstange vorne: Kunststoff eingedrückt, ca. 5 cm.
Kunde bittet um Rückruf bis Freitag.
Kunde zahlt selbst, KVA vorab.
Ersatzteil nur komplett lieferbar, Austausch statt Instandsetzung."
842345,2026-03-12 12:37:46,2026-03-24 11:02:20,,true,,2026-03-24 08:02:20,,109604,158200,ZQD-AS 18,ZZJPWZ1W6TU800237,Skoda,Octavia Combi,NX5,2014-12-01,174658,,1,Katrin,Sommer,Tannenweg 84,33098,Paderborn,katrin.sommer22@example.de,+49 178 0448762,690450,16,⚠️Warte auf Freigabe,Vorgangsstatus,16|951|399|45,1,041134,113,false,1,15,damage,Parkschaden,Kotflügel hinten rechts,leicht,vollkasko,laufend,"Skoda Octavia Combi, ZQD-AS 18, km 174658
Kunde kommt ohne Termin, Parkschaden vom Wochenende. Kotflügel hinten rechts ca. 15 cm Kratzer im Klarlack.
KVA erwünscht, bitte per Mail.
Vollkasko, SB 500 EUR, Schadenmeldung raus.
Fotos liegen im Vorgang.
Versicherung: Seeblick Kasko, Schadennr. 44222129."
855379,2026-01-16 11:57:31,2026-01-17 13:57:31,,true,,,,126470,136993,QZ-XA 18,ZZDLL0NE7XD410681,Mercedes,A-Klasse,W177,2017-05-27,209899,,,Daniel,Martens,Lerchenstrasse 94,71032,Boeblingen,daniel.martens57@example.org,+49 155 8744219,361128,27,✔️Termin bestätigt,Vorgangsstatus,27|954|598|110,2,006554|709332,,false,1,18,damage,Vandalismus,Kotflügel vorne links|Außenspiegel links|Außenspiegel rechts,mittel,selbstzahler,neu,"Kunde meldet: Vandalismus, Kunde hat Anzeige aufgenommen. Halterung gebrochen an Kotflügel vorne links, ca. 3 cm Durchmesser.
Zusätzlich Außenspiegel links betroffen, Kratzer bis auf Grundierung.
Außenspiegel rechts ebenfalls: Beule.
Kunde will erst nach Preis entscheiden.
Kunde zahlt selbst, KVA vorab.
Termin nach Teileeingang.
~~~~~~~~~~~~~
19.01.26 12:57 M. Gross: Teile bestellt, Nachricht an Dispo
23.01.26 17:57 M. Gross: KD informiert, Termin steht"
890645,2026-05-27 07:30:39,2026-06-06 12:26:41,,true,2026-06-05 10:26:41,2026-06-03 17:03:32,2026-06-03 20:03:32,110772,135611,QQ-MX 1409,ZZDN34HK7YC220940,Opel,Corsa,F,2013-03-21,208576,,,Susanne,Gross,An der Bleiche 93,71032,Boeblingen,,+49 170 2634697,719005,12,👍 Fertig zur Abholung,Vorgangsstatus,12|180|648,0,,,false,3,160,service,Inspektion,,,,fertig,"KD meldet telefonisch: Inspektion fällig, Kunde wünscht Kostenrahmen vorab.
Bitte Softwarestand prüfen, Rückruf offen.
Kunde wünscht Kostenrahmen vorab. Ersatzwagen geklärt, Klasse klein.
Kunde ist informiert, meldet sich.
~~~~~~~~~~~~~
30.05.26 12:30 E. Keller: Fzg. in Halle, Zerlegung begonnen"
866409,2026-04-11 08:23:28,2026-04-27 03:12:47,,true,,2026-04-26 16:12:47,,101351,138412,QQA-PS 352,ZZA6RF7A3SJ834830,Skoda,Karoq,NU7,2026-02-15,7296,,3,Sven,Martens,Nelkenstrasse 48,34117,Kassel,smartens@example.com,+49 157 7531649,951822,17,♻️In Bearbeitung,Vorgangsstatus,17|186|999,1,070083,,false,2,88,service,Bremsen,,,,laufend,"Skoda Karoq, QQA-PS 352
Bremsen: Bremsscheiben hinten riefig, Kunde meldet Rubbeln.
Kontrollleuchte Reifendruck ist an.
Bitte anrufen wenn mehr anfällt als besprochen. Leihwagen ja."
851094,2026-01-23 07:34:49,2026-02-12 01:56:06,,true,2026-02-10 12:56:06,2026-02-03 17:34:04,2026-02-08 20:34:04,123638,133726,QQD-KU 6242,ZZJTFGHS5XG380318,BMW,3er Touring,G21,2019-11-07,158293,,2,Dirk,Sommer,Feldblumenweg 121,22299,Hamburg,dsommer@example.net,0160 0007545,119893,39,📞🔜✔️Abholbereit Folgetermin vereinbaren,Vorgangsstatus,39|993,2,477720|243840,134,true,0,0,damage,Hagelschaden,Dach|Motorhaube|Heckklappe,mittel,teilkasko,fertig,"BMW 3er Touring, QQD-KU 6242
Bei der Annahme festgestellt: Hagelschaden vom Unwetter am 16.01. Dach mit mehreren Dellen aus Hagelschlag.
Motorhaube übersät mit Dellen, Zählung Dellenkarte offen.
Heckklappe übersät mit Dellen, Zählung Dellenkarte offen.
Bitte KVA vor Reparatur abstimmen. Abholung durch Kunde am Nachmittag.
Teilkasko läuft, SB laut Police 300 EUR.
Nach Zerlegung nachkalkulieren.
~~~~~~~~~~~~~
31.01.26 12:34 Annahme: Rückruf nicht erreicht, Mailbox
03.02.26 14:34 Lack: Fzg. in Halle, Zerlegung begonnen
10.02.26 16:34 M. Nolte: Teile bestellt, Nachricht an Dispo"
853843,2026-03-29 16:08:35,2026-04-17 15:19:48,,false,2026-04-16 08:19:48,2026-04-10 07:55:12,2026-04-13 11:55:12,122050,154344,XQS-N 711,ZZJJD3XK8VR098165,Skoda,Karoq,NU7,2019-01-21,71091,,1,Diana,Ziegler,Eichenweg 19,90402,Nuernberg,diana_ziegler@example.org,0176 0335646,022404,9,🏁 Abgeholt,Vorgangsstatus,9|796,2,945245|677654,,false,2,57,service,Inspektion,,,,abgeschlossen,"Kunde berichtet: Große Inspektion inkl. Innenraumfilter.
Klimaanlage kühlt schlecht, bitte prüfen.
Kunde fragt nach Ersatzwagen.
~~~~~~~~~~~~~
03.04.26 17:08 Annahme: KV an Kunde verschickt
11.04.26 19:08 TS: Ersatzteil eingetroffen, Termin vereinbaren"
832735,2026-01-12 08:49:45,2026-02-08 03:46:57,,false,2026-02-07 07:46:57,2026-02-01 10:27:13,2026-02-06 12:27:13,108016,132059,ZQR-J 4566,ZZDWWZCC4VF100743,Seat,Arona,KJ7,2023-11-22,25657,,,Diana,Franke,Malvenweg 41,68159,Mannheim,diana.franke17@example.com,0162 6074514,191875,36,🏁🔜Abgeholt/Ausgeliefert - Folgetermin offen,Vorgangsstatus,36|245,1,593851,,false,2,29,service,Inspektion,,,,abgeschlossen,"Fzg. vorgefahren, Große Inspektion inkl. Innenraumfilter.
Abholung durch Kunde am Nachmittag.
Teile bestellt, Liefertermin offen."
879298,2026-04-11 07:47:27,2026-04-28 01:50:25,,true,,2026-04-27 07:50:25,,112920,145169,QQM-R 650,ZZCAN5KX7SB802587,Mercedes,E-Klasse,W213,2024-09-03,21800,,,Andreas,Kuhn,Weissdornweg 14,60313,Frankfurt am Main,andreas.kuhn14@example.com,0157/5713254,953101,16,⚠️Warte auf Freigabe,Vorgangsstatus,16|395,0,,,false,1,47,service,HU/AU,,,,laufend,"Mercedes E-Klasse, QQM-R 650
Kunde bringt Fzg., HU/AU fällig, bitte mit Vorabcheck.
Rückruf erwünscht bevor zusätzliche Arbeiten. Fzg. bleibt über Nacht da.
Termin nach Teileeingang."
844069,2026-07-06 11:57:39,2026-07-30 14:39:02,,false,2026-07-30 13:48:14,2026-07-25 09:39:02,2026-07-30 14:39:02,110640,132965,ZQB-R 1847,ZZCSJ2ET3SX322752,Audi,A4 Avant,8W,2023-03-09,49193,,,Maria,Moser,Lerchenstrasse 132,12587,Berlin,mmoser@example.com,+49 162 4205508,373954,121,abgerechnet ! Auftrag erledigt abgeschlossen,Vorgangsstatus,121|950|1147,1,509387,134,false,0,0,damage,Steinschlag,Windschutzscheibe,leicht,teilkasko,abgeschlossen,"Fzg. vorgefahren, Steinschlag, Kunde meldet sich nach Kaskoauskunft. Steinschlag Windschutzscheibe im Sichtfeld Fahrer, Reparatur nicht möglich, Austausch nötig.
Bitte KVA vor Reparatur abstimmen. Abholung durch Kunde am Nachmittag.
TK vorhanden, SB 150 EUR.
Beilackierung notwendig.
Versicherung: Lindenhof Assekuranz, Schadennr. 48783349.
~~~~~~~~~~~~~
08.07.26 13:57 SB: Endkontrolle offen"
820869,2026-02-21 17:37:21,2026-02-28 23:23:04,,false,2026-02-28 07:23:04,2026-02-23 15:19:09,2026-02-26 20:19:09,103618,155380,QZ-S 2103,ZZJ1HAGW0SF671620,VW,Caddy,SB,2012-03-16,313517,,,Julia,Beck,Nelkenstrasse 80,40213,Duesseldorf,,0163/0347472,303224,41,🛑 Wartet auf Abholung durch Verwerter/Leasing/sonstige,Vorgangsstatus,41|785|99,2,598696|592404,,false,0,0,service,Bremsen,,,,abgeschlossen,"Bremsen: Bremsflüssigkeit fällig, Beläge messen.
Batterie schwach, Startprobleme morgens.
Kunde bittet um Kostenvoranschlag."
829689,2026-01-27 14:56:01,2026-01-29 04:56:01,,true,,,,126683,156075,ZQL-UL 83,ZZEBM3601TH891376,VW,Touran,5T,2022-12-26,52588,Altmuehl Fuhrpark GmbH & Co. KG,2,Anja,Heinrich,Quittenweg 129,52062,Aachen,anja_heinrich@example.de,0175 8089062,550668,530,🚀Auftrag erteilt/Teile vorbestellt/Termin wenn Teile da,Vorgangsstatus,530|946|1151|614|496,1,040170,104,false,2,59,damage,Vandalismus,Kotflügel hinten rechts,schwer,teilkasko,neu,"Fzg. vorgefahren, Vandalismus, Kunde hat Anzeige aufgenommen. Schaden an Kotflügel hinten rechts, Aufnahme abgerissen, ca. 5 cm.
Leihwagen ja.
TK deckt Glasschaden, SB 150 EUR.
Bitte Wiedervorlage in einer Woche.
~~~~~~~~~~~~~
02.02.26 18:56 U. Brandt: Endkontrolle offen"
894613,2026-03-11 14:25:22,2026-03-12 07:25:22,,true,,,,117639,150955,ZQR-U 3,ZZJ5WHUJ3RB423825,BMW,3er Touring,G21,2024-04-16,37553,Altmuehl Elektrotechnik e.K.,1,,,Quittenweg 30,90402,Nuernberg,kontakt.thiel95@example.org,+49 162 4065581,285023,44,📆✔Termin vereinbart,Vorgangsstatus,44|1308|860|1042,1,109541,,false,4,245,service,Räder und Reifen,,,,neu,"Räder und Reifen: Neue Reifen hinten, Kostenangebot Reifen erwünscht.
Servicerückstellung nicht erfolgt, bitte mitmachen.
Kunde wartet, bitte zügig.
~~~~~~~~~~~~~
16.03.26 16:25 S. Jung: Fzg. gewaschen, abholbereit"
851459,2026-01-24 12:21:03,2026-02-07 23:39:50,,false,2026-02-07 14:15:55,2026-02-04 12:39:50,2026-02-07 15:39:50,122991,153298,QQE-Y 37,ZZBZKS4P4WT803885,Ford,Fiesta,JHH,2021-06-12,88686,,,Florian,Lorenz,Zedernweg 45,01067,Dresden,florian_lorenz@example.com,0178/0495164,686461,1422,Fahrzeug abgeholt (/kommt nochmal),Vorgangsstatus,1422|245,1,352684,,false,1,39,service,Inspektion,,,,abgeschlossen,"Kunde bringt Fzg., Große Inspektion inkl. Innenraumfilter.
Scheibenwischer schmieren, bitte erneuern.
Kunde wartet, bitte zügig."
827140,2026-01-22 16:25:21,2026-01-23 05:25:21,,true,,,,107209,137229,QQC-LC 711,ZZFMW7E0XX4942314,VW,T-Roc,A11,2017-02-25,71128,Altmuehl Gartenbau AG,1,,,Haselnussweg 117,28203,Bremen,,+49 (0)159 8254658,249257,533,📲✅Vorkalkulation erledigt bitte Termin vereinbaren,Vorgangsstatus,533|950|1100|1594|610|1012|110,1,562725,101,false,1,90,damage,Parkschaden,Stoßstange vorne|Tür hinten links,leicht,haftpflicht_gegner,neu,"Fzg. vorgefahren, Parkschaden vom Wochenende. An Stoßstange vorne kleine Delle (ca. 5 cm).
Tür hinten links ebenfalls: Schrammen.
Kunde möchte Fzg. bis Monatsende zurück. Kunde wartet vor Ort.
Haftpflicht Gegner, Gutachter beauftragt.
Kunde ist informiert, meldet sich.
Versicherung: Nordstern Direkt, Schadennr. 14559776.
~~~~~~~~~~~~~
30.01.26 19:25 Servicebüro: Teile bestellt, Nachricht an Dispo
07.02.26 00:25 R. Baumann: Endkontrolle offen
14.02.26 03:25 Karosserie: Nachtrag: Kunde bittet um Verschiebung"
855146,2026-07-03 07:06:03,2026-07-31 02:57:55,,true,2026-07-30 16:57:55,2026-07-23 16:24:22,2026-07-27 23:24:22,106454,154378,QQ-V 329,ZZC03SRY3XD080559,Ford,Kuga,CX482,2016-06-17,209155,,3,Sebastian,Sommer,Ulmenstrasse 25,80331,Muenchen,ssommer@example.net,+49 (0)159 3671756,005699,12,👍 Fertig zur Abholung,Vorgangsstatus,12|241|614|1175,1,723480,,false,3,192,service,Ölwechsel,,,,fertig,"KD meldet telefonisch: Ölwechsel inkl. Filter nach Serviceplan.
Bitte anrufen wenn mehr anfällt als besprochen.
~~~~~~~~~~~~~
04.07.26 11:06 Teiledienst: Teile bestellt, Nachricht an Dispo
11.07.26 13:06 SB: Endkontrolle offen
18.07.26 17:06 Teiledienst: Ersatzteil eingetroffen, Termin vereinbaren"
859239,2026-01-26 10:17:38,2026-01-31 04:40:21,,true,,2026-01-29 15:40:21,,110097,149858,QQE-R 6293,ZZD8GLPW3RG610685,Skoda,Octavia Combi,NX5,2013-12-15,300965,Altmuehl Logistik GmbH & Co. KG,,,,Ginsterweg 55,63065,Offenbach am Main,kontakt_nolte@example.com,+49 (0)162 2020288,511438,18,☢️ Auftrag steht ☢️,Vorgangsstatus,18|954|1573|1013,1,648080,113,false,1,40,damage,Wildunfall,Kotflügel vorne links|Kotflügel vorne rechts|Stoßstange vorne rechts,mittel,vollkasko,laufend,"Skoda Octavia Combi, QQE-R 6293, km 300965
KD meldet telefonisch: Wildunfall am 24.01. früh morgens. An Kotflügel vorne links Beule (ca. 3 cm Durchmesser).
Kotflügel vorne rechts ebenfalls: Delle mit Lackschaden.
Weiterer Schaden Stoßstange vorne rechts, Beule.
Kunde fragt nach Smart Repair. Abholung durch Kunde am Nachmittag.
VK mit SB 500 EUR, Freigabe abwarten.
Ersatzteil im Rückstand, Kunde informiert.
~~~~~~~~~~~~~
03.02.26 14:17 Annahme: Kunde meldet sich wegen Termin"
886567,2026-05-22 12:20:21,2026-06-15 03:01:58,,true,,2026-06-14 12:01:58,,119650,155990,ZQL-C 6342,ZZGMWLDX4SJ169532,Opel,Mokka,U,2017-04-15,83966,,3,Jens,Ziegler,Eichenweg 77,28203,Bremen,jens.ziegler65@example.com,+49 174 1874090,593680,1291,Fahrzeug reinholen,Vorgangsstatus,1291|240|648|109,1,293716,,false,4,221,service,HU/AU,,,,laufend,"HU/AU: TÜV/HU mit Abgasuntersuchung.
Kunde meldet Vibration ab 120 km/h.
Bitte Rechnung an die Firma.
Teile bestellt, Liefertermin offen.
~~~~~~~~~~~~~
28.05.26 17:20 F. Riedel: Rückruf nicht erreicht, Mailbox"
866778,2026-07-21 08:01:01,2026-07-28 03:29:58,,true,2026-07-26 16:27:48,2026-07-23 10:29:58,2026-07-26 17:29:58,124866,156931,QQH-E 43,ZZGPZUSE5T0889327,Skoda,Octavia Combi,NX5,2021-03-12,119822,,2,Georg,Sommer,Weissdornweg 137,34117,Kassel,gsommer@example.de,0162 3294917,327663,38,👍 🔜Fertig zur Abholung mit Folgetermin,Vorgangsstatus,38|993|1149|1006|108,0,,,false,3,79,damage,Vandalismus,Fahrertür,leicht,selbstzahler,fertig,"Skoda Octavia Combi, QQH-E 43, km 119822
Kunde kommt ohne Termin, Vandalismus, Kunde hat Anzeige aufgenommen. Feine Kratzspuren an Fahrertür, punktuell, mehrere Stellen.
Kunde fragt nach Reparaturdauer.
Selbstzahler, Rechnung an Kunde.
Nach Zerlegung nachkalkulieren."
874843,2026-06-11 08:10:51,2026-07-12 00:58:28,,true,2026-07-10 13:58:28,2026-07-04 10:05:13,2026-07-08 18:05:13,106186,143757,XQL-HY 2168,ZZFGEE1Z7R2297273,Mercedes,Vito,W447,2014-04-24,223249,,3,Simone,Keller,Ulmenstrasse 107,52062,Aachen,simone.keller48@example.com,0171 2059411,963012,39,📞🔜✔️Abholbereit Folgetermin vereinbaren,Vorgangsstatus,39|950|486,1,984479,,false,3,151,damage,Rangierschaden,Außenspiegel links,schwer,selbstzahler,fertig,"Bei der Annahme festgestellt: Rangierschaden, Fahrer meldet Kontakt mit Mauer. Außenspiegel links Teil gerissen und lose, ca. 40 cm.
Bitte KVA vor Reparatur abstimmen. Leihwagen ja, Hol- und Bringservice ja.
Selbstzahler, keine Vers. im Spiel.
Bitte Wiedervorlage in einer Woche.
~~~~~~~~~~~~~
18.06.26 13:10 Servicebüro: Endkontrolle offen
22.06.26 15:10 M. Wendt: Rückruf nicht erreicht, Mailbox"
836941,2026-07-31 14:03:11,2026-08-06 15:51:50,,false,2026-08-06 15:51:50,2026-08-05 15:44:53,2026-08-05 18:44:53,122430,139128,QZ-WM 71,ZZHV61B6XT7460811,Mercedes,Sprinter,W907,2012-04-18,236482,,1,Birgit,Lang,Kastanienallee 54,28203,Bremen,birgit.lang66@example.de,0174 2418835,568046,36,🏁🔜Abgeholt/Ausgeliefert - Folgetermin offen,Vorgangsstatus,36|398|438|99,2,039348|801326,,false,2,70,service,HU/AU,,,,abgeschlossen,"Kunde meldet: HU überfällig seit letztem Monat.
Innenraumfilter riecht, mit tauschen.
Kunde wünscht Kostenrahmen vorab. Leihwagen ja.
~~~~~~~~~~~~~
02.08.26 16:03 Dispo: Nachtrag: Kunde bittet um Verschiebung
04.08.26 18:03 SB: Kunde meldet sich wegen Termin"
871673,2026-05-06 07:21:46,2026-05-16 05:27:47,,true,,2026-05-15 12:27:47,,105997,132457,XQM-WK 37,ZZHGKLR88WU143395,Skoda,Fabia,PJ,2016-08-20,144594,,3,Yvonne,Reuter,Birkenweg 90,06108,Halle (Saale),yvonne.reuter76@example.de,0175/5249879,345555,92,😀↪🕧Kunde erreicht Meldet sich,Vorgangsstatus,92|953|602|1172|496,2,087956|991198,104,true,2,59,damage,Rangierschaden,Stoßstange hinten rechts|Stoßstange vorne rechts,mittel,vollkasko,laufend,"Anruf Kunde: Rangierschaden, Fahrer meldet Kontakt mit Mauer. Stoßstange hinten rechts Kratzer bis auf Grundierung, ca. 5 cm.
Auch Stoßstange vorne rechts beschädigt (Halterung gebrochen).
Kunde bittet um Termiinvorschlag. Fzg. bleibt über Nacht da.
Vollkasko, Rückstufung mit Kunde besprochen.
~~~~~~~~~~~~~
10.05.26 12:21 M. Krause: Kalkulation fertig, an Prüfer
15.05.26 13:21 SB: KV an Kunde verschickt"
824089,2026-02-19 10:21:41,2026-03-11 01:37:05,,true,,2026-03-10 09:37:05,,115046,141575,QQF-KR 62,ZZETGXPE7XU393709,Audi,Q2,GA,2021-04-13,125573,,,Tobias,Pohl,Buchenallee 113,80331,Muenchen,tobias.pohl@example.net,+49 172 7177456,285992,37,🔜Neuer Folgetermin,Vorgangsstatus,37|186|1172,1,742069,,false,3,185,service,HU/AU,,,,laufend,"Lt. Kunde: TÜV Termin, Fzg. vorher durchsehen.
Bitte anrufen wenn mehr anfällt als besprochen.
Termin steht, Dauer ca. 2 Tage.
~~~~~~~~~~~~~
24.02.26 15:21 Karosserie: Endkontrolle offen
26.02.26 16:21 F. Reuter: KV an Kunde verschickt
05.03.26 20:21 F. Reuter: Kunde meldet sich wegen Termin"
852076,2026-06-25 11:51:33,2026-06-29 20:05:37,,true,,2026-06-29 13:05:37,,127618,151937,QQA-LE 404,ZZELEW8K1TY257891,Opel,Mokka,U,2012-06-11,216018,,,Helmut,Otto,Amselweg 42,86150,Augsburg,helmut.otto71@example.org,+49 (0)174 4210198,353811,157,🛒MECHANIK Teile vorab bestellen!,Vorgangsstatus,157|947,0,,,false,1,79,damage,Steinschlag,Windschutzscheibe,schwer,teilkasko,laufend,"Lt. Kunde: Steinschlag, Riss wird laut Kunde größer. Riss in Windschutzscheibe zieht sich über die halbe Breite.
Kunde bittet um Rückruf bis Freitag. Fzg. bleibt über Nacht da.
TK vorhanden, SB 150 EUR.
Versicherung: Altmuehl Versicherung, Schadennr. 49118377.
~~~~~~~~~~~~~
03.07.26 11:51 SB: Endkontrolle offen"
824137,2026-01-11 12:27:42,2026-02-09 16:43:58,,false,2026-02-08 13:43:58,2026-02-04 07:04:33,2026-02-05 12:04:33,124359,131271,QQE-Y 112,ZZE4UNBF0W7844381,Skoda,Octavia Combi,NX5,2021-04-18,129259,,,Andreas,Scholz,Salbeiweg 8,34117,Kassel,,0160/7275906,653198,121,abgerechnet ! Auftrag erledigt abgeschlossen,Vorgangsstatus,121|241,1,715231,,false,1,75,service,Inspektion,,,,abgeschlossen,"Skoda Octavia Combi, QQE-Y 112
Kunde bringt Fzg., Inspektion mit Pollenfilter und Bremsflüssigkeit.
Innenraumfilter riecht, mit tauschen.
Bitte anrufen wenn mehr anfällt als besprochen. Leihwagen ja, Hol- und Bringservice ja.
Fotos liegen im Vorgang.
~~~~~~~~~~~~~
16.01.26 13:27 Teiledienst: Ersatzteil eingetroffen, Termin vereinbaren"
864771,2026-07-29 10:52:57,2026-08-05 12:37:33,,true,2026-08-04 07:37:33,2026-08-01 16:26:58,2026-08-01 23:26:58,114718,132976,QQZ-ER 4318,ZZH4BY4C6SE395758,Audi,Q2,GA,2012-01-21,213243,,,Melanie,Pohl,Am Alten Sportplatz 124,30655,Hannover,,0155 6965457,024666,1153,👆🚚 Bringservice mit Folgetermin,Vorgangsstatus,1153|186,2,770543|917756,,false,2,92,service,HU/AU,,,,fertig,"Fzg. angeliefert, HU/AU fällig, bitte mit Vorabcheck.
Bitte anrufen wenn mehr anfällt als besprochen.
~~~~~~~~~~~~~
02.08.26 13:52 SB: Fzg. gewaschen, abholbereit"
848920,2026-01-28 13:20:54,2026-02-18 11:02:38,,true,,2026-02-17 08:02:38,,106358,150568,ZQR-E 3154,ZZA3JCDTXSY874361,VW,Golf,5H,2024-10-05,37051,,3,Christian,Heinrich,Ahornweg 139,60313,Frankfurt am Main,,+49 160 0414899,297495,33,⚠️Schadensfeststellung,Vorgangsstatus,33|180|598|994,0,,,false,1,21,service,Räder und Reifen,,,,laufend,"Anruf Kunde: Neue Reifen hinten, Kostenangebot Reifen erwünscht.
Innenraumfilter riecht, mit tauschen.
Kunde wartet vor Ort.
Kunde bekommt Zwischeninfo."
858123,2026-03-19 07:24:40,2026-03-30 10:08:50,,false,2026-03-29 16:08:50,2026-03-26 11:33:34,2026-03-27 16:33:34,107752,132046,XQA-K 82,ZZA4ZGMU3XX187359,Seat,Ibiza,KJ1,2014-12-04,150468,,2,Laura,Martens,Quittenweg 115,99084,Erfurt,laura.martens@example.net,+49 157 1746965,618927,9,🏁 Abgeholt,Vorgangsstatus,9|955|1086|1605|860,2,211338|516314,134,true,4,190,damage,Rangierschaden,Schweller links,mittel,haftpflicht_gegner,abgeschlossen,"Bei der Annahme festgestellt: Rangierschaden beim Rückwärtsfahren, Kamera verschmutzt. Delle mit Lackschaden an Schweller links, punktuell, mehrere Stellen.
Kunde fragt nach Reparaturdauer. Abholung durch Kunde am Nachmittag.
Unfallgegner bekannt, Haftung dem Grunde nach unstrittig.
Nach Zerlegung nachkalkulieren.
Versicherung: Lindenhof Assekuranz, Schadennr. 14145509.
~~~~~~~~~~~~~
24.03.26 10:24 TS: Kunde meldet sich wegen Termin
30.03.26 11:24 TS: Fzg. gewaschen, abholbereit
31.03.26 11:24 L. Nolte: Endkontrolle offen"
888308,2026-03-04 15:05:04,2026-03-07 10:46:39,,true,,2026-03-06 08:46:39,,118178,141537,ZQC-FR 1691,ZZCB527A6SV463942,Audi,Q3,F3,2015-12-27,205332,,,Klaus,Sauer,Ulmenstrasse 102,53111,Bonn,ksauer@example.de,0163/5779098,516145,34,🌗✔️Nachbestellung Termin bestätigt,Vorgangsstatus,34|1139|1088,0,,,false,0,0,damage,Steinschlag,Windschutzscheibe,leicht,teilkasko,laufend,"Kunde meldet: Steinschlag, Schaden am 26.02. bemerkt. Steinschlag Windschutzscheibe im Sichtfeld Fahrer, Reparatur nicht möglich, Austausch nötig.
Kunde bittet um Rückruf bis Freitag. Leihwagen ja, Hol- und Bringservice ja.
TK vorhanden, SB 150 EUR.
Ersatzteil nur komplett lieferbar, Austausch statt Instandsetzung.
~~~~~~~~~~~~~
10.03.26 16:05 Lack: Fzg. in Halle, Zerlegung begonnen
13.03.26 18:05 Lack: KD informiert, Termin steht
20.03.26 18:05 Dispo: KV an Kunde verschickt"
867265,2026-07-18 09:20:29,2026-08-14 01:59:40,,true,,2026-08-12 11:59:40,,125864,142343,XQA-ZC 34,ZZC3AC57XVX652471,VW,T6.1 Transporter,SG,2018-03-15,144333,Weidenhof Montage GmbH & Co. KG,,,,Drosselgasse 103,28203,Bremen,kkuhn@example.com,0170/5659035,572628,89,😪☎Kunde nicht erreicht,Vorgangsstatus,89|947|1620|1000,1,717860,128,false,1,73,damage,Auffahrunfall,Kotflügel hinten rechts|Stoßstange hinten|Kotflügel vorne links,mittel,haftpflicht_gegner,laufend,"VW T6.1 Transporter, XQA-ZC 34, km 144333
KD meldet telefonisch: Auffahrunfall an der Kreuzung, Schadenmeldung liegt vor. Kotflügel hinten rechts ca. 40 cm Riss im Lack.
Stoßstange hinten ebenfalls: Halterung gebrochen.
Kotflügel vorne links ebenfalls: Beule.
Kunde bittet um Terminvorschlag.
Unfallgegner bekannt, Haftung dem Grunde nach unstrittig.
Termin nach Teileeingang.
~~~~~~~~~~~~~
22.07.26 11:20 Dispo: Kalkulation fertig, an Prüfer
26.07.26 13:20 B. Engel: Leihwagen reserviert"
841953,2026-01-07 17:05:45,2026-01-08 19:05:45,,true,,,,124440,145985,QY-G 72,ZZBA8XTF3R5289702,Ford,Focus Turnier,DEH,2023-07-18,30801,,,Ulrike,Kaiser,Ahornweg 138,63065,Offenbach am Main,ulrike_kaiser@example.org,0172 8782653,923637,28,❓Termin unsicher,Vorgangsstatus,28|951|1013,2,676142|903830,109,false,4,187,damage,Steinschlag,Windschutzscheibe,leicht,teilkasko,neu,"Ford Focus Turnier, QY-G 72, km 30801
Bei der Annahme festgestellt: Steinschlag vom Lkw vor dem Fzg. Windschutzscheibe Steinschlag am Rand, Reparatur laut Prüfung möglich.
Fzg. bleibt über Nacht da.
Teilkasko, SB 150 EUR, KVA an Vers.
Kunde bekommt Zwischeninfo.
~~~~~~~~~~~~~
08.01.26 20:05 TS: Kunde meldet sich wegen Termin"
877345,2026-07-19 12:48:00,2026-08-12 19:47:18,,false,2026-08-12 12:47:18,2026-08-07 17:22:10,2026-08-11 01:22:10,117159,151750,XQM-PR 991,ZZH4XKYNXY7122829,BMW,X1,U11,2023-03-26,81106,Lindenhof Bau GmbH & Co. KG,3,Christian,Berger,Wacholderweg 4,10247,Berlin,christian.berger@example.net,+49 (0)176 9984899,718621,121,abgerechnet ! Auftrag erledigt abgeschlossen,Vorgangsstatus,121|393|101|156,0,,,false,2,130,service,Räder und Reifen,,,,abgeschlossen,"Kunde kommt ohne Termin, Räderwechsel Sommer auf Winter, Einlagerung vorhanden.
Innenraumfilter riecht, mit tauschen.
Kunde holt am Abend ab."
875486,2026-04-02 08:19:12,2026-04-10 23:07:39,,true,2026-04-09 08:42:57,2026-04-04 07:07:39,2026-04-09 10:07:39,117532,159374,QY-EZ 73,ZZHS0HJ56YN117180,BMW,3er Touring,G21,2025-06-09,22099,,3,Lena,Busch,Tannenweg 35,40213,Duesseldorf,lbusch@example.de,0157 6446122,750448,1153,👆🚚 Bringservice mit Folgetermin,Vorgangsstatus,1153|796|107,1,455467,,false,0,0,service,Bremsen,,,,fertig,"BMW 3er Touring, QY-EZ 73
Fzg. vorgefahren, Bremsflüssigkeit fällig, Beläge messen.
Innenraumfilter riecht, mit tauschen.
Bitte Rechnung an die Firma. Leihwagen ja.
Fotos liegen im Vorgang."
870462,2026-07-03 07:58:23,2026-07-18 22:33:31,,false,2026-07-17 14:33:31,2026-07-12 17:18:03,2026-07-15 01:18:03,113478,152787,XQR-B 47,ZZBH4VGT7TX067450,Audi,A1 Sportback,GB,2015-08-21,149864,,2,Silke,Ziegler,Veilchenweg 97,04109,Leipzig,,0170/7468948,255214,14,🚛✅ Ausgeliefert,Vorgangsstatus,14|182,1,608733,,false,2,96,service,Inspektion,,,,abgeschlossen,"Kunde meldet: Inspektion mit Pollenfilter und Bremsflüssigkeit.
Scheibenwischer schmieren, bitte erneuern.
Hol- und Bringservice gewünscht."
826654,2026-07-25 15:43:23,2026-07-30 22:09:44,,true,,2026-07-29 11:09:44,,101909,143116,QQV-C 432,ZZCSRPTRXTJ373294,BMW,5er Limousine,G30,2015-07-15,210732,,1,Elena,Kern,Wacholderweg 126,04109,Leipzig,ekern@example.com,0171/0338030,026126,16,⚠️Warte auf Freigabe,Vorgangsstatus,16|397|437|50,2,407838|820555,,false,1,28,service,Inspektion,,,,laufend,"Bei der Annahme festgestellt: Große Inspektion inkl. Innenraumfilter.
Kunde fragt nach Ersatzwagen. Abholung durch Kunde am Nachmittag.
Fotos liegen im Vorgang.
~~~~~~~~~~~~~
01.08.26 19:43 Karosserie: Freigabe Versicherung eingetroffen
03.08.26 22:43 Servicebüro: Rückruf nicht erreicht, Mailbox
08.08.26 23:43 T. Horn: KV an Kunde verschickt"
885750,2026-04-11 15:48:36,2026-05-03 19:35:48,,true,,2026-05-03 07:35:48,,114148,143530,QQV-FH 161,ZZCDEGD96XC291379,Mercedes,E-Klasse,W213,2022-05-27,73615,Talblick Logistik AG,,,,Zypressenweg 66,60313,Frankfurt am Main,kontakt.lehmann69@example.org,+49 (0)162 3574426,846540,495,👽⚡🛒Teil im Rückstand Fzg. teilrepariert beim Kunden,Vorgangsstatus,495|237|1173,0,,,false,1,63,service,Inspektion,,,,laufend,"Bei der Annahme festgestellt: Inspektion nach Herstellervorgabe.
Klimaanlage kühlt schlecht, bitte prüfen.
~~~~~~~~~~~~~
19.04.26 20:48 C. Jung: Rechnung geschrieben"
838742,2026-07-06 15:01:49,2026-07-28 15:19:11,,false,2026-07-27 15:19:11,2026-07-21 15:15:48,2026-07-25 18:15:48,103732,148583,QQA-K 935,ZZG4XH6Y0WF742614,Audi,Q2,GA,2025-05-14,34007,,1,Daniel,Graf,Wacholderweg 57,48143,Muenster,,+49 (0)171 6191261,636638,721,🌝 Fzg angekauft,Vorgangsstatus,721|948|1086|434,0,,,false,1,77,damage,Wildunfall,Stoßstange vorne rechts|Stoßstange vorne links,leicht,vollkasko,abgeschlossen,"KD meldet telefonisch: Wildunfall, Reh gegen Front, Wildbescheinigung liegt vor. Stoßstange vorne rechts: Druckstelle, über zwei Bauteile.
Weiterer Schaden Stoßstange vorne links, Kratzer, Lack nicht durch.
Bitte KVA vor Reparatur abstimmen.
Vollkasko, SB 500 EUR, Schadenmeldung raus.
Termin nach Teileeingang.
~~~~~~~~~~~~~
08.07.26 17:01 G. Reuter: KV an Kunde verschickt
16.07.26 17:01 Dispo: Fzg. gewaschen, abholbereit
18.07.26 22:01 Karosserie: Freigabe Versicherung eingetroffen"
858295,2026-07-29 11:48:48,2026-07-30 10:48:48,,true,,,,126103,154939,QY-L 684,ZZE1X74Z2WR011490,Mercedes,C-Klasse T-Modell,S206,2012-12-05,299969,,3,Gabriele,Winkler,Drosselgasse 81,80331,Muenchen,gwinkler@example.com,+49 (0)159 9199189,024830,1559,"🔧📞 Mechanik Termin bitte vereinbaren /Teile, Freigabe eingetroffen",Vorgangsstatus,1559|957|110,0,,,false,1,33,damage,Steinschlag,Windschutzscheibe,leicht,teilkasko,neu,"Kunde berichtet: Steinschlag auf der Autobahn. Windschutzscheibe mit Einschlag ca. 2 cm, Fahrerseite unten.
Kunde bittet um Rückruf bis Freitag.
Teilkasko, SB 150 EUR, KVA an Vers.
Termin nach Teileeingang.
~~~~~~~~~~~~~
05.08.26 14:48 D. Vogt: Teile bestellt, Nachricht an Dispo
06.08.26 18:48 D. Vogt: Rechnung geschrieben
10.08.26 19:48 D. Vogt: Leihwagen reserviert"
849458,2026-02-21 09:33:41,2026-03-17 18:59:47,,true,2026-03-17 13:59:47,2026-03-10 14:50:30,2026-03-14 22:50:30,100545,153301,QQV-LX 8538,ZZH6GA747YE963689,Ford,Focus Turnier,DEH,2017-01-03,224332,,,Elke,Kramer,Amselweg 132,79098,Freiburg,elke.kramer30@example.com,0159 4418462,312329,1153,👆🚚 Bringservice mit Folgetermin,Vorgangsstatus,1153|938|1087|648,1,698999,,false,2,92,damage,Hagelschaden,Dach|Motorhaube|Heckklappe,leicht,selbstzahler,fertig,"Ford Focus Turnier, QQV-LX 8538, km 224332
Lt. Kunde: Hagelschaden, Kunde meldet Unwetterschaden. Hagel: Dach betroffen, Lack laut Sichtprüfung intakt.
Motorhaube mit mehreren Dellen aus Hagelschlag.
Hagel: Heckklappe betroffen, Lack laut Sichtprüfung intakt.
Bitte KVA vor Reparatur abstimmen. Leihwagen ja.
Ohne Versicherung, Kunde entscheidet nach Preis.
Kunde ist informiert, meldet sich.
~~~~~~~~~~~~~
01.03.26 13:33 Dispo: KV an Kunde verschickt"
863652,2026-05-01 10:27:50,2026-05-01 23:27:50,2026-05-02 15:23:31,false,,,,109870,150135,ZQS-A 8195,ZZCD9HUN0TX152908,Skoda,Fabia,PJ,2015-08-12,197700,Weidenhof Pflegedienst GmbH & Co. KG,3,Stefan,Sommer,An der Bleiche 15,68159,Mannheim,ssommer@example.de,+49 (0)157 6096659,089333,35,☹️Absage Termin,Vorgangsstatus,35|1010|1572|1027|99,2,791238|541223,134,false,2,158,damage,Steinschlag,Windschutzscheibe,schwer,teilkasko,storniert,"Lt. Kunde: Steinschlag, Riss wird laut Kunde größer. Steinschlag Windschutzscheibe im Sichtfeld Fahrer, Reparatur nicht möglich, Austausch nötig.
Kunde fragt nach Reparaturdauer. Fzg. bleibt über Nacht da.
TK vorhanden, SB 150 EUR.
Versicherung: Lindenhof Assekuranz, Schadennr. 69778289.
~~~~~~~~~~~~~
02.05.26 13:27 D. Franke: Nachtrag: Kunde bittet um Verschiebung"
868442,2026-02-25 08:33:32,2026-03-11 12:12:11,,true,,2026-03-11 07:12:11,,108798,137077,ZQL-W 959,ZZCZFW527Y2582477,BMW,X1,U11,2012-06-16,223694,Nordlicht Pflegedienst GmbH & Co. KG,,Florian,Heinrich,Pappelallee 75,80331,Muenchen,florian_heinrich@example.org,0173/3468330,985369,11,👽💣Rückstand ohne Termin! Teilerückstand Fzg. bei uns,Vorgangsstatus,11|796|496,1,174215,,false,1,59,service,Inspektion,,,,laufend,"Fzg. angeliefert, Inspektion fällig, Kunde wünscht Kostenrahmen vorab.
Zusätzlich Klappern vorne rechts bei Bodenwellen.
Kunde wartet, bitte zügig. Leihwagen ja.
Bitte Wiedervorlage in einer Woche.
~~~~~~~~~~~~~
01.03.26 12:33 Dispo: Kunde meldet sich wegen Termiin
09.03.26 15:33 Teiledienst: Rückruf nicht erreicht, Mailbox"
846355,2026-08-07 07:54:41,2026-08-23 17:49:34,,false,2026-08-23 11:01:35,2026-08-19 08:49:34,2026-08-23 12:49:34,115238,138571,ZQB-M 919,ZZE2TXMB9YZ118297,Opel,Mokka,U,2025-02-21,23238,,1,Lars,Franke,Lerchenstrasse 104,70173,Stuttgart,lars_franke@example.de,0160 0571060,875322,121,abgerechnet ! Auftrag erledigt abgeschlossen,Vorgangsstatus,121|993,0,,,false,2,116,damage,Parkschaden,Heckklappe|Tür hinten links,mittel,gesteuert,abgeschlossen,"Kunde bringt Fzg., Parkschaden vor dem Supermarkt, niemand gemeldet. Schaden an Heckklappe, Halterung gebrochen, ca. 5 cm.
Zusätzlich Tür hinten links betroffen, Kunststoff eingedrückt.
Kunde möchte wissen ob Instandsetzung reicht.
Schadensteuerer hat KVA in Prüfung.
Termin steht, Dauer ca. 2 Tage.
Versicherung: Seeblick Kasko, Schadennr. 19975374.
~~~~~~~~~~~~~
14.08.26 08:54 TS: Freigabe Versicherung eingetroffen
19.08.26 12:54 TS: Teile bestellt, Nachricht an Dispo"
888387,2026-06-29 13:09:46,2026-06-30 12:05:37,,true,,2026-06-30 10:05:37,,129231,140260,ZQS-TA 82,ZZGVED7M6V1754762,Ford,Kuga,CX482,2020-01-16,149785,,1,Ralf,Moser,Kiefernweg 57,70173,Stuttgart,,0151/9137201,144178,91,🦊☎Haftung unklar Wiedervorlage,Vorgangsstatus,91|236|437|107,1,877492,,false,0,0,service,Inspektion,,,,laufend,"Ford Kuga, ZQS-TA 82, km 149785
Bei der Annahme festgestellt: Inspektion fällig, Kunde wünscht Kostenrahmen vorab.
Zusätzlich Klappern vorne rechts bei Bodenwellen.
Kunde wünscht Kostenrahmen vorab. Leihwagen nein, Kunde wartet.
Ersatzteil im Rückstand, Kunde informiert.
~~~~~~~~~~~~~
05.07.26 16:09 Karosserie: Freigabe Versicherung eingetroffen
08.07.26 17:09 SB: Ersatzteil eingetroffen, Termin vereinbaren"
874191,2026-03-22 12:01:26,2026-04-15 22:50:17,,true,,2026-04-15 10:50:17,,114628,142087,ZQD-F 66,ZZJMWX964XL987517,VW,Polo,AW,2022-12-03,33689,,3,Marco,Peters,Ulmenstrasse 7,22299,Hamburg,marco.peters62@example.org,+49 162 4537384,040765,33,⚠️Schadensfeststellung,Vorgangsstatus,33|237|612,1,579317,,false,1,8,service,Inspektion,,,,laufend,"Kunde meldet: Inspektion fällig, Kunde wünscht Kostenrahmen vorab.
Bitte Softwarestand prüfen, Rückruf offen.
Kunde wartet, bitte zügig. Leihwagen ja.
~~~~~~~~~~~~~
30.03.26 13:01 SB: Kalkulation fertig, an Prüfer
04.04.26 17:01 K. Scholz: Fzg. in Halle, Zerlegung begonnen"
844124,2026-04-07 13:23:37,2026-04-12 03:42:26,,true,,2026-04-10 12:42:26,,113518,141782,QZ-E 7701,ZZJLXTLH3WZ591490,VW,Touran,5T,2020-06-06,61403,,1,Ingrid,Heinrich,Weissdornweg 30,99084,Erfurt,ingrid.heinrich@example.de,0151 4869477,805000,157,🛒MECHANIK Teile vorab bestellen!,Vorgangsstatus,157|238|1249|498,1,323473,,false,1,91,service,Inspektion,,,,laufend,"VW Touran, QZ-E 7701
Anruf Kunde: Inspektion fällig, Kunde wünscht Kostenrahmen vorab.
Innenraumfilter riecht, mit tauschen.
Rückruf erwünscht bevor zusätzliche Arbeiten. Hol- und Bringservice gewünscht.
~~~~~~~~~~~~~
12.04.26 14:23 Lack: Rechnung geschrieben
20.04.26 14:23 Servicebüro: Leihwagen reserviert"
888738,2026-05-12 12:46:10,2026-05-20 21:16:17,,true,2026-05-20 07:42:24,2026-05-20 17:16:17,2026-05-20 20:16:17,112490,142867,XQE-L 516,ZZETPTJ40SH776143,Audi,A1 Sportback,GB,2022-12-04,33235,,3,Nicole,Lang,Ginsterweg 118,34117,Kassel,nlang@example.org,0175/0881112,191361,38,👍 🔜Fertig zur Abholung mit Folgetermin,Vorgangsstatus,38|236|496,1,024545,,false,1,68,service,Räder und Reifen,,,,fertig,"Räder und Reifen: Neue Reifen hinten, Kostenangebot Reifen erwünscht.
Bitte Softwarestand prüfen, Rückruf offen.
Rückruf erwünscht bevor zusätzliche Arbeiten. Ersatzwagen geklärt, Klasse klein.
Ersatzteil im Rückstand, Kunde informiert.
~~~~~~~~~~~~~
18.05.26 13:46 Dispo: KV an Kunde verschickt
26.05.26 17:46 Teiledienst: Rückruf nicht erreicht, Mailbox"
875513,2026-06-05 16:48:44,2026-06-17 02:29:04,,true,2026-06-16 08:10:20,2026-06-15 15:29:04,2026-06-16 19:29:04,102586,158314,XQM-PS 3054,ZZFAYKEE5X5536379,BMW,2er Active Tourer,U06,2013-05-17,97963,,2,Jana,Otto,An der Bleiche 65,80331,Muenchen,jana.otto34@example.de,+49 177 1398067,136250,12,👍 Fertig zur Abholung,Vorgangsstatus,12|954|1512|1266,0,,,false,2,72,damage,Steinschlag,Windschutzscheibe,mittel,teilkasko,fertig,"KD meldet telefonisch: Steinschlag auf der Autobahn. Windschutzscheibe Steinschlag am Rand, Reparatur laut Prüfung möglich.
Kunde fragt nach Reparaturdauer. Hol- und Bringservice gewünscht.
TK deckt Glasschaden, SB 150 EUR.
Kunde ist informiert, meldet sich.
Versicherung: Kiesbach Assekuranz, Schadennr. 45844000."
838740,2026-03-17 08:32:04,2026-04-15 04:46:37,,false,2026-04-14 15:43:01,2026-04-11 14:46:37,2026-04-14 16:46:37,103569,142060,XQD-AH 30,ZZH31GW64XB165337,Mercedes,Vito,W447,2021-10-18,48329,Lindenhof Vertrieb OHG,3,Melanie,Kern,Veilchenweg 127,97070,Wuerzburg,melanie_kern@example.com,0171 2116298,118172,121,abgerechnet ! Auftrag erledigt abgeschlossen,Vorgangsstatus,121|241,1,882201,,false,1,13,service,Inspektion,,,,abgeschlossen,"Anruf Kunde: Inspektion nach Herstellervorgabe.
Kunde wünscht Kostenrahmen vorab. Hol- und Bringservice gewünscht.
Teile bestellt, Liefertermin offen."
871259,2026-01-12 08:06:48,2026-01-26 20:41:10,,false,2026-01-26 16:41:10,2026-01-23 09:11:01,2026-01-23 11:11:01,119102,157174,QQB-LT 7408,ZZHLV87G2V9981341,Audi,A4 Avant,8W,2023-05-28,61214,,3,Elena,Lorenz,Salbeiweg 36,44137,Dortmund,elena.lorenz37@example.org,+49 178 7732447,117957,41,🛑 Wartet auf Abholung durch Verwerter/Leasing/sonstige,Vorgangsstatus,41|937|1586|1131,3,627772|261190|116273,121,false,0,0,damage,Auffahrunfall,Stoßstange vorne rechts,mittel,haftpflicht_gegner,abgeschlossen,"Audi A4 Avant, QQB-LT 7408
Anruf Kunde: Auffahrunfall, Kunde war selbst aufgefahren. Lack abgeplatzt an Stoßstange vorne rechts, ca. 3 cm Durchmesser.
Kunde möchte Fzg. bis Monatsende zurück. Leihwagen nein, Kunde wartet.
Haftpflicht Gegner, Schadennummer liegt vor.
Ersatzteil nur komplett lieferbar, Austausch statt Instandsetzung.
~~~~~~~~~~~~~
20.01.26 10:06 T. Kern: Teile bestellt, Nachricht an Dispo"
859369,2026-07-26 11:20:42,2026-07-26 19:20:42,,true,,,,124273,138757,QY-D 184,ZZB49H9D9YT854647,VW,Golf,5H,2020-09-14,67882,,2,Annika,Lehmann,Birkenweg 87,63065,Offenbach am Main,,+49 176 2214486,591368,28,❓Termin unsicher,Vorgangsstatus,28|950|437,1,186083,,false,3,116,damage,Parkschaden,Kotflügel hinten rechts|Motorhaube,leicht,selbstzahler,neu,"Kunde kommt ohne Termin, Parkschaden vom Wochenende. Schaden an Kotflügel hinten rechts, Druckstelle, ca. 5 cm.
Weiterer Schaden Motorhaube, feine Kratzspuren.
Kunde möchte wissen ob Instandsetzung reicht. Hol- und Bringservice gewünscht.
Ohne Versicherung, Kunde entscheidet nach Preis.
Ersatzteil nur komplett lieferbar, Austausch statt Instandsetzung.
~~~~~~~~~~~~~
02.08.26 11:20 Teiledienst: Freigabe Versicherung eingetroffen"
873582,2026-06-15 11:23:46,2026-06-24 23:35:06,,false,2026-06-24 15:53:30,2026-06-21 11:35:06,2026-06-24 18:35:06,126434,148113,ZQA-F 69,ZZCP9VWU5RY557293,Audi,Q3,F3,2017-02-28,179375,,3,Jens,Fiedler,Bruehlstrasse 122,99084,Erfurt,jens.fiedler@example.net,0173/5242500,154943,9,🏁 Abgeholt,Vorgangsstatus,9|926|501,1,199494,,false,2,87,service,HU/AU,,,,abgeschlossen,"Fzg. angeliefert, HU überfällig seit letztem Monat.
Zusätzlich Klappern vorne rechts bei Bodenwellen.
Kunde bittet um Kostenvoranschlag. Leihwagen ja.
Fotos liegen im Vorgang."
864894,2026-03-14 14:44:11,2026-03-14 17:44:11,,true,,,,106154,143453,QQN-GW 45,ZZA6XJX95TK759039,Audi,A6 Avant,4K,2025-09-17,25017,,3,Yvonne,Winkler,Haselnussweg 138,10247,Berlin,yvonne_winkler@example.org,0155 4281230,650709,530,🚀Auftrag erteilt/Teile vorbestellt/Termin wenn Teile da,Vorgangsstatus,530|240|613,1,329759,,false,2,97,service,Ölwechsel,,,,neu,"Audi A6 Avant, QQN-GW 45, km 25017
Kunde bringt Fzg., Ölwechsel inkl. Filter nach Serviceplan.
Kontrollleuchte Reifendruck ist an.
Kunde wartet, bitte zügig.
~~~~~~~~~~~~~
21.03.26 18:44 Teiledienst: Rechnung geschrieben"
832083,2026-04-16 11:15:20,2026-05-10 03:49:03,,false,2026-05-09 12:49:03,2026-05-05 10:35:22,2026-05-08 16:35:22,117547,141002,QQS-BT 77,ZZH7GRGA5T3450521,Audi,Q3,F3,2025-02-05,18011,Kieswerk Fuhrpark OHG,,Georg,Moser,Kiefernweg 25,01067,Dresden,georg.moser@example.org,0151 4064436,691540,36,🏁🔜Abgeholt/Ausgeliefert - Folgetermin offen,Vorgangsstatus,36|957|1512|1615|1174|1449,2,553223|693580,104,false,1,67,damage,Parkschaden,Stoßstange hinten,leicht,haftpflicht_gegner,abgeschlossen,"Kunde kommt ohne Termin, Parkschaden, Kunde hat Fotos gemacht. An Stoßstange hinten Schrammen (ca. 3 cm Durchmesser).
Kunde bittet um Terminvorschlag. Leihwagen ja.
Unfallgegner bekannt, Haftung dem Grunde nach unstrittig.
~~~~~~~~~~~~~
24.04.26 16:15 S. Riedel: KV an Kunde verschickt"
857533,2026-01-16 07:46:22,2026-01-29 16:50:26,,false,2026-01-29 07:25:07,2026-01-27 12:50:26,2026-01-29 14:50:26,128594,153122,ZQM-C 2536,ZZF8JVES6TF188266,Seat,Ateca,KH7,2026-01-16,7904,,2,Heike,Ludwig,Am Muehlbach 73,80331,Muenchen,heike.ludwig66@example.de,+49 (0)157 4462589,397732,14,🚛✅ Ausgeliefert,Vorgangsstatus,14|395,1,113579,,false,2,79,service,HU/AU,,,,abgeschlossen,"Fzg. angeliefert, HU überfällig seit letztem Monat.
Kunde bittet um Kostenvoranschlag.
Kunde bekommt Zwischeninfo.
~~~~~~~~~~~~~
19.01.26 08:46 TS: Rückruf nicht erreicht, Mailbox
20.01.26 12:46 Servicebüro: Fzg. gewaschen, abholbereit"
853534,2026-07-22 13:59:41,2026-08-08 09:39:57,,false,2026-08-08 09:39:57,2026-08-07 09:30:27,2026-08-07 17:30:27,128946,154419,QQL-L 337,ZZAZ0THN5V2369764,Opel,Vivaro,K0,2017-04-25,124212,,,Martin,Kramer,Schlehenweg 66,63065,Offenbach am Main,martin.kramer@example.org,0159/3841777,092622,121,abgerechnet ! Auftrag erledigt abgeschlossen,Vorgangsstatus,121|950|1001,1,617753,134,false,2,4,damage,Vandalismus,Außenspiegel links|Stoßstange hinten links,leicht,vollkasko,abgeschlossen,"Fzg. vorgefahren, Vandalismus, Schaden am 18.07. entdeckt. Lackabrieb an Außenspiegel links, ca. 3 cm Durchmesser.
Zusätzlich Stoßstange hinten links betroffen, Kratzer, Lack nicht durch.
Kunde bittet um Rückruf bis Freitag. Leihwagen ja.
VK mit SB 500 EUR, Freigabe abwarten.
Nach Zerlegung nachkalkulieren.
~~~~~~~~~~~~~
28.07.26 17:59 Lack: Rückruf nicht erreicht, Mailbox
31.07.26 22:59 Dispo: KV an Kunde verschickt
04.08.26 22:59 M. Fiedler: Leihwagen reserviert"
847721,2026-05-24 17:18:54,2026-06-13 21:47:11,,false,2026-06-12 10:31:21,2026-06-08 11:47:11,2026-06-12 15:47:11,111971,146806,QQT-T 99,ZZJDP5RNXR3547605,Ford,Kuga,CX482,2015-12-27,131816,,2,Elke,Hartmann,Sonnenblumenweg 136,99084,Erfurt,,0171/5019607,550436,41,🛑 Wartet auf Abholung durch Verwerter/Leasing/sonstige,Vorgangsstatus,41|947|994,1,345550,121,false,1,80,damage,Rangierschaden,Stoßstange vorne rechts|Stoßstange hinten rechts,mittel,vollkasko,abgeschlossen,"Ford Kuga, QQT-T 99
Fzg. vorgefahren, Rangierschaden am 22.05. beim Wenden. Schaden an Stoßstange vorne rechts, Kunststoff eingedrückt, ca. 5 cm.
Auch Stoßstange hinten rechts beschädigt (Lack abgeplatzt).
KVA erwünscht, bitte per Mail. Hol- und Bringservice gewünscht.
Vollkasko, Rückstufung mit Kunde besprochen.
Bitte Lackabgleich, Farbton prüfen.
Versicherung: Blauberg Allgemeine, Schadennr. 23160922.
~~~~~~~~~~~~~
01.06.26 22:18 TS: Rechnung geschrieben"
864049,2026-01-12 13:03:10,2026-01-31 02:46:02,,true,,2026-01-30 12:46:02,,103545,134941,QQW-JP 16,ZZJV5ZX0XYN079144,Seat,Leon,KL1,2018-09-18,179967,,1,Florian,Vogt,Weissdornweg 107,33098,Paderborn,florian.vogt@example.net,0171/0095139,495819,16,⚠️Warte auf Freigabe,Vorgangsstatus,16|955|1151|1601|598|99,2,464355|037002,113,false,4,120,damage,Auffahrunfall,Stoßstange vorne|Stoßstange hinten rechts,mittel,haftpflicht_gegner,laufend,"Seat Leon, QQW-JP 16
Kunde meldet: Auffahrunfall, Hergang lt. Kunde unklar. Beule an Stoßstange vorne, ca. 25 cm.
Auch Stoßstange hinten rechts beschädigt (Beule).
Kunde bittet um Rückruf bis Freitag.
Haftpflicht Gegner, Gutachter beauftragt.
Versicherung: Seeblick Kasko, Schadennr. 19543748.
~~~~~~~~~~~~~
15.01.26 14:03 SB: Endkontrolle offen
23.01.26 19:03 Teiledienst: Nachtrag: Kunde bittet um Verschiebung"
877344,2026-06-10 13:52:31,2026-06-11 15:52:31,,true,,,,128886,146939,XQE-L 63,ZZD4L58G8VR912842,Audi,A1 Sportback,GB,2019-04-26,48759,,1,Kerstin,Maurer,Ulmenstrasse 79,86150,Augsburg,,0177 9425580,079035,88,🙂Vorgang angelegt,Vorgangsstatus,88|938|1593,2,418493|719712,101,false,3,191,damage,Auffahrunfall,Stoßstange hinten links|Kotflügel vorne links|Heckklappe,leicht,haftpflicht_gegner,neu,"Bei der Annahme festgestellt: Auffahrunfall, Polizei war vor Ort. Stoßstange hinten links: Druckstelle, ca. 5 cm.
Weiterer Schaden Kotflügel vorne links, Kratzer im Klarlack.
Weiterer Schaden Heckklappe, Kratzer, Lack nicht durch.
Kunde bittet um Rückruf bis Freitag. Leihwagen ja.
Haftpflicht Gegner, Schadennummer liegt vor.
Versicherung: Nordstern Direkt, Schadennr. 72291727.
~~~~~~~~~~~~~
18.06.26 18:52 SB: Fzg. in Halle, Zerlegung begonnen
24.06.26 21:52 M. Heinrich: Kunde meldet sich wegen Termin"
895520,2026-03-23 08:36:52,2026-03-31 12:40:42,,true,,2026-03-30 09:40:42,,117243,130286,ZQR-D 25,ZZB2NU121WU864991,Ford,Transit Custom,V362,2013-02-15,140275,Nordlicht Vertrieb OHG,,,,Bruehlstrasse 8,48143,Muenster,,0170/9879859,485544,37,🔜Neuer Folgetermin,Vorgangsstatus,37|957|1081|2|996,1,474778,101,false,0,0,damage,Vandalismus,Stoßstange hinten rechts,mittel,teilkasko,laufend,"Kunde berichtet: Vandalismus, Verursacher unbekannt. Stoßstange hinten rechts Delle mit Lackschaden, ca. 5 cm.
Kunde bittet um Rückruf bis Freitag. Leihwagen nein, Kunde wartet.
TK deckt Glasschaden, SB 150 EUR.
Versicherung: Nordstern Direkt, Schadennr. 00764154."
820002,2026-04-27 11:00:24,2026-05-07 08:04:26,,false,2026-05-06 07:04:26,2026-04-30 17:48:47,2026-05-03 22:48:47,102669,149293,QX-U 64,ZZBP04DUXRX552270,Seat,Ateca,KH7,2020-09-21,99979,,1,Maria,Frank,Schlehenweg 38,68159,Mannheim,,+49 (0)163 2057096,118136,121,abgerechnet ! Auftrag erledigt abgeschlossen,Vorgangsstatus,121|950,2,519475|023743,,true,4,166,damage,Steinschlag,Windschutzscheibe,mittel,selbstzahler,abgeschlossen,"Kunde bringt Fzg., Steinschlag, Schaden am 21.04. bemerkt. Steinschlag Windschutzscheibe im Sichtfeld Fahrer, Reparatur nicht möglich, Austausch nötig.
Kunde bittet um KVA. Leihwagen ja, Hol- und Bringservice ja.
Selbstzahler, Rechnung an Kunde.
Kunde ist informiert, meldet sich.
~~~~~~~~~~~~~
03.05.26 12:00 I. Horn: Ersatzteil eingetroffen, Termin vereinbaren
08.05.26 14:00 Annahme: Endkontrolle offen"
888642,2026-02-27 13:06:25,2026-03-18 00:07:37,,false,2026-03-17 10:07:37,2026-03-14 13:09:10,2026-03-14 17:09:10,105107,158473,XQ-H 684,ZZJJV4C09X3714503,Ford,Kuga,CX482,2012-10-09,269505,,3,Annika,Heinrich,Erlenkamp 3,99084,Erfurt,annika_heinrich@example.com,+49 (0)170 8540299,973110,41,🛑 Wartet auf Abholung durch Verwerter/Leasing/sonstige,Vorgangsstatus,41|955|1080|1604|1449|496,2,536813|621841,109,false,1,61,damage,Parkschaden,Stoßstange hinten,schwer,haftpflicht_gegner,abgeschlossen,"Kunde kommt ohne Termin, Parkschaden in der Tiefgarage, Verursacher unbekannt. Stark eingedrückt an Stoßstange hinten, über zwei Bauteile.
Kunde möchte Fzg. bis Monatsende zurück. Leihwagen ja, Hol- und Bringservice ja.
Unfallgegner bekannt, Haftung dem Grunde nach unstrittig.
Ersatzteil nur komplett lieferbar, Austausch statt Instandsetzung.
Versicherung: Kiesbach Assekuranz, Schadennr. 78318893.
~~~~~~~~~~~~~
28.02.26 17:06 Annahme: Rückruf nicht erreicht, Mailbox"
823443,2026-07-18 11:10:48,2026-07-19 23:10:48,,true,,,,112893,145509,QQN-G 744,ZZHUUXAV6WK454647,Audi,Q2,GA,2014-09-01,139909,,1,Ulrike,Horn,Feldblumenweg 102,10247,Berlin,ulrike_horn@example.com,+49 155 0701364,842747,27,✔️Termin bestätigt,Vorgangsstatus,27|392|994|469,1,866946,,false,2,71,service,Inspektion,,,,neu,"Kunde kommt ohne Termin, Inspektion fällig, Kunde wünscht Kostenrahmen vorab.
Servicerückstellung nicht erfolgt, bitte mitmachen.
Kunde holt am Abend ab.
Kunde bekommt Zwischeninfo."
876444,2026-04-13 15:34:28,2026-04-17 17:53:55,,true,,2026-04-17 09:53:55,,129414,143777,QY-D 443,ZZBYZHX05Y6706432,BMW,5er Limousine,G30,2023-02-28,66121,,,Julia,Lang,Lerchenstrasse 82,79098,Freiburg,,+49 172 1257633,871217,1291,Fahrzeug reinholen,Vorgangsstatus,1291|395|489|497,1,791467,,false,0,0,service,HU/AU,,,,laufend,"Kunde berichtet: HU/AU fällig, bitte mit Vorabcheck.
Kunde fragt nach Ersatzwagen. Leihwagen ja, Hol- und Bringservice ja.
Kunde bekommt Zwischeninfo.
~~~~~~~~~~~~~
21.04.26 20:34 K. Moser: Nachtrag: Kunde bittet um Verschiebung
24.04.26 01:34 Lack: Endkontrolle offen"
898706,2026-04-21 13:01:56,2026-05-11 09:21:12,,true,,2026-05-10 07:21:12,,115964,156073,QQF-YV 77,ZZAK9PA94V2820713,VW,Caddy,SB,2016-07-22,213023,,1,Patrick,Brandt,Nelkenstrasse 100,93047,Regensburg,patrick_brandt@example.de,0152/1366653,116291,89,😪☎Kunde nicht erreicht,Vorgangsstatus,89|993|1087|51,2,612861|295186,121,false,0,0,damage,Steinschlag,Windschutzscheibe,schwer,teilkasko,laufend,"VW Caddy, QQF-YV 77
Anruf Kunde: Steinschlag vom Lkw vor dem Fzg. Windschutzscheibe mit Einschlag ca. 2 cm, Fahrerseite unten.
Bitte KVA vor Reparatur abstimmen. Hol- und Bringservice gewünscht.
TK vorhanden, SB 150 EUR.
~~~~~~~~~~~~~
26.04.26 15:01 B. Berger: Fzg. gewaschen, abholbereit
03.05.26 17:01 B. Berger: Rückruf nicht erreicht, Mailbox"
835914,2026-07-23 10:34:13,2026-08-15 05:07:50,,true,2026-08-14 07:16:53,2026-08-12 14:07:50,2026-08-14 22:07:50,111731,143856,QQE-PS 86,ZZHZ8FUF5TG978833,BMW,3er Touring,G21,2014-02-26,257062,,1,Helmut,Keller,Am Alten Sportplatz 83,63065,Offenbach am Main,helmut_keller@example.net,+49 162 5020097,744343,12,👍 Fertig zur Abholung,Vorgangsstatus,12|957|1081|1608|487,2,452164|989159,128,false,1,88,damage,Auffahrunfall,Stoßstange vorne|Stoßstange vorne links,mittel,haftpflicht_gegner,fertig,"Anruf Kunde: Auffahrunfall, Kunde war selbst aufgefahren. Stoßstange vorne über zwei Bauteile Kunststoff eingedrückt.
Stoßstange vorne links ebenfalls: Kunststoff eingedrückt.
Leihwagen ja, Hol- und Bringservice ja.
Gegnerische Haftpflicht reguliert, Haftung anerkannt.
Bitte Wiedervorlage in einer Woche.
Versicherung: Altmuehl Versicherung, Schadennr. 97717484.
~~~~~~~~~~~~~
27.07.26 13:34 A. Vogt: Fzg. in Halle, Zerlegung begonnen
03.08.26 13:34 TS: Ersatzteil eingetroffen, Termin vereinbaren"
841217,2026-04-16 14:49:55,2026-04-30 12:30:47,,false,2026-04-29 15:30:47,2026-04-28 16:08:40,2026-04-28 18:08:40,117095,157613,QQE-BK 5494,ZZFE2N4W2Y5721831,Ford,Fiesta,JHH,2019-11-10,155969,,1,Ralf,Haas,Tannenweg 66,95444,Bayreuth,ralf_haas@example.de,0174 9404472,452759,121,abgerechnet ! Auftrag erledigt abgeschlossen,Vorgangsstatus,121|952|1088|437|1449|156,2,920767|744838,121,false,2,69,damage,Hagelschaden,Heckklappe|Motorhaube,mittel,teilkasko,abgeschlossen,"Bei der Annahme festgestellt: Hagelschaden, Schaden erst später bemerkt. Heckklappe mit mehreren Dellen aus Hagelschlag.
Motorhaube mit mehreren Dellen aus Hagelschlag.
Kdune bittet um KVA. Hol- und Bringservice gewünscht.
Teilkasko läuft, SB laut Police 300 EUR.
Bitte Wiedervorlage in einer Woche.
~~~~~~~~~~~~~
24.04.26 17:49 SB: Teile bestellt, Nachricht an Dispo
25.04.26 20:49 Teiledienst: Fzg. gewaschen, abholbereit
02.05.26 20:49 S. Vogt: Rückruf nicht erreicht, Mailbox"
821901,2026-01-21 16:43:58,2026-02-06 01:58:43,,true,,2026-02-05 15:58:43,,127666,137242,XQD-K 24,ZZA5J5E76Y2776011,VW,Touran,5T,2021-01-02,41349,Rheinpfad Vertrieb OHG,,,,Veilchenweg 54,55116,Mainz,kontakt.graf31@example.com,0173 6866790,703474,16,⚠️Warte auf Freigabe,Vorgangsstatus,16|397|485|1172,1,857041,,false,1,52,service,HU/AU,,,,laufend,"VW Touran, XQD-K 24
HU/AU: TÜV Termin, Fzg. vorher durchsehen.
Kontrollleuchte Reifendruck ist an.
Kunde wünscht Kostenrahmen vorab.
Ersatzteil im Rückstand, Kunde informiert."
845060,2026-06-04 07:47:56,2026-06-29 04:54:39,,true,2026-06-28 15:54:39,2026-06-22 15:20:54,2026-06-25 17:20:54,126613,146597,XQ-KM 625,ZZCW281E2RG517079,BMW,3er Touring,G21,2014-03-12,254298,,,Jens,Wendt,Distelweg 12,45127,Essen,,+49 (0)151 1209517,714462,1153,👆🚚 Bringservice mit Folgetermin,Vorgangsstatus,1153|240|1027|470,1,912717,,false,4,154,service,Inspektion,,,,fertig,"Inspektion: Große Inspektion inkl. Innenraumfilter.
Kunde wartet, bitte zügig. Fzg. bleibt über Nacht da.
Bitte Wiedervorlage in einer Woche.
~~~~~~~~~~~~~
08.06.26 09:47 N. Seidel: Ersatzteil eingetroffen, Termin vereinbaren"
894046,2026-07-29 13:53:58,2026-08-18 20:01:34,,true,,2026-08-18 09:01:34,,106472,133528,QQF-F 7011,ZZB7GWXB4V5322781,BMW,1er,F40,2024-07-24,33173,,1,Petra,Maurer,Akazienweg 107,34117,Kassel,petra.maurer78@example.org,0159/7656291,405724,435,🕋🤔Antwort Versicherer/GA/Leasing/Kunde fehlt,Vorgangsstatus,435|936|1606|1175,1,641715,101,false,2,80,damage,Rangierschaden,Kotflügel vorne rechts|Stoßstange hinten links,schwer,gesteuert,laufend,"Bei der Annahme festgestellt: Rangierschaden beim Rangieren am Hof. Kotflügel vorne rechts ca. 40 cm Blech verzogen.
Weiterer Schaden Stoßstange hinten links, großflächig deformiert.
Fzg. bleibt über Nacht da.
Steuerung über Flottenpartner, Freigabe schriftlich nötig.
Beilackierung notwendig.
Versicherung: Nordstern Direkt, Schadennr. 14314312.
~~~~~~~~~~~~~
02.08.26 16:53 TS: Teile bestellt, Nachricht an Dispo"
843099,2026-04-19 08:04:53,2026-05-15 02:56:56,,false,2026-05-13 16:56:56,2026-05-06 09:25:42,2026-05-11 17:25:42,120621,153523,QX-TE 1787,ZZCEK98L8YM359420,Skoda,Superb Combi,3V5,2024-01-20,51534,,2,Daniel,Hartmann,Erlenkamp 112,45127,Essen,daniel_hartmann@example.com,0177 8585685,242767,14,🚛✅ Ausgeliefert,Vorgangsstatus,14|245|996,0,,,false,4,243,service,HU/AU,,,,abgeschlossen,"Fzg. angeliefert, TÜV/HU mit Abgasuntersuchung.
Kunde wartet vor Ort.
Termin steht, Dauer ca. 2 Tage."
858876,2026-07-22 08:37:10,2026-08-11 22:48:12,,true,,2026-08-11 11:48:12,,111448,133251,QQS-P 303,ZZA8667J4YW504479,Skoda,Scala,NW1,2019-02-08,143267,,1,Annika,Herrmann,Birkenweg 97,68159,Mannheim,annika_herrmann@example.de,0177/5431770,152869,157,🛒MECHANIK Teile vorab bestellen!,Vorgangsstatus,157|926|602|501,1,967801,,false,1,91,service,Bremsen,,,,laufend,"KD meldet telefonisch: Bremsflüssigkeit fällig, Beläge messen.
Bitte anrufen wenn mehr anfällt als besprochen. Ersatzwagen geklärt, Klasse klein.
~~~~~~~~~~~~~
25.07.26 08:37 SB: Endkontrolle offen"
838598,2026-07-05 10:37:29,2026-07-25 04:26:23,,true,,2026-07-24 08:26:23,,123060,143267,ZQC-S 2663,ZZDG9Y7Z3SZ150483,VW,Tiguan,5N,2025-05-23,20422,,,Christian,Beck,Drosselgasse 59,41061,Moenchengladbach,christian.beck@example.org,+49 (0)173 3959319,647700,89,😪☎Kunde nicht erreicht,Vorgangsstatus,89|395,1,936451,,false,4,157,service,HU/AU,,,,laufend,"VW Tiguan, ZQC-S 2663, km 20422
KD meldet telefonisch: TÜV Termin, Fzg. vorher durchsehen.
Klimaanlage kühlt schlecht, bitte prüfen.
Rückruf erwünscht bevor zusätzliche Arbeiten.
~~~~~~~~~~~~~
08.07.26 10:37 Annahme: Rechnung geschrieben"
884466,2026-01-27 12:26:17,2026-02-02 20:06:07,,true,2026-02-01 16:06:07,2026-01-31 09:40:05,2026-01-31 17:40:05,129646,134811,ZQC-V 5538,ZZAXFCSW4YE467386,VW,Passat Variant,3G5,2014-03-14,214345,,,Sven,Kramer,Ulmenstrasse 56,01067,Dresden,sven_kramer@example.com,+49 152 2371105,921091,1153,👆🚚 Bringservice mit Folgetermin,Vorgangsstatus,1153|392,1,781376,,false,2,149,service,Inspektion,,,,fertig,"VW Passat Variant, ZQC-V 5538, km 214345
Anruf Kunde: Große Inspektion inkl. Innenraumfilter.
Innenraumfilter riecht, mit tauschen.
Leihwagen nein, Kunde wartet.
Teile bestellt, Liefertermin offen.
~~~~~~~~~~~~~
29.01.26 16:26 Lack: Fzg. in Halle, Zerlegung begonnen"
833610,2026-03-05 08:34:00,2026-03-21 15:01:02,,true,,2026-03-20 13:01:02,,102149,155987,QQN-S 3510,ZZH7G0XBXXS898687,VW,Golf Variant,5H8,2026-08-13,10677,,,Sebastian,Ziegler,Buchenallee 73,50667,Koeln,sebastian_ziegler@example.com,+49 176 1263777,363366,157,🛒MECHANIK Teile vorab bestellen!,Vorgangsstatus,157|948,0,,,false,1,87,damage,Rangierschaden,Stoßstange hinten rechts|Kotflügel vorne rechts,mittel,selbstzahler,laufend,"KD meldet telefonisch: Rangierschaden beim Rückwärtsfahren, Kamera verschmutzt. Kunststoff eingedrückt an Stoßstange hinten rechts, ca. 10 cm.
Zusätzlich Kotflügel vorne rechts betroffen, Halterung gebrochen.
Bitte KVA vor Reparatur abstimmen. Hol- und Bringservice gewünscht.
Selbstzahler, keine Vers. im Spiel.
~~~~~~~~~~~~~
13.03.26 12:34 Dispo: Rückruf nicht erreicht, Mailbox
19.03.26 14:34 L. Schaefer: Fzg. in Halle, Zerlegung begonnen
22.03.26 18:34 Teiledienst: Leihwagen reserviert"
879088,2026-06-22 13:19:18,2026-06-24 03:19:18,,true,,,,117583,153479,QQB-BA 4911,ZZDBU68J8T0145100,Seat,Leon,KL1,2013-07-26,275407,Steinfurt Logistik OHG,,,,Ginsterweg 81,65183,Wiesbaden,kontakt.franke61@example.org,+49 (0)155 4775071,282496,88,🙂Vorgang angelegt,Vorgangsstatus,88|182|485|1200,1,420098,,false,2,134,service,Bremsen,,,,neu,"Seat Leon, QQB-BA 4911, km 275407
Bei der Annahme festgestellt: Bremsen quietschen, bitte prüfen.
Zusätzlich Klappern vorne rechts bei Bodenwellen.
Bitte anrufen wenn mehr anfällt als besprochen.
~~~~~~~~~~~~~
25.06.26 18:19 M. Brandt: Ersatzteil eingetroffen, Termin vereinbaren
01.07.26 22:19 Dispo: Nachtrag: Kunde bittet um Verschiebung"
821218,2026-02-17 14:12:36,2026-03-12 13:02:51,,true,,2026-03-12 11:02:51,,110431,158388,QQE-E 94,ZZEA9CLE7TL957648,BMW,5er Limousine,G30,2016-07-07,205446,,2,Sabine,Hartmann,Am Alten Sportplatz 42,55116,Mainz,shartmann@example.org,0159 9565030,723304,33,⚠️Schadensfeststellung,Vorgangsstatus,33|956|489|1006,1,797987,104,false,1,18,damage,Parkschaden,Stoßstange hinten links,mittel,vollkasko,laufend,"BMW 5er Limousine, QQE-E 94, km 205446
Fzg. vorgefahren, Parkschaden auf dem Parkplatz. Lack abgeplatzt an Stoßstange hinten links, über zwei Bauteile.
Kunde will erst nach Preis entscheiden. Ersatzwagen geklärt, Klasse klein.
Vollkasko, SB 500 EUR, Schadenmeldung raus.
Fotos liegen im Vorgang."
832910,2026-05-16 15:31:15,2026-06-01 17:32:20,,false,2026-05-31 10:32:20,2026-05-27 12:12:07,2026-05-30 20:12:07,122116,150158,QQT-U 116,ZZJ1AUP39YP654281,Opel,Mokka,U,2026-07-14,10921,,,Georg,Wendt,Kastanienallee 54,13407,Berlin,georg.wendt96@example.com,+49 170 3434543,864474,1422,Fahrzeug abgeholt (/kommt nochmal),Vorgangsstatus,1422|239|498,0,,,false,3,169,service,Räder und Reifen,,,,abgeschlossen,"Anruf Kunde: Reifen vorne abgefahren, Angebot erstellen.
Batterie schwach, Startprobleme morgens.
Bitte anrufen wenn mehr anfällt als besprochen. Fzg. bleibt über Nacht da.
Kunde ist informiert, meldet sich.
~~~~~~~~~~~~~
23.05.26 16:31 Teiledienst: Nachtrag: Kunde bittet um Verschiebung
26.05.26 16:31 Teiledienst: Fzg. gewaschen, abholbereit"
885200,2026-04-16 17:11:44,2026-05-16 21:21:43,,true,2026-05-15 17:21:43,2026-05-07 12:27:59,2026-05-12 17:27:59,124250,152937,QQW-ZY 17,ZZGJ1JH84RX854937,Opel,Astra Sports Tourer,L,2024-04-25,47007,,2,Jana,Busch,Erlenkamp 66,99084,Erfurt,jbusch@example.org,0170/2845034,142842,12,👍 Fertig zur Abholung,Vorgangsstatus,12|396|860|45,1,235736,,false,1,73,service,HU/AU,,,,fertig,"Opel Astra Sports Tourer, QQW-ZY 17
Fzg. angeliefert, TÜV/HU mit Abgasuntersuchung.
Zusätzlich Klappern vorne rechts bei Bodenwellen.
Rückruf erwünscht bevor zusätzliche Arbeiten. Hol- und Bringservice gewünscht.
Fotos liegen im Vorgang.
~~~~~~~~~~~~~
19.04.26 17:11 Annahme: Nachtrag: Kunde bittet um Verschiebung"
862097,2026-07-14 07:57:25,2026-07-20 11:37:42,,false,2026-07-19 15:37:42,2026-07-16 08:56:39,2026-07-18 16:56:39,120785,159618,QQB-TL 881,ZZBJ9JYW0WV262424,Audi,Q3,F3,2015-11-27,250677,,,Patrick,Maurer,Lerchenstrasse 126,80331,Muenchen,patrick_maurer@example.net,+49 162 9889889,863766,1422,Fahrzeug abgeholt (/kommt nochmal),Vorgangsstatus,1422|1308|996,1,120729,,false,2,71,service,Räder und Reifen,,,,abgeschlossen,"Audi Q3, QQB-TL 881, km 250677
Räder und Reifen: Räderwechsel mit Wuchten, Reifendruck prüfen.
Scheibenwischer schmieren, bitte erneuern.
Kunde fragt nach Ersatzwagen. Kunde wartet vor Ort."
848589,2026-06-17 15:22:04,2026-07-03 06:35:11,,true,,2026-07-01 16:35:11,,112223,156520,QQE-Y 394,ZZB463RS0SC732678,Mercedes,E-Klasse,W213,2012-09-06,121449,,,Uwe,Kliemann,Salbeiweg 98,60313,Frankfurt am Main,ukliemann@example.de,+49 172 5200783,330861,37,🔜Neuer Folgetermin,Vorgangsstatus,37|796|609,2,831300|449431,,false,3,225,service,Inspektion,,,,laufend,"Lt. Kunde: Inspektion mit Pollenfilter und Bremsflüssigkeit.
Klimaanlage kühlt schlecht, bitte prüfen.
Kunde wartet, bitte zügig. Kunde wartet vor Ort."
828596,2026-05-20 07:04:44,2026-05-21 14:04:44,,true,,,,107906,136753,ZQB-SP 451,ZZEB7HPA3YN588538,VW,Golf,5H,2023-01-07,78538,,3,Heike,Engel,Quittenweg 59,65183,Wiesbaden,heike.engel@example.com,+49 (0)157 0434962,890560,533,📲✅Vorkalkulation erledigt bitte Termin vereinbaren,Vorgangsstatus,533|180|497,0,,,false,2,133,service,HU/AU,,,,neu,"VW Golf, ZQB-SP 451
Fzg. angeliefert, HU/AU fällig, bitte mit Vorabcheck.
Zusätzlich Klappern vorne rechts bei Bodenwellen.
Kunde bittet um Kostenvoranschlag. Fzg. bleibt über Nacht da.
~~~~~~~~~~~~~
28.05.26 08:04 SB: Freigabe Versicherung eingetroffen"
899079,2026-03-16 16:20:10,2026-03-18 06:20:10,2026-03-21 14:34:25,false,,,,123959,134322,XQA-NX 516,ZZFW1W0X0XC588489,Mercedes,GLC,X254,2025-10-02,20754,,3,Marco,Lang,Rosmarinweg 105,60313,Frankfurt am Main,marco_lang@example.de,0175 7457311,976122,35,☹️Absage Termin,Vorgangsstatus,35|937|1573|485,2,027168|047016,,false,3,150,damage,Vandalismus,Stoßstange hinten,schwer,selbstzahler,storniert,"Bei der Annahme festgestellt: Vandalismus, Anzeige bei der Polizei erstattet. Schaden an Stoßstange hinten, großflächig deformiert, über zwei Bauteile.
Kunde bittet um Rückruf bis Freitag. Hol- und Bringservice gewünscht.
Kunde zahlt selbst, KVA vorab.
Teile bestellt, Liefertermin offen.
~~~~~~~~~~~~~
24.03.26 19:20 G. Zimmer: KD informiert, Termin steht"
880278,2026-04-18 15:53:51,2026-04-19 07:53:51,,true,,,,106712,149247,QQV-ZB 4120,ZZATP6DPXYX606914,Mercedes,Sprinter,W907,2012-11-10,157146,,3,Gabriele,Frank,Sonnenblumenweg 70,76133,Karlsruhe,gfrank@example.de,+49 173 3687717,300255,44,📆✔Termin vereinbart,Vorgangsstatus,44|946|532|1270,1,362939,101,true,2,19,damage,Hagelschaden,Motorhaube|Dach|Heckklappe,leicht,teilkasko,neu,"Mercedes Sprinter, QQV-ZB 4120, km 157146
Bei der Annahme festgestellt: Hagelschaden, mehrere Fzg. aus dem Ort betroffen. Motorhaube übersät mit Dellen, Zählung Dellenkarte offen.
Hagelschlag flächig, Dach mit zahlreichen Dellen.
Heckklappe übersät mit Dellen, Zählung Dellenkarte offen.
Kunde will erst nach Preis entscheiden.
Teilkasko, SB 150 EUR, KVA an Vers.
Nach Zerlegung nachkalkulieren.
Versicherung: Nordstern Direkt, Schadennr. 82725260.
~~~~~~~~~~~~~
20.04.26 15:53 Servicebüro: Freigabe Versicherung eingetroffen
22.04.26 17:53 TS: Kunde meldet sich wegen Termin
26.04.26 17:53 F. Thiel: KV an Kunde verschickt"
884952,2026-06-21 14:29:53,2026-06-29 13:50:53,,true,2026-06-28 17:50:53,2026-06-24 16:55:57,2026-06-27 17:55:57,120559,134420,ZQD-E 77,ZZJRKPGJ5R0306598,Ford,Puma,J2K,2022-05-09,63918,Seeblick Sanitaer OHG,3,Jan,Peters,Feldblumenweg 122,45127,Essen,jan.peters@example.org,0172/8405348,702338,12,👍 Fertig zur Abholung,Vorgangsstatus,12|395,1,971239,,false,3,166,service,Bremsen,,,,fertig,"Anruf Kunde: Bremsscheiben hinten riefig, Kunde meldet Rubbeln.
Klimaanlage kühlt schlecht, bitte prüfen.
Bitte Rechnung an die Firma. Fzg. bleibt über Nacht da.
Fzg. steht auf dem Hof."
845007,2026-04-30 09:39:53,2026-05-21 03:51:12,,true,,2026-05-20 10:51:12,,115060,138784,QQS-MS 61,ZZCNJUUT0SF115705,Opel,Mokka,U,2022-02-01,52819,Weidenhof Malerbetrieb GmbH,2,Birgit,Ziegler,Ahornweg 83,44137,Dortmund,birgit.ziegler@example.de,0171/9054744,862527,1291,Fahrzeug reinholen,Vorgangsstatus,1291|396,2,560699|717106,,false,3,197,service,Bremsen,,,,laufend,"Bremsen: Bremsflüssigkeit fällig, Beläge messen.
Kontrollleuchte Reifendruck ist an.
Kunde fragt nach Ersatzwagen.
Fotos liegen im Vorgang."
821520,2026-01-08 12:08:58,2026-01-28 04:41:34,,true,2026-01-26 07:30:49,2026-01-26 11:41:34,2026-01-26 19:41:34,104885,157030,XQA-G 8128,ZZJWSZHJ4WP855273,Skoda,Scala,NW1,2022-11-15,61267,,1,Jana,Seidel,Akazienweg 71,34117,Kassel,,0159/8706814,228311,38,👍 🔜Fertig zur Abholung mit Folgetermin,Vorgangsstatus,38|242|860|1000,1,987985,,false,2,95,service,Inspektion,,,,fertig,"Kunde meldet: Inspektion mit Pollenfilter und Bremsflüssigkeit.
Leihwagen ja.
~~~~~~~~~~~~~
13.01.26 15:08 Lack: Fzg. gewaschen, abholbereit
15.01.26 15:08 J. Moser: Fzg. in Halle, Zerlegung begonnen
21.01.26 15:08 J. Moser: Rechnung geschrieben"
829016,2026-04-13 15:19:21,2026-05-07 11:19:51,,true,,2026-05-07 11:19:51,,122249,131050,XQ-K 97,ZZH0T9L69TV599498,Mercedes,Vito,W447,2013-02-10,235723,,,Sabine,Ziegler,Ulmenstrasse 15,47051,Duisburg,sziegler@example.org,+49 155 2064935,948480,92,😀↪🕧Kunde erreicht Meldet sich,Vorgangsstatus,92|936|648|496,1,678209,117,false,2,44,damage,Parkschaden,Stoßstange vorne links,leicht,vollkasko,laufend,"Mercedes Vito, XQ-K 97, km 235723
Kunde berichtet: Parkschaden vom Wochenende. Stoßstange vorne links: Lackabrieb, handtellergroß.
Kunde bittet um KVA.
VK mit SB 500 EUR, Freigabe abwarten."
856795,2026-04-18 16:34:21,2026-05-13 09:08:31,,false,2026-05-13 07:08:31,2026-05-07 07:43:43,2026-05-11 15:43:43,124231,133650,ZQR-V 6444,ZZBBUN4K7W0253634,Audi,Q3,F3,2016-10-24,146458,,2,Katrin,Vogt,Sonnenblumenweg 97,99084,Erfurt,katrin.vogt@example.org,0152/2492250,899032,121,abgerechnet ! Auftrag erledigt abgeschlossen,Vorgangsstatus,121|241|99,1,013443,,false,1,24,service,Ölwechsel,,,,abgeschlossen,"Ölwechsel: Ölservice laut Serviceintervall, Öl 5W30.
Zusätzlich Klappern vorne rechts bei Bodenwellen.
Bitte anrufen wenn mehr anfällt als besprochen.
Kunde ist informiert, meldet sich.
~~~~~~~~~~~~~
24.04.26 16:34 Teiledienst: Endkontrolle offen"
848366,2026-05-05 11:40:23,2026-05-09 04:17:54,,true,,2026-05-07 13:17:54,,127446,146401,ZQC-BC 64,ZZJDHSS98TK214454,VW,Passat Variant,3G5,2020-03-08,133981,Nordlicht Elektrotechnik e.K.,2,,,Kastanienallee 128,22299,Hamburg,,+49 (0)159 1082568,536091,11,👽💣Rückstand ohne Termin! Teilerückstand Fzg. bei uns,Vorgangsstatus,11|948|1085|613|499,0,,,false,4,205,damage,Rangierschaden,Motorhaube|Kotflügel vorne links,leicht,gesteuert,laufend,"Kunde bringt Fzg., Rangierschaden, Poller übersehen. Kleine Delle an Motorhaube, auf ganzer Länge.
Zusätzlich Kotflügel vorne links betroffen, Kratzer, Lack nicht durch.
Kunde bittet um Terminvorschlag.
Steuerung über Flottenpartner, Freigabe schriftlich nötig.
Freigabe eingetroffen, Teile bestellt.
Steuerung: Kiesbach Schadenservice.
~~~~~~~~~~~~~
07.05.26 15:40 TS: Endkontrolle offen"
827439,2026-04-18 14:09:48,2026-04-19 16:09:48,,true,,,,104583,147640,QQF-X 96,ZZHR6RHBXTF060631,Mercedes,Sprinter,W907,2025-02-12,22114,,,Heike,Hartmann,Akazienweg 134,30655,Hannover,heike_hartmann@example.org,0170 7170917,593642,534,📲🔰DSA/Bilder/GA/Infos erhalten bitte Kalkulieren,Vorgangsstatus,534|948|1087,1,615947,134,false,0,0,damage,Auffahrunfall,Motorhaube,mittel,vollkasko,neu,"Mercedes Sprinter, QQF-X 96, km 22114
Lt. Kunde: Auffahrunfall, Kunde war selbst aufgefahren. Motorhaube auf ganzer Länge Delle mit Lackschaden.
Kunde fragt nach Reparaturdauer.
Vollkasko, Rückstufung mit Kunde besprochen.
Beilackierung notwendig.
Versicherung: Lindenhof Assekuranz, Schadennr. 36483252.
~~~~~~~~~~~~~
24.04.26 17:09 Servicebüro: KD informiert, Termin steht"
872821,2026-01-29 07:50:49,2026-01-29 22:50:49,,true,,,,124662,155309,QX-CN 5582,ZZCZXBRR0X3831529,Skoda,Kodiaq,NS7,2026-03-21,7152,,,Heike,Otto,Ulmenstrasse 35,85049,Ingolstadt,,+49 159 5223859,408283,534,📲🔰DSA/Bilder/GA/Infos erhalten bitte Kalkulieren,Vorgangsstatus,534|240|1147,1,954383,,false,2,70,service,Räder und Reifen,,,,neu,"Räder und Reifen: Neue Reifen hinten, Kostenangebot Reifen erwünscht.
Scheibenwischer schmieren, bitte erneuern.
Kunde fragt nach Ersatzwagen. Leihwagen nein, Kunde wartet.
Fotos liegen im Vorgang.
~~~~~~~~~~~~~
05.02.26 12:50 Dispo: Nachtrag: Kunde bittet um Verschiebung
06.02.26 15:50 TS: Rückruf nicht erreicht, Mailbox
12.02.26 19:50 Annahme: Fzg. gewaschen, abholbereit"
832696,2026-01-23 11:17:25,2026-02-05 00:16:29,,true,,2026-02-03 16:16:29,,109245,145211,ZQB-WZ 752,ZZGPXUHA1YC938359,VW,Golf Variant,5H8,2022-02-20,99610,,3,Annika,Moser,Am Muehlbach 20,50667,Koeln,amoser@example.net,+49 173 4627989,532542,435,🕋🤔Antwort Versicherer/GA/Leasing/Kunde fehlt,Vorgangsstatus,435|956|1585,2,512080|380111,104,false,2,125,damage,Hagelschaden,Motorhaube|Heckklappe,schwer,teilkasko,laufend,"VW Golf Variant, ZQB-WZ 752
Lt. Kunde: Hagelschaden nach dem Gewitter. Hagel: Motorhaube betroffen, Lack laut Sichtprüfung intakt.
Heckklappe übersät mit Dellen, Zählung Dellenkarte offen.
Kunde möchte Fzg. bis Monatsende zurück. Hol- und Bringservice gewünscht.
TK vorhanden, SB 150 EUR.
Fotos liegen im Vorgang.
Versicherung: Talblick Versicherung, Schadennr. 58595282.
~~~~~~~~~~~~~
30.01.26 16:17 Y. Dietrich: KV an Kunde verschickt
03.02.26 20:17 Annahme: Leihwagen reserviert"
842939,2026-02-27 17:49:47,2026-03-11 17:11:11,,false,2026-03-11 12:11:11,2026-03-04 13:43:06,2026-03-08 21:43:06,121188,140148,QQC-UW 9008,ZZBVF13U6VB771286,Skoda,Karoq,NU7,2017-06-21,90284,,,Ralf,Engel,Amselweg 127,70173,Stuttgart,ralf.engel73@example.org,+49 (0)174 4836170,284262,9,🏁 Abgeholt,Vorgangsstatus,9|1563|1572|612|997,1,267994,128,false,1,78,damage,Rangierschaden,Außenspiegel links,mittel,vollkasko,abgeschlossen,"Kunde meldet: Rangierschaden, Kunde schildert Hergang selbst. Außenspiegel links: Halterung gebrochen, auf ganzer Länge.
Kunde bittet um Terminvorschlag.
VK mit SB 500 EUR, Freigabe abwarten.
Termin nach Teileeingang.
~~~~~~~~~~~~~
01.03.26 17:49 Lack: Nachtrag: Kunde bittet um Verschiebung"
885805,2026-05-31 13:56:22,2026-06-07 00:46:07,,true,,2026-06-05 11:46:07,,117640,156658,XQS-KJ 11,ZZHXERHB7YL136485,Skoda,Superb Combi,3V5,2012-08-08,124368,,,Uwe,Peters,Birkenweg 57,34117,Kassel,uwe.peters@example.org,0160/8238771,603240,89,😪☎Kunde nicht erreicht,Vorgangsstatus,89|947|1571,2,820039|328740,104,true,2,119,damage,Hagelschaden,Dach|Motorhaube,leicht,teilkasko,laufend,"Skoda Superb Combi, XQS-KJ 11
KD meldet telefonisch: Hagelschaden nach dem Gewitter. Hagelschlag flächig, Dach mit zahlreichen Dellen.
Motorhaube mit mehreren Dellen aus Hagelschlag.
KVA erwünscht, bitte per Mail.
Teilkasko läuft, SB laut Police 300 EUR.
Teile bestellt, Liefertermin offen."
830416,2026-02-10 08:02:27,2026-03-06 17:28:12,,false,2026-03-05 08:28:12,2026-03-02 11:05:05,2026-03-03 19:05:05,113833,151753,ZQC-E 706,ZZJ2677Z9XM465772,Skoda,Karoq,NU7,2016-07-10,238045,Talblick Vertrieb AG,3,Petra,Riedel,Fliederweg 103,30655,Hannover,petra.riedel@example.com,0170/2278728,884530,14,🚛✅ Ausgeliefert,Vorgangsstatus,14|951|1585|1593|648,0,,,false,1,20,damage,Auffahrunfall,Kotflügel hinten links|Stoßstange vorne,leicht,haftpflicht_gegner,abgeschlossen,"Kunde bringt Fzg., Auffahrunfall, Hergang lt. Kunde unklar. Schaden an Kotflügel hinten links, Kratzer im Klarlack, ca. 15 cm.
Weiterer Schaden Stoßstange vorne, Schrammen.
Kunde bittet um Rückruf bis Freitag. Leihwagen nein, Kunde wartet.
Gegnerische Haftpflicht reguliert, Haftung anerkannt.
Bitte Kalkulation erstellen."
854548,2026-06-15 07:10:14,2026-06-15 09:10:14,2026-06-15 11:11:56,false,,,,122083,148794,QQK-V 6510,ZZDRLFDX1WC558264,Seat,Ibiza,KJ1,2015-12-06,87511,Seeblick Fuhrpark GmbH,,,,Ginsterweg 95,40213,Duesseldorf,kontakt_berger@example.net,0172 2290006,923873,15,🚧Wurde Totalschaden,Vorgangsstatus,15|1139|1088|1249,2,588751|049862,,false,1,79,damage,Steinschlag,Windschutzscheibe,mittel,selbstzahler,storniert,"Kunde meldet: Steinschlag bei der Baustellenfahrt. Windschutzscheibe mit Einschlag ca. 2 cm, Fahrerseite unten.
Kunde möchte wissen ob Instandsetzung reicht. Kunde wartet vor Ort.
Selbstzahler, keine Vers. im Spiel.
Kunde bekommt Zwischeninfo.
~~~~~~~~~~~~~
23.06.26 09:10 TS: Freigabe Versicherung eingetroffen"
866996,2026-06-27 10:25:17,2026-07-06 11:55:03,,true,,2026-07-06 10:55:03,,119939,153032,QQT-Y 93,ZZAB7Z1Y7YM290464,Seat,Leon,KL1,2018-02-16,105168,,2,Tobias,Gross,Akazienweg 71,99084,Erfurt,tobias.gross66@example.com,+49 177 7413298,868321,16,⚠️Warte auf Freigabe,Vorgangsstatus,16|396|486,1,767361,,false,2,84,service,Bremsen,,,,laufend,"Bremsen: Bremsbeläge vorne unter Mindeststärke.
Klimaanlage kühlt schlecht, bitte prüfen.
Rückruf erwünscht bevor zusätzliche Arbeiten.
~~~~~~~~~~~~~
03.07.26 12:25 Dispo: Leihwagen reserviert
08.07.26 13:25 TS: Fzg. gewaschen, abholbereit"
891707,2026-04-05 16:52:00,2026-04-06 21:52:00,,true,,,,124499,159645,QX-H 3857,ZZCH6RH97SM306866,Audi,Q3,F3,2023-04-22,81197,,,Ulrike,Franke,Feldblumenweg 22,34117,Kassel,ulrike.franke@example.net,+49 155 9418112,838730,88,🙂Vorgang angelegt,Vorgangsstatus,88|391|485|501,2,432754|614238,,false,2,130,service,Räder und Reifen,,,,neu,"Kunde kommt ohne Termin, Räderwechsel Sommer auf Winter, Einlagerung vorhanden.
Innenraumfilter riecht, mit tauschen.
~~~~~~~~~~~~~
09.04.26 16:52 Servicebüro: KV an Kunde verschickt
14.04.26 16:52 SB: Endkontrolle offen
17.04.26 16:52 Karosserie: Fzg. in Halle, Zerlegung begonnen"
898191,2026-08-05 16:00:15,2026-08-07 04:00:15,,true,,,,118166,158943,ZQ-KA 977,ZZBVJ1XV8SH699677,VW,Golf,5H,2024-06-25,32338,,,Kerstin,Sauer,Sonnenblumenweg 92,28203,Bremen,kerstin_sauer@example.net,0162/5177633,084258,88,🙂Vorgang angelegt,Vorgangsstatus,88|955|109,1,831758,109,false,2,95,damage,Rangierschaden,Kotflügel hinten rechts,mittel,vollkasko,neu,"Fzg. angeliefert, Rangierschaden beim Rangieren am Hof. An Kotflügel hinten rechts Kratzer bis auf Grundierung (ca. 5 cm).
Bitte KVA vor Reparatur abstimmen. Leihwagen ja.
Vollkasko, SB 500 EUR, Schadenmeldung raus.
Fzg. steht auf dem Hof."
853052,2026-03-01 13:28:59,2026-03-26 01:06:39,,true,2026-03-25 09:06:39,2026-03-19 15:29:46,2026-03-22 23:29:46,111722,141886,ZQL-N 9233,ZZDN22CR0VZ182620,Skoda,Scala,NW1,2023-08-03,52211,,3,Manuela,Frank,Tannenweg 126,45127,Essen,manuela_frank@example.net,0159/7045157,862056,12,👍 Fertig zur Abholung,Vorgangsstatus,12|397|612|999,2,866687|443283,,false,1,13,service,Räder und Reifen,,,,fertig,"Anruf Kunde: Räderwechsel Sommer auf Winter, Einlagerung vorhanden.
Kunde meldet Vibration ab 120 km/h.
Kunde wünscht Kostenrahmen vorab. Abholung durch Kunde am Nachmittag.
~~~~~~~~~~~~~
05.03.26 14:28 SB: Freigabe Versicherung eingetroffen
12.03.26 14:28 H. Lang: Nachtrag: Kunde bittet um Verschiebung
14.03.26 18:28 Annahme: KV an Kunde verschickt"
861729,2026-03-02 07:16:48,2026-03-04 05:01:02,,true,,2026-03-03 10:01:02,,124569,135432,QQZ-JT 32,ZZASYKYH9W7825283,Opel,Mokka,U,2022-11-13,88414,,2,Lena,Kern,Distelweg 107,33098,Paderborn,,+49 (0)174 5878764,817511,435,🕋🤔Antwort Versicherer/GA/Leasing/Kunde fehlt,Vorgangsstatus,435|237|610,0,,,false,4,39,service,HU/AU,,,,laufend,"HU/AU: TÜV Termin, Fzg. vorher durchsehen.
Klimaanlage kühlt schlecht, bitte prüfen.
Bitte anrufen wenn mehr anfällt als besprochen.
Fzg. steht auf dem Hof.
~~~~~~~~~~~~~
07.03.26 09:16 D. Riedel: Leihwagen reserviert
08.03.26 10:16 Teiledienst: Kalkulation fertig, an Prüfer"
889373,2026-06-17 13:39:34,2026-07-01 21:13:15,,false,2026-06-30 10:13:15,2026-06-22 12:14:24,2026-06-27 14:14:24,119044,147386,QQ-YL 853,ZZELBDN75YY419610,VW,Polo,AW,2020-05-23,116388,,,Markus,Maurer,Lindenweg 57,01067,Dresden,markus_maurer@example.de,0177/6590520,362398,721,🌝 Fzg angekauft,Vorgangsstatus,721|955|1571,2,445884|807278,128,false,1,75,damage,Parkschaden,Motorhaube|Tür hinten rechts,mittel,gesteuert,abgeschlossen,"Fzg. angeliefert, Parkschaden vom Wochenende. Motorhaube: Kunststoff eingedrückt, handtellergroß.
Tür hinten rechts ebenfalls: Lack abgeplatzt.
Kunde möchte wissen ob Instandsetzung reicht. Hol- und Bringservice gewünscht.
Gesteuerter Auftrag, RKÜ liegt noch nciht vor.
Bitte Lackabgleich, Farbton prüfen.
~~~~~~~~~~~~~
22.06.26 14:39 TS: Rechnung geschrieben
23.06.26 18:39 SB: Fzg. gewaschen, abholbereit
25.06.26 23:39 Karosserie: Ersatzteil eingetroffen, Termin vereinbaren"
843151,2026-02-21 10:11:16,2026-02-22 15:11:16,,true,,,,116098,145339,QQS-C 9273,ZZDP2H858YT271022,VW,T-Roc,A11,2023-10-26,51135,,,Tobias,Winkler,Pappelallee 14,34117,Kassel,twinkler@example.com,0151/6189181,289552,44,📆✔Termin vereinbart,Vorgangsstatus,44|938|1099|1566|1013|45,1,518063,,false,1,37,damage,Parkschaden,Stoßstange vorne rechts|Stoßstange hinten,mittel,selbstzahler,neu,"Lt. Kunde: Parkschaden, Kunde hat Fotos gemacht. Schaden an Stoßstange vorne rechts, Kunststoff eingedrückt, über zwei Bauteile.
Zusätzlich Stoßstange hinten betroffen, Delle mit Lackschaden.
Kunde bittet um Rückruf bis Freitag. Leihwagen ja, Hol- und Bringservice ja.
Selbstzahler, keine Vers. im Spiel.
Fzg. steht auf dem Hof.
~~~~~~~~~~~~~
23.02.26 12:11 S. Lorenz: Leihwagen reserviert
02.03.26 16:11 SB: KD informiert, Termin steht
07.03.26 17:11 Karosserie: Fzg. in Halle, Zerlegung begonnen"
880104,2026-02-03 11:50:54,2026-02-23 07:22:56,,true,2026-02-21 16:22:56,2026-02-20 09:33:22,2026-02-20 16:33:22,108175,148477,QQV-F 41,ZZBZUWXJXWH985846,VW,Passat Variant,3G5,2026-02-28,12989,,2,Uwe,Heinrich,Weissdornweg 52,76133,Karlsruhe,uwe.heinrich@example.com,0157 7706964,802101,39,📞🔜✔️Abholbereit Folgetermin vereinbaren,Vorgangsstatus,39|1308|597|1200,1,853255,,false,4,114,service,HU/AU,,,,fertig,"Kunde kommt ohne Termin, TÜV/HU mit Abgasuntersuchung.
Rückruf erwünscht bevor zusätzliche Arbeiten.
~~~~~~~~~~~~~
10.02.26 15:50 SB: Fzg. in Halle, Zerlegung begonnen
11.02.26 20:50 SB: Kalkulation fertig, an Prüfer"
894409,2026-08-09 15:30:39,2026-08-13 16:02:06,,true,,2026-08-13 07:02:06,,124731,134120,QQN-HZ 7535,ZZCRNK2L4SE170323,Skoda,Scala,NW1,2021-03-03,120536,,,Yvonne,Herrmann,Distelweg 4,85049,Ingolstadt,yvonne.herrmann@example.org,+49 152 4448055,889495,37,🔜Neuer Folgetermin,Vorgangsstatus,37|993|1084|101,1,040848,128,false,4,269,damage,Vandalismus,Schweller links|Beifahrertür,leicht,teilkasko,laufend,"Lt. Kunde: Vandalismus, Schaden am 05.08. entdeckt. Schweller links: feine Kratzspuren, ca. 25 cm.
Weiterer Schaden Beifahrertür, Schrammen.
Teilkasko läuft, SB laut Police 300 EUR.
Kunde bekommt Zwischeninfo.
~~~~~~~~~~~~~
11.08.26 15:30 Lack: Leihwagen reserviert
19.08.26 20:30 M. Berger: KD informiert, Termin steht"
875788,2026-06-09 17:52:10,2026-06-23 00:25:25,,true,2026-06-22 12:25:25,2026-06-19 07:24:36,2026-06-19 12:24:36,107847,133642,QQM-HD 4866,ZZBDF29V7V6866028,Mercedes,Vito,W447,2013-01-15,266984,,,Sebastian,Vogt,Kiefernweg 28,50667,Koeln,sebastian.vogt@example.net,+49 163 8772031,524812,39,📞🔜✔️Abholbereit Folgetermin vereinbaren,Vorgangsstatus,39|182|406|1220,1,028845,,false,1,45,service,Bremsen,,,,fertig,"Bremsen: Bremsbeläge vorne unter Mindeststärke.
Bitte anrufen wenn mehr anfällt als besprochen. Kunde wartet vor Ort.
Kunde ist informiert, meldet sich."
854767,2026-04-12 09:44:43,2026-04-30 17:05:08,,true,,2026-04-29 17:05:08,,118133,145184,QQB-LM 96,ZZDS4LGA4YJ128943,Skoda,Kodiaq,NS7,2023-05-02,35999,,,Martin,Nolte,Distelweg 48,28203,Bremen,martin.nolte@example.de,0159 4067553,786432,25,👇🚚 Holservice,Vorgangsstatus,25|240|476|469,1,627312,,false,4,151,service,Inspektion,,,,laufend,"Lt. Kunde: Inspektion fällig, Kunde wünscht Kostenrahmen vorab.
Batterie schwach, Startprobleme morgens.
Kunde wartet, bitte zügig. Kunde wartet vor Ort.
Fotos liegen im Vorgang.
~~~~~~~~~~~~~
18.04.26 14:44 S. Sommer: Fzg. in Halle, Zerlegung begonnen"
824102,2026-05-26 11:46:01,2026-05-31 12:23:12,,true,,2026-05-31 08:23:12,,127605,135157,QQC-T 724,ZZDGCYEB9X5303633,Skoda,Karoq,NU7,2025-08-05,17342,,3,Claudia,Winkler,Kiefernweg 126,10247,Berlin,,+49 179 4047096,719370,495,👽⚡🛒Teil im Rückstand Fzg. teilrepariert beim Kunden,Vorgangsstatus,495|240|486,0,,,false,0,0,service,Räder und Reifen,,,,laufend,"Bei der Annahme festgestellt: Neue Reifen hinten, Kostenangebot Reifen erwünscht.
Bitte Softwarestand prüfen, Rückruf offen.
~~~~~~~~~~~~~
28.05.26 12:46 S. Kern: KV an Kunde verschickt"
855298,2026-07-11 07:10:19,2026-07-30 17:30:39,,true,,2026-07-30 09:30:39,,110743,152728,ZQ-TD 63,ZZBZZ8GJ0YV287859,Audi,Q3,F3,2019-06-17,48902,,,Dirk,Thiel,Kastanienallee 60,28203,Bremen,,0170 8471418,988672,621,🕐⚡🛒 Teil immer noch nicht geliefert Termin kann nicht gehalten werden,Vorgangsstatus,621|938|609,1,078504,109,false,2,140,damage,Parkschaden,Stoßstange hinten|Stoßstange vorne links,leicht,vollkasko,laufend,"Kunde berichtet: Parkschaden auf dem Parkplatz. Stoßstange hinten handtellergroß Kratzer im Klarlack.
Weiterer Schaden Stoßstange vorne links, feine Kratzspuren.
Kunde fragt nach Smart Repair.
VK mit SB 500 EUR, Freigabe abwarten.
Fzg. steht auf dem Hof."
867957,2026-03-09 16:30:31,2026-04-04 17:30:08,,true,2026-04-03 17:30:08,2026-04-01 14:53:11,2026-04-03 15:53:11,117574,142227,QQZ-LC 8457,ZZC7H8080YA859369,Mercedes,C-Klasse T-Modell,S206,2019-04-12,58987,,1,Tobias,Zimmer,Ginsterweg 69,33098,Paderborn,tobias.zimmer73@example.de,0151 3198088,783270,1153,👆🚚 Bringservice mit Folgetermin,Vorgangsstatus,1153|948|602,1,129781,128,false,2,118,damage,Wildunfall,Kotflügel vorne links,schwer,teilkasko,fertig,"Anruf Kunde: Wildunfall, Reh gegen Front, Wildbescheinigung liegt vor. Kotflügel vorne links Teil gerissen und lose, über zwei Bauteile.
Kunde will erst nach Preis entscheiden.
Teilkasko, SB 150 EUR, KVA an Vers.
Termin steht, Dauer ca. 2 Tage."
885016,2026-03-12 14:48:34,2026-03-13 05:48:34,,true,,,,127311,140997,QQT-W 753,ZZHVA9Y12YM872920,Audi,A6 Avant,4K,2013-04-28,105494,,2,Hannah,Gross,Wacholderweg 26,70173,Stuttgart,hannah_gross@example.de,0159 6208899,266456,436,👋 Termin bitte vereinbaren /Teile/Freigabe/etc. eingetroffen,Vorgangsstatus,436|926|532|1002,1,093321,,false,3,160,service,HU/AU,,,,neu,"HU/AU: TÜV/HU mit Abgasuntersuchung.
Klimaanlage kühlt schlecht, bitte prüfen.
Kunde wartet, bitte zügig. Kunde wartet vor Ort.
Fotos liegen im Vorgang.
~~~~~~~~~~~~~
17.03.26 16:48 SB: KD informiert, Termin steht"
830098,2026-05-07 14:11:27,2026-05-16 19:16:01,,false,2026-05-15 15:16:01,2026-05-08 10:04:09,2026-05-12 17:04:09,129966,155477,ZQB-GF 9,ZZE25PG40VN128906,Audi,A4 Avant,8W,2026-05-12,9134,,2,Georg,Hahn,Espenstrasse 40,30169,Hannover,georg_hahn@example.net,+49 170 0906880,186985,41,🛑 Wartet auf Abholung durch Verwerter/Leasing/sonstige,Vorgangsstatus,41|394|1249|469,2,944626|597296,,false,4,86,service,Ölwechsel,,,,abgeschlossen,"Kunde kommt ohne Termin, Ölwechsel, Longlife zurücksetzen.
Bitte Rechnung an die Firma. Hol- und Bringservice gewünscht.
Termin nach Teileeingang.
~~~~~~~~~~~~~
15.05.26 15:11 Dispo: Leihwagen reserviert"
895316,2026-05-01 09:11:19,2026-05-22 04:16:10,,true,,2026-05-21 15:16:10,,121460,131313,QX-RT 2179,ZZDFS2B62T9863595,Seat,Ateca,KH7,2020-03-12,81215,,3,Katrin,Sauer,Weissdornweg 91,68159,Mannheim,,+49 (0)157 2896313,332315,89,😪☎Kunde nicht erreicht,Vorgangsstatus,89|954|2|1001,1,000379,134,false,2,88,damage,Vandalismus,Stoßstange hinten links|Tür hinten rechts,schwer,teilkasko,laufend,"KD meldet telefonisch: Vandalismus, Schaden am 28.04. entdeckt. Träger verformt an Stoßstange hinten links, ca. 3 cm Durchmesser.
Weiterer Schaden Tür hinten rechts, Bauteil durchgebrochen.
Kunde bittet um Terminvorschlag.
Teilkasko läuft, SB laut Police 300 EUR.
Termin nach Teileeingang."
843889,2026-05-10 09:55:47,2026-06-09 10:01:49,,true,2026-06-08 13:44:44,2026-06-04 13:01:49,2026-06-08 17:01:49,122830,152985,ZQL-JN 452,ZZGSVSTX4T9728117,VW,Passat Variant,3G5,2014-09-28,162217,,3,Sebastian,Sauer,Schlehenweg 127,55116,Mainz,sebastian.sauer@example.com,0173/3120869,855046,39,📞🔜✔️Abholbereit Folgetermin vereinbaren,Vorgangsstatus,39|1308|438|1175,2,244035|795430,,false,2,66,service,Bremsen,,,,fertig,"VW Passat Variant, ZQL-JN 452
Fzg. vorgefahren, Bremsen quietschen, bitte prüfen.
Innenraumfilter riecht, mit tauschen.
Kunde bittet um Kostenvoranschlag. Leihwagen ja."
843058,2026-06-09 17:55:16,2026-06-21 15:12:32,,false,2026-06-21 11:12:32,2026-06-20 13:28:26,2026-06-20 21:28:26,125803,157786,QZ-UD 31,ZZJJ9PKD5TJ487004,Audi,A3 Sportback,8Y,2018-01-11,175335,,3,Frank,Krause,Pappelallee 39,90402,Nuernberg,fkrause@example.net,+49 170 9977326,646877,36,🏁🔜Abgeholt/Ausgeliefert - Folgetermin offen,Vorgangsstatus,36|938|1086|1606|1172|469,1,385948,113,false,0,0,damage,Auffahrunfall,Motorhaube,leicht,haftpflicht_gegner,abgeschlossen,"Lt. Kunde: Auffahrunfall an der Kreuzung, Schadenmeldung liegt vor. Motorhaube: kleine Delle, ca. 3 cm Durchmesser.
Kunde wartet vor Ort.
Haftpflicht Gegner, Gutachter beauftragt.
Bitte Lackabgleich, Farbton prüfen.
~~~~~~~~~~~~~
15.06.26 19:55 Dispo: Kunde meldet sich wegen Termin"
830314,2026-05-01 11:03:19,2026-05-13 21:41:51,,false,2026-05-13 11:41:51,2026-05-07 08:02:40,2026-05-11 16:02:40,129057,148747,QQL-S 6179,ZZJDK6L90XS435902,Mercedes,GLC,X254,2014-03-06,127302,,3,Lena,Riedel,Rosmarinweg 60,38100,Braunschweig,lena.riedel18@example.org,+49 (0)175 2018876,471013,36,🏁🔜Abgeholt/Ausgeliefert - Folgetermin offen,Vorgangsstatus,36|484,1,851327,,false,3,144,service,Räder und Reifen,,,,abgeschlossen,"Mercedes GLC, QQL-S 6179
Räder und Reifen: Neue Reifen hinten, Kostenangebot Reifen erwünscht.
Scheibenwischer schmieren, bitte erneuern.
Kunde wünscht Kostenrahmen vorab. Abholung durch Kunde am Nachmittag.
Termin nach Teileeingang.
~~~~~~~~~~~~~
07.05.26 13:03 Lack: Rückruf nicht erreicht, Mailbox"
898686,2026-06-02 08:30:05,2026-06-08 17:21:24,,true,,2026-06-07 10:21:24,,119443,144334,XQB-NV 7246,ZZFX6YWGXSX838668,Skoda,Fabia,PJ,2013-10-22,272435,,2,Lukas,Schaefer,Drosselgasse 11,20359,Hamburg,lukas.schaefer@example.net,+49 (0)174 1034873,960343,495,👽⚡🛒Teil im Rückstand Fzg. teilrepariert beim Kunden,Vorgangsstatus,495|950|1573|1590|609|497,3,573150|865756|694036,101,true,1,75,damage,Parkschaden,Beifahrertür|Tür hinten links,leicht,gesteuert,laufend,"Skoda Fabia, XQB-NV 7246, km 272435
KD meldet telefonisch: Parkschaden auf dem Parkplatz. Beifahrertür Lackabrieb, ca. 5 cm.
Zusätzlich Tür hinten links betroffen, feine Kratzspuren.
Kunde bittet um KVA.
Schadensteuerer hat KVA in Prüfung.
Fzg. steht auf dem Hof.
Steuerung: Seeblick Leasing.
~~~~~~~~~~~~~
05.06.26 13:30 Servicebüro: Rückruf nicht erreicht, Mailbox"
823472,2026-05-02 14:07:21,2026-05-12 04:17:15,,true,,2026-05-11 11:17:15,,119205,156012,QQB-DY 2617,ZZGAAMTD5Y2534902,Ford,Transit Custom,V362,2026-08-03,8476,,,Maria,Lorenz,Ahornweg 108,52062,Aachen,maria.lorenz@example.com,+49 163 7542659,066209,435,🕋🤔Antwort Versicherer/GA/Leasing/Kunde fehlt,Vorgangsstatus,435|237|610,1,935874,,false,2,114,service,Bremsen,,,,laufend,"Ford Transit Custom, QQB-DY 2617
Bei der Annahme festgestellt: Bremsscheiben hinten riefig, Kunde meldet Rubbeln.
Kontrollleuchte Reifendruck ist an.
Kunde holt am Abend ab.
Kunde bekommt Zwischeninfo."
